19.8;
18.0;
17.6;
17.5;
17.6;
18.5;
23.6;
28.2;
28.7;
27.5;
26.7;
26.9;
28.4;
28.2;
26.6;
25.3;
25.4;
28.1;
32.5;
35.0;
32.8;
29.6;
26.7;
23.1;
19.8;
18.0;
17.6;
17.5;
17.6;
18.5;
23.6;
28.2;
28.7;
27.5;
26.7;
26.9;
28.4;
28.2;
26.6;
25.3;
25.4;
28.1;
32.5;
35.0;
32.8;
29.6;
26.7;
23.1;
19.9;
18.4;
17.3;
17.0;
16.9;
17.1;
18.4;
21.5;
25.5;
27.8;
28.4;
29.2;
30.4;
30.3;
29.0;
28.0;
28.1;
31.9;
34.9;
35.0;
31.0;
27.0;
25.8;
23.8;
22.2;
20.0;
18.8;
18.5;
18.2;
18.2;
18.4;
19.3;
23.2;
28.2;
31.7;
34.6;
35.0;
31.6;
27.9;
26.0;
25.0;
26.9;
30.0;
32.0;
30.3;
27.9;
25.8;
22.8;
19.8;
18.0;
17.6;
17.5;
17.6;
18.5;
23.6;
28.2;
28.7;
27.5;
26.7;
26.9;
28.4;
28.2;
26.6;
25.3;
25.4;
28.1;
32.5;
35.0;
32.8;
29.6;
26.7;
23.1;
19.8;
18.0;
17.6;
17.5;
17.6;
18.5;
23.6;
28.2;
28.7;
27.5;
26.7;
26.9;
28.4;
28.2;
26.6;
25.3;
25.4;
28.1;
32.5;
35.0;
32.8;
29.6;
26.7;
23.1;
19.8;
18.0;
17.6;
17.5;
17.6;
18.5;
23.6;
28.2;
28.7;
27.5;
26.7;
26.9;
28.4;
28.2;
26.6;
25.3;
25.4;
28.1;
32.5;
35.0;
32.8;
29.6;
26.7;
23.1;
19.8;
18.0;
17.6;
17.5;
17.6;
18.5;
23.6;
28.2;
28.7;
27.5;
26.7;
26.9;
28.4;
28.2;
26.6;
25.3;
25.4;
28.1;
32.5;
35.0;
32.8;
29.6;
26.7;
23.1;
19.8;
18.0;
17.6;
17.5;
17.6;
18.5;
23.6;
28.2;
28.7;
27.5;
26.7;
26.9;
28.4;
28.2;
26.6;
25.3;
25.4;
28.1;
32.5;
35.0;
32.8;
29.6;
26.7;
23.1;
19.9;
18.4;
17.3;
17.0;
16.9;
17.1;
18.4;
21.5;
25.5;
27.8;
28.4;
29.2;
30.4;
30.3;
29.0;
28.0;
28.1;
31.9;
34.9;
35.0;
31.0;
27.0;
25.8;
23.8;
22.2;
20.0;
18.8;
18.5;
18.2;
18.2;
18.4;
19.3;
23.2;
28.2;
31.7;
34.6;
35.0;
31.6;
27.9;
26.0;
25.0;
26.9;
30.0;
32.0;
30.3;
27.9;
25.8;
22.8;
19.8;
18.0;
17.6;
17.5;
17.6;
18.5;
23.6;
28.2;
28.7;
27.5;
26.7;
26.9;
28.4;
28.2;
26.6;
25.3;
25.4;
28.1;
32.5;
35.0;
32.8;
29.6;
26.7;
23.1;
19.8;
18.0;
17.6;
17.5;
17.6;
18.5;
23.6;
28.2;
28.7;
27.5;
26.7;
26.9;
28.4;
28.2;
26.6;
25.3;
25.4;
28.1;
32.5;
35.0;
32.8;
29.6;
26.7;
23.1;
19.8;
18.0;
17.6;
17.5;
17.6;
18.5;
23.6;
28.2;
28.7;
27.5;
26.7;
26.9;
28.4;
28.2;
26.6;
25.3;
25.4;
28.1;
32.5;
35.0;
32.8;
29.6;
26.7;
23.1;
19.8;
18.0;
17.6;
17.5;
17.6;
18.5;
23.6;
28.2;
28.7;
27.5;
26.7;
26.9;
28.4;
28.2;
26.6;
25.3;
25.4;
28.1;
32.5;
35.0;
32.8;
29.6;
26.7;
23.1;
19.8;
18.0;
17.6;
17.5;
17.6;
18.5;
23.6;
28.2;
28.7;
27.5;
26.7;
26.9;
28.4;
28.2;
26.6;
25.3;
25.4;
28.1;
32.5;
35.0;
32.8;
29.6;
26.7;
23.1;
19.9;
18.4;
17.3;
17.0;
16.9;
17.1;
18.4;
21.5;
25.5;
27.8;
28.4;
29.2;
30.4;
30.3;
29.0;
28.0;
28.1;
31.9;
34.9;
35.0;
31.0;
27.0;
25.8;
23.8;
22.2;
20.0;
18.8;
18.5;
18.2;
18.2;
18.4;
19.3;
23.2;
28.2;
31.7;
34.6;
35.0;
31.6;
27.9;
26.0;
25.0;
26.9;
30.0;
32.0;
30.3;
27.9;
25.8;
22.8;
19.8;
18.0;
17.6;
17.5;
17.6;
18.5;
23.6;
28.2;
28.7;
27.5;
26.7;
26.9;
28.4;
28.2;
26.6;
25.3;
25.4;
28.1;
32.5;
35.0;
32.8;
29.6;
26.7;
23.1;
19.8;
18.0;
17.6;
17.5;
17.6;
18.5;
23.6;
28.2;
28.7;
27.5;
26.7;
26.9;
28.4;
28.2;
26.6;
25.3;
25.4;
28.1;
32.5;
35.0;
32.8;
29.6;
26.7;
23.1;
19.8;
18.0;
17.6;
17.5;
17.6;
18.5;
23.6;
28.2;
28.7;
27.5;
26.7;
26.9;
28.4;
28.2;
26.6;
25.3;
25.4;
28.1;
32.5;
35.0;
32.8;
29.6;
26.7;
23.1;
19.8;
18.0;
17.6;
17.5;
17.6;
18.5;
23.6;
28.2;
28.7;
27.5;
26.7;
26.9;
28.4;
28.2;
26.6;
25.3;
25.4;
28.1;
32.5;
35.0;
32.8;
29.6;
26.7;
23.1;
19.8;
18.0;
17.6;
17.5;
17.6;
18.5;
23.6;
28.2;
28.7;
27.5;
26.7;
26.9;
28.4;
28.2;
26.6;
25.3;
25.4;
28.1;
32.5;
35.0;
32.8;
29.6;
26.7;
23.1;
19.9;
18.4;
17.3;
17.0;
16.9;
17.1;
18.4;
21.5;
25.5;
27.8;
28.4;
29.2;
30.4;
30.3;
29.0;
28.0;
28.1;
31.9;
34.9;
35.0;
31.0;
27.0;
25.8;
23.8;
22.2;
20.0;
18.8;
18.5;
18.2;
18.2;
18.4;
19.3;
23.2;
28.2;
31.7;
34.6;
35.0;
31.6;
27.9;
26.0;
25.0;
26.9;
30.0;
32.0;
30.3;
27.9;
25.8;
22.8;
19.8;
18.0;
17.6;
17.5;
17.6;
18.5;
23.6;
28.2;
28.7;
27.5;
26.7;
26.9;
28.4;
28.2;
26.6;
25.3;
25.4;
28.1;
32.5;
35.0;
32.8;
29.6;
26.7;
23.1;
19.8;
18.0;
17.6;
17.5;
17.6;
18.5;
23.6;
28.2;
28.7;
27.5;
26.7;
26.9;
28.4;
28.2;
26.6;
25.3;
25.4;
28.1;
32.5;
35.0;
32.8;
29.6;
26.7;
23.1;
19.8;
18.0;
17.6;
17.5;
17.6;
18.5;
23.6;
28.2;
28.7;
27.5;
26.7;
26.9;
28.4;
28.2;
26.6;
25.3;
25.4;
28.1;
32.5;
35.0;
32.8;
29.6;
26.7;
23.1;
19.8;
18.0;
17.6;
17.5;
17.6;
18.5;
23.6;
28.2;
28.7;
27.5;
26.7;
26.9;
28.4;
28.2;
26.6;
25.3;
25.4;
28.1;
32.5;
35.0;
32.8;
29.6;
26.7;
23.1;
19.8;
18.0;
17.6;
17.5;
17.6;
18.5;
23.6;
28.2;
28.7;
27.5;
26.7;
26.9;
28.4;
28.2;
26.6;
25.3;
25.4;
28.1;
32.5;
35.0;
32.8;
29.6;
26.7;
23.1;
19.9;
18.4;
17.3;
17.0;
16.9;
17.1;
18.4;
21.5;
25.5;
27.8;
28.4;
29.2;
30.4;
30.3;
29.0;
28.0;
28.1;
31.9;
34.9;
35.0;
31.0;
27.0;
25.8;
23.8;
22.2;
20.0;
18.8;
18.5;
18.2;
18.2;
18.4;
19.3;
23.2;
28.2;
31.7;
34.6;
35.0;
31.6;
27.9;
26.0;
25.0;
26.9;
30.0;
32.0;
30.3;
27.9;
25.8;
22.8;
19.8;
18.0;
17.6;
17.5;
17.6;
18.5;
23.6;
28.2;
28.7;
27.5;
26.7;
26.9;
28.4;
28.2;
26.6;
25.3;
25.4;
28.1;
32.5;
35.0;
32.8;
29.6;
26.7;
23.1;
19.8;
18.0;
17.6;
17.5;
17.6;
18.5;
23.6;
28.2;
28.7;
27.5;
26.7;
26.9;
28.4;
28.2;
26.6;
25.3;
25.4;
28.1;
32.5;
35.0;
32.8;
29.6;
26.7;
23.1;
19.8;
18.0;
17.6;
17.5;
17.6;
18.5;
23.6;
28.2;
28.7;
27.5;
26.7;
26.9;
28.4;
28.2;
26.6;
25.3;
25.4;
28.1;
32.5;
35.0;
32.8;
29.6;
26.7;
23.1;
19.8;
18.0;
17.6;
17.5;
17.6;
18.5;
23.6;
28.2;
28.7;
27.5;
26.7;
26.9;
28.4;
28.2;
26.6;
25.3;
25.4;
28.1;
32.5;
35.0;
32.8;
29.6;
26.7;
23.1;
19.8;
18.0;
17.6;
17.5;
17.6;
18.5;
23.6;
28.2;
28.7;
27.5;
26.7;
26.9;
28.4;
28.2;
26.6;
25.3;
25.4;
28.1;
32.5;
35.0;
32.8;
29.6;
26.7;
23.1;
19.9;
18.4;
17.3;
17.0;
16.9;
17.1;
18.4;
21.5;
25.5;
27.8;
28.4;
29.2;
30.4;
30.3;
29.0;
28.0;
28.1;
31.9;
34.9;
35.0;
31.0;
27.0;
25.8;
23.8;
22.2;
20.0;
18.8;
18.5;
18.2;
18.2;
18.4;
19.3;
23.2;
28.2;
31.7;
34.6;
35.0;
31.6;
27.9;
26.0;
25.0;
26.9;
30.0;
32.0;
30.3;
27.9;
25.8;
22.8;
19.8;
18.0;
17.6;
17.5;
17.6;
18.5;
23.6;
28.2;
28.7;
27.5;
26.7;
26.9;
28.4;
28.2;
26.6;
25.3;
25.4;
28.1;
32.5;
35.0;
32.8;
29.6;
26.7;
23.1;
19.8;
18.0;
17.6;
17.5;
17.6;
18.5;
23.6;
28.2;
28.7;
27.5;
26.7;
26.9;
28.4;
28.2;
26.6;
25.3;
25.4;
28.1;
32.5;
35.0;
32.8;
29.6;
26.7;
23.1;
19.8;
18.0;
17.6;
17.5;
17.6;
18.5;
23.6;
28.2;
28.7;
27.5;
26.7;
26.9;
28.4;
28.2;
26.6;
25.3;
25.4;
28.1;
32.5;
35.0;
32.8;
29.6;
26.7;
23.1;
19.8;
18.0;
17.6;
17.5;
17.6;
18.5;
23.6;
28.2;
28.7;
27.5;
26.7;
26.9;
28.4;
28.2;
26.6;
25.3;
25.4;
28.1;
32.5;
35.0;
32.8;
29.6;
26.7;
23.1;
19.8;
18.0;
17.6;
17.5;
17.6;
18.5;
23.6;
28.2;
28.7;
27.5;
26.7;
26.9;
28.4;
28.2;
26.6;
25.3;
25.4;
28.1;
32.5;
35.0;
32.8;
29.6;
26.7;
23.1;
19.9;
18.4;
17.3;
17.0;
16.9;
17.1;
18.4;
21.5;
25.5;
27.8;
28.4;
29.2;
30.4;
30.3;
29.0;
28.0;
28.1;
31.9;
34.9;
35.0;
31.0;
27.0;
25.8;
23.8;
22.2;
20.0;
18.8;
18.5;
18.2;
18.2;
18.4;
19.3;
23.2;
28.2;
31.7;
34.6;
35.0;
31.6;
27.9;
26.0;
25.0;
26.9;
30.0;
32.0;
30.3;
27.9;
25.8;
22.8;
19.8;
18.0;
17.6;
17.5;
17.6;
18.5;
23.6;
28.2;
28.7;
27.5;
26.7;
26.9;
28.4;
28.2;
26.6;
25.3;
25.4;
28.1;
32.5;
35.0;
32.8;
29.6;
26.7;
23.1;
19.8;
18.0;
17.6;
17.5;
17.6;
18.5;
23.6;
28.2;
28.7;
27.5;
26.7;
26.9;
28.4;
28.2;
26.6;
25.3;
25.4;
28.1;
32.5;
35.0;
32.8;
29.6;
26.7;
23.1;
19.8;
18.0;
17.6;
17.5;
17.6;
18.5;
23.6;
28.2;
28.7;
27.5;
26.7;
26.9;
28.4;
28.2;
26.6;
25.3;
25.4;
28.1;
32.5;
35.0;
32.8;
29.6;
26.7;
23.1;
19.8;
18.0;
17.6;
17.5;
17.6;
18.5;
23.6;
28.2;
28.7;
27.5;
26.7;
26.9;
28.4;
28.2;
26.6;
25.3;
25.4;
28.1;
32.5;
35.0;
32.8;
29.6;
26.7;
23.1;
19.8;
18.0;
17.6;
17.5;
17.6;
18.5;
23.6;
28.2;
28.7;
27.5;
26.7;
26.9;
28.4;
28.2;
26.6;
25.3;
25.4;
28.1;
32.5;
35.0;
32.8;
29.6;
26.7;
23.1;
19.9;
18.4;
17.3;
17.0;
16.9;
17.1;
18.4;
21.5;
25.5;
27.8;
28.4;
29.2;
30.4;
30.3;
29.0;
28.0;
28.1;
31.9;
34.9;
35.0;
31.0;
27.0;
25.8;
23.8;
22.2;
20.0;
18.8;
18.5;
18.2;
18.2;
18.4;
19.3;
23.2;
28.2;
31.7;
34.6;
35.0;
31.6;
27.9;
26.0;
25.0;
26.9;
30.0;
32.0;
30.3;
27.9;
25.8;
22.8;
19.8;
18.0;
17.6;
17.5;
17.6;
18.5;
23.6;
28.2;
28.7;
27.5;
26.7;
26.9;
28.4;
28.2;
26.6;
25.3;
25.4;
28.1;
32.5;
35.0;
32.8;
29.6;
26.7;
23.1;
19.8;
18.0;
17.6;
17.5;
17.6;
18.5;
23.6;
28.2;
28.7;
27.5;
26.7;
26.9;
28.4;
28.2;
26.6;
25.3;
25.4;
28.1;
32.5;
35.0;
32.8;
29.6;
26.7;
23.1;
19.8;
18.0;
17.6;
17.5;
17.6;
18.5;
23.6;
28.2;
28.7;
27.5;
26.7;
26.9;
28.4;
28.2;
26.6;
25.3;
25.4;
28.1;
32.5;
35.0;
32.8;
29.6;
26.7;
23.1;
19.8;
18.0;
17.6;
17.5;
17.6;
18.5;
23.6;
28.2;
28.7;
27.5;
26.7;
26.9;
28.4;
28.2;
26.6;
25.3;
25.4;
28.1;
32.5;
35.0;
32.8;
29.6;
26.7;
23.1;
19.8;
18.0;
17.6;
17.5;
17.6;
18.5;
23.6;
28.2;
28.7;
27.5;
26.7;
26.9;
28.4;
28.2;
26.6;
25.3;
25.4;
28.1;
32.5;
35.0;
32.8;
29.6;
26.7;
23.1;
19.9;
18.4;
17.3;
17.0;
16.9;
17.1;
18.4;
21.5;
25.5;
27.8;
28.4;
29.2;
30.4;
30.3;
29.0;
28.0;
28.1;
31.9;
34.9;
35.0;
31.0;
27.0;
25.8;
23.8;
22.3;
20.0;
17.9;
18.4;
18.2;
18.2;
18.5;
19.8;
23.9;
28.9;
32.1;
34.7;
35.0;
31.4;
27.9;
26.1;
24.9;
26.3;
29.2;
31.3;
30.1;
28.1;
26.2;
23.0;
19.5;
17.5;
17.0;
16.9;
17.0;
18.0;
23.3;
28.2;
28.8;
27.8;
27.0;
27.3;
28.9;
28.7;
26.8;
25.4;
25.2;
27.7;
32.2;
35.0;
33.1;
30.1;
27.2;
23.2;
19.4;
17.4;
16.8;
16.7;
16.8;
17.8;
23.3;
28.2;
28.9;
27.9;
27.2;
27.4;
29.2;
28.9;
26.9;
25.4;
25.1;
27.6;
32.1;
35.0;
33.2;
30.3;
27.4;
23.3;
19.4;
17.4;
16.8;
16.7;
16.8;
17.8;
23.3;
28.2;
28.9;
27.9;
27.2;
27.4;
29.2;
28.9;
26.9;
25.4;
25.1;
27.6;
32.1;
35.0;
33.2;
30.3;
27.4;
23.3;
19.4;
17.4;
16.8;
16.7;
16.8;
17.8;
23.3;
28.2;
28.9;
27.9;
27.2;
27.4;
29.2;
28.9;
26.9;
25.4;
25.1;
27.6;
32.1;
35.0;
33.2;
30.3;
27.4;
23.3;
19.5;
17.5;
17.0;
16.9;
17.0;
18.0;
23.3;
28.2;
28.8;
27.8;
27.0;
27.3;
28.9;
28.7;
26.8;
25.4;
25.2;
27.7;
32.2;
35.0;
33.1;
30.1;
27.2;
23.2;
19.4;
17.7;
16.5;
16.2;
16.1;
16.3;
17.8;
21.4;
25.6;
28.1;
29.1;
30.0;
31.2;
31.0;
29.4;
28.2;
28.1;
31.2;
34.3;
35.0;
31.5;
27.4;
26.2;
23.9;
22.3;
20.0;
17.9;
18.4;
18.2;
18.2;
18.5;
19.8;
23.9;
28.9;
32.1;
34.7;
35.0;
31.4;
27.9;
26.1;
24.9;
26.3;
29.2;
31.3;
30.1;
28.1;
26.2;
23.0;
19.5;
17.5;
17.0;
16.9;
17.0;
18.0;
23.3;
28.2;
28.8;
27.8;
27.0;
27.3;
28.9;
28.7;
26.8;
25.4;
25.2;
27.7;
32.2;
35.0;
33.1;
30.1;
27.2;
23.2;
19.4;
17.4;
16.8;
16.7;
16.8;
17.8;
23.3;
28.2;
28.9;
27.9;
27.2;
27.4;
29.2;
28.9;
26.9;
25.4;
25.1;
27.6;
32.1;
35.0;
33.2;
30.3;
27.4;
23.3;
19.4;
17.4;
16.8;
16.7;
16.8;
17.8;
23.3;
28.2;
28.9;
27.9;
27.2;
27.4;
29.2;
28.9;
26.9;
25.4;
25.1;
27.6;
32.1;
35.0;
33.2;
30.3;
27.4;
23.3;
19.4;
17.4;
16.8;
16.7;
16.8;
17.8;
23.3;
28.2;
28.9;
27.9;
27.2;
27.4;
29.2;
28.9;
26.9;
25.4;
25.1;
27.6;
32.1;
35.0;
33.2;
30.3;
27.4;
23.3;
19.5;
17.5;
17.0;
16.9;
17.0;
18.0;
23.3;
28.2;
28.8;
27.8;
27.0;
27.3;
28.9;
28.7;
26.8;
25.4;
25.2;
27.7;
32.2;
35.0;
33.1;
30.1;
27.2;
23.2;
19.4;
17.7;
16.5;
16.2;
16.1;
16.3;
17.8;
21.4;
25.6;
28.1;
29.1;
30.0;
31.2;
31.0;
29.4;
28.2;
28.1;
31.2;
34.3;
35.0;
31.5;
27.4;
26.2;
23.9;
22.3;
20.0;
17.9;
18.4;
18.2;
18.2;
18.5;
19.8;
23.9;
28.9;
32.1;
34.7;
35.0;
31.4;
27.9;
26.1;
24.9;
26.3;
29.2;
31.3;
30.1;
28.1;
26.2;
23.0;
19.5;
17.5;
17.0;
16.9;
17.0;
18.0;
23.3;
28.2;
28.8;
27.8;
27.0;
27.3;
28.9;
28.7;
26.8;
25.4;
25.2;
27.7;
32.2;
35.0;
33.1;
30.1;
27.2;
23.2;
19.4;
17.4;
16.8;
16.7;
16.8;
17.8;
23.3;
28.2;
28.9;
27.9;
27.2;
27.4;
29.2;
28.9;
26.9;
25.4;
25.1;
27.6;
32.1;
35.0;
33.2;
30.3;
27.4;
23.3;
19.4;
17.4;
16.8;
16.7;
16.8;
17.8;
23.3;
28.2;
28.9;
27.9;
27.2;
27.4;
29.2;
28.9;
26.9;
25.4;
25.1;
27.6;
32.1;
35.0;
33.2;
30.3;
27.4;
23.3;
19.4;
17.4;
16.8;
16.7;
16.8;
17.8;
23.3;
28.2;
28.9;
27.9;
27.2;
27.4;
29.2;
28.9;
26.9;
25.4;
25.1;
27.6;
32.1;
35.0;
33.2;
30.3;
27.4;
23.3;
19.5;
17.5;
17.0;
16.9;
17.0;
18.0;
23.3;
28.2;
28.8;
27.8;
27.0;
27.3;
28.9;
28.7;
26.8;
25.4;
25.2;
27.7;
32.2;
35.0;
33.1;
30.1;
27.2;
23.2;
19.4;
17.7;
16.5;
16.2;
16.1;
16.3;
17.8;
21.4;
25.6;
28.1;
29.1;
30.0;
31.2;
31.0;
29.4;
28.2;
28.1;
31.2;
34.3;
35.0;
31.5;
27.4;
26.2;
23.9;
22.3;
20.0;
17.9;
18.4;
18.2;
18.2;
18.5;
19.8;
23.9;
28.9;
32.1;
34.7;
35.0;
31.4;
27.9;
26.1;
24.9;
26.3;
29.2;
31.3;
30.1;
28.1;
26.2;
23.0;
19.5;
17.5;
17.0;
16.9;
17.0;
18.0;
23.3;
28.2;
28.8;
27.8;
27.0;
27.3;
28.9;
28.7;
26.8;
25.4;
25.2;
27.7;
32.2;
35.0;
33.1;
30.1;
27.2;
23.2;
19.4;
17.4;
16.8;
16.7;
16.8;
17.8;
23.3;
28.2;
28.9;
27.9;
27.2;
27.4;
29.2;
28.9;
26.9;
25.4;
25.1;
27.6;
32.1;
35.0;
33.2;
30.3;
27.4;
23.3;
19.4;
17.4;
16.8;
16.7;
16.8;
17.8;
23.3;
28.2;
28.9;
27.9;
27.2;
27.4;
29.2;
28.9;
26.9;
25.4;
25.1;
27.6;
32.1;
35.0;
33.2;
30.3;
27.4;
23.3;
19.4;
17.4;
16.8;
16.7;
16.8;
17.8;
23.3;
28.2;
28.9;
27.9;
27.2;
27.4;
29.2;
28.9;
26.9;
25.4;
25.1;
27.6;
32.1;
35.0;
33.2;
30.3;
27.4;
23.3;
19.5;
17.5;
17.0;
16.9;
17.0;
18.0;
23.3;
28.2;
28.8;
27.8;
27.0;
27.3;
28.9;
28.7;
26.8;
25.4;
25.2;
27.7;
32.2;
35.0;
33.1;
30.1;
27.2;
23.2;
19.4;
17.7;
16.5;
16.2;
16.1;
16.3;
17.8;
21.4;
25.6;
28.1;
29.1;
30.0;
31.2;
31.0;
29.4;
28.2;
28.1;
31.2;
34.3;
35.0;
31.5;
27.4;
26.2;
23.9;
22.3;
20.0;
17.9;
18.4;
18.2;
18.2;
18.5;
19.8;
23.9;
28.9;
32.1;
34.7;
35.0;
31.4;
27.9;
26.1;
24.9;
26.3;
29.2;
31.3;
30.1;
28.1;
26.2;
23.0;
19.5;
17.5;
17.0;
16.9;
17.0;
18.0;
23.3;
28.2;
28.8;
27.8;
27.0;
27.3;
28.9;
28.7;
26.8;
25.4;
25.2;
27.7;
32.2;
35.0;
33.1;
30.1;
27.2;
23.2;
19.4;
17.4;
16.8;
16.7;
16.8;
17.8;
23.3;
28.2;
28.9;
27.9;
27.2;
27.4;
29.2;
28.9;
26.9;
25.4;
25.1;
27.6;
32.1;
35.0;
33.2;
30.3;
27.4;
23.3;
18.6;
15.9;
15.2;
15.0;
15.1;
16.4;
22.5;
28.1;
29.3;
29.1;
28.5;
28.6;
31.1;
30.5;
27.7;
25.6;
24.5;
26.1;
30.4;
34.5;
33.9;
32.1;
29.0;
23.7;
18.6;
15.9;
15.2;
15.0;
15.1;
16.4;
22.5;
28.1;
29.3;
29.1;
28.5;
28.6;
31.1;
30.5;
27.7;
25.6;
24.5;
26.1;
30.4;
34.5;
33.9;
32.1;
29.0;
23.7;
18.6;
15.9;
15.2;
15.0;
15.1;
16.4;
22.5;
28.1;
29.3;
29.1;
28.5;
28.6;
31.1;
30.5;
27.7;
25.6;
24.5;
26.1;
30.4;
34.5;
33.9;
32.1;
29.0;
23.7;
18.8;
16.7;
15.4;
15.1;
15.0;
15.3;
17.0;
21.4;
26.0;
28.6;
30.3;
31.4;
32.6;
32.1;
30.0;
28.4;
28.1;
29.8;
32.8;
34.7;
32.5;
28.2;
27.1;
24.3;
22.3;
20.1;
18.7;
18.2;
18.1;
18.1;
18.4;
20.4;
25.1;
30.0;
32.7;
34.7;
35.0;
31.0;
27.7;
26.1;
24.7;
25.1;
27.8;
30.2;
29.6;
28.4;
26.8;
23.3;
18.6;
15.9;
15.2;
15.0;
15.1;
16.4;
22.5;
28.1;
29.3;
29.1;
28.5;
28.6;
31.1;
30.5;
27.7;
25.6;
24.5;
26.1;
30.4;
34.5;
33.9;
32.1;
29.0;
23.7;
18.6;
15.9;
15.2;
15.0;
15.1;
16.4;
22.5;
28.1;
29.3;
29.1;
28.5;
28.6;
31.1;
30.5;
27.7;
25.6;
24.5;
26.1;
30.4;
34.5;
33.9;
32.1;
29.0;
23.7;
18.6;
15.9;
15.2;
15.0;
15.1;
16.4;
22.5;
28.1;
29.3;
29.1;
28.5;
28.6;
31.1;
30.5;
27.7;
25.6;
24.5;
26.1;
30.4;
34.5;
33.9;
32.1;
29.0;
23.7;
18.6;
15.9;
15.2;
15.0;
15.1;
16.4;
22.5;
28.1;
29.3;
29.1;
28.5;
28.6;
31.1;
30.5;
27.7;
25.6;
24.5;
26.1;
30.4;
34.5;
33.9;
32.1;
29.0;
23.7;
18.6;
15.9;
15.2;
15.0;
15.1;
16.4;
22.5;
28.1;
29.3;
29.1;
28.5;
28.6;
31.1;
30.5;
27.7;
25.6;
24.5;
26.1;
30.4;
34.5;
33.9;
32.1;
29.0;
23.7;
18.8;
16.7;
15.4;
15.1;
15.0;
15.3;
17.0;
21.4;
26.0;
28.6;
30.3;
31.4;
32.6;
32.1;
30.0;
28.4;
28.1;
29.8;
32.8;
34.7;
32.5;
28.2;
27.1;
24.3;
22.3;
20.1;
18.7;
18.2;
18.1;
18.1;
18.4;
20.4;
25.1;
30.0;
32.7;
34.7;
35.0;
31.0;
27.7;
26.1;
24.7;
25.1;
27.8;
30.2;
29.6;
28.4;
26.8;
23.3;
18.6;
15.9;
15.2;
15.0;
15.1;
16.4;
22.5;
28.1;
29.3;
29.1;
28.5;
28.6;
31.1;
30.5;
27.7;
25.6;
24.5;
26.1;
30.4;
34.5;
33.9;
32.1;
29.0;
23.7;
18.6;
15.9;
15.2;
15.0;
15.1;
16.4;
22.5;
28.1;
29.3;
29.1;
28.5;
28.6;
31.1;
30.5;
27.7;
25.6;
24.5;
26.1;
30.4;
34.5;
33.9;
32.1;
29.0;
23.7;
18.6;
15.9;
15.2;
15.0;
15.1;
16.4;
22.5;
28.1;
29.3;
29.1;
28.5;
28.6;
31.1;
30.5;
27.7;
25.6;
24.5;
26.1;
30.4;
34.5;
33.9;
32.1;
29.0;
23.7;
18.6;
15.9;
15.2;
15.0;
15.1;
16.4;
22.5;
28.1;
29.3;
29.1;
28.5;
28.6;
31.1;
30.5;
27.7;
25.6;
24.5;
26.1;
30.4;
34.5;
33.9;
32.1;
29.0;
23.7;
18.6;
15.9;
15.2;
15.0;
15.1;
16.4;
22.5;
28.1;
29.3;
29.1;
28.5;
28.6;
31.1;
30.5;
27.7;
25.6;
24.5;
26.1;
30.4;
34.5;
33.9;
32.1;
29.0;
23.7;
18.8;
16.7;
15.4;
15.1;
15.0;
15.3;
17.0;
21.4;
26.0;
28.6;
30.3;
31.4;
32.6;
32.1;
30.0;
28.4;
28.1;
29.8;
32.8;
34.7;
32.5;
28.2;
27.1;
24.3;
22.3;
20.1;
18.7;
18.2;
18.1;
18.1;
18.4;
20.4;
25.1;
30.0;
32.7;
34.7;
35.0;
31.0;
27.7;
26.1;
24.7;
25.1;
27.8;
30.2;
29.6;
28.4;
26.8;
23.3;
18.6;
15.9;
15.2;
15.0;
15.1;
16.4;
22.5;
28.1;
29.3;
29.1;
28.5;
28.6;
31.1;
30.5;
27.7;
25.6;
24.5;
26.1;
30.4;
34.5;
33.9;
32.1;
29.0;
23.7;
18.6;
15.9;
15.2;
15.0;
15.1;
16.4;
22.5;
28.1;
29.3;
29.1;
28.5;
28.6;
31.1;
30.5;
27.7;
25.6;
24.5;
26.1;
30.4;
34.5;
33.9;
32.1;
29.0;
23.7;
18.6;
15.9;
15.2;
15.0;
15.1;
16.4;
22.5;
28.1;
29.3;
29.1;
28.5;
28.6;
31.1;
30.5;
27.7;
25.6;
24.5;
26.1;
30.4;
34.5;
33.9;
32.1;
29.0;
23.7;
18.6;
15.9;
15.2;
15.0;
15.1;
16.4;
22.5;
28.1;
29.3;
29.1;
28.5;
28.6;
31.1;
30.5;
27.7;
25.6;
24.5;
26.1;
30.4;
34.5;
33.9;
32.1;
29.0;
23.7;
18.6;
15.9;
15.2;
15.0;
15.1;
16.4;
22.5;
28.1;
29.3;
29.1;
28.5;
28.6;
31.1;
30.5;
27.7;
25.6;
24.5;
26.1;
30.4;
34.5;
33.9;
32.1;
29.0;
23.7;
18.8;
16.7;
15.4;
15.1;
15.0;
15.3;
17.0;
21.4;
26.0;
28.6;
30.3;
31.4;
32.6;
32.1;
30.0;
28.4;
28.1;
29.8;
32.8;
34.7;
32.5;
28.2;
27.1;
24.3;
22.3;
20.1;
18.7;
18.2;
18.1;
18.1;
18.4;
20.4;
25.1;
30.0;
32.7;
34.7;
35.0;
31.0;
27.7;
26.1;
24.7;
25.1;
27.8;
30.2;
29.6;
28.4;
26.8;
23.3;
18.6;
15.9;
15.2;
15.0;
15.1;
16.4;
22.5;
28.1;
29.3;
29.1;
28.5;
28.6;
31.1;
30.5;
27.7;
25.6;
24.5;
26.1;
30.4;
34.5;
33.9;
32.1;
29.0;
23.7;
18.6;
15.9;
15.2;
15.0;
15.1;
16.4;
22.5;
28.1;
29.3;
29.1;
28.5;
28.6;
31.1;
30.5;
27.7;
25.6;
24.5;
26.1;
30.4;
34.5;
33.9;
32.1;
29.0;
23.7;
18.6;
15.9;
15.2;
15.0;
15.1;
16.4;
22.5;
28.1;
29.3;
29.1;
28.5;
28.6;
31.1;
30.5;
27.7;
25.6;
24.5;
26.1;
30.4;
34.5;
33.9;
32.1;
29.0;
23.7;
18.6;
15.9;
15.2;
15.0;
15.1;
16.4;
22.5;
28.1;
29.3;
29.1;
28.5;
28.6;
31.1;
30.5;
27.7;
25.6;
24.5;
26.1;
30.4;
34.5;
33.9;
32.1;
29.0;
23.7;
18.8;
16.1;
15.3;
15.0;
15.2;
16.7;
22.6;
27.7;
29.2;
29.3;
28.6;
29.0;
31.4;
30.7;
27.7;
25.7;
24.9;
26.2;
29.7;
33.4;
33.3;
31.7;
29.3;
24.3;
19.1;
16.8;
15.3;
15.0;
15.0;
15.2;
16.9;
21.2;
25.9;
29.1;
30.5;
31.5;
32.9;
32.2;
29.9;
28.5;
28.1;
29.2;
32.0;
33.9;
32.2;
28.7;
27.8;
24.8;
22.4;
20.0;
18.7;
18.2;
18.2;
18.1;
18.4;
20.3;
24.9;
29.9;
32.6;
34.7;
35.0;
31.2;
27.9;
26.1;
24.5;
24.8;
27.1;
29.6;
29.6;
28.6;
27.2;
23.8;
18.7;
16.0;
15.3;
15.0;
15.2;
16.6;
22.6;
27.9;
29.2;
29.2;
28.6;
28.8;
31.3;
30.6;
27.7;
25.7;
24.7;
26.1;
30.0;
33.9;
33.6;
31.9;
29.2;
24.0;
18.8;
16.1;
15.3;
15.0;
15.2;
16.7;
22.6;
27.7;
29.2;
29.4;
28.7;
29.0;
31.4;
30.7;
27.7;
25.7;
24.9;
26.2;
29.7;
33.4;
33.3;
31.8;
29.4;
24.4;
18.8;
16.1;
15.3;
15.0;
15.2;
16.7;
22.6;
27.7;
29.2;
29.4;
28.7;
29.0;
31.4;
30.7;
27.7;
25.7;
24.9;
26.2;
29.7;
33.4;
33.3;
31.8;
29.4;
24.4;
18.8;
16.1;
15.3;
15.0;
15.2;
16.7;
22.6;
27.7;
29.2;
29.4;
28.7;
29.0;
31.4;
30.7;
27.7;
25.7;
24.9;
26.2;
29.7;
33.4;
33.3;
31.8;
29.4;
24.4;
18.8;
16.1;
15.3;
15.0;
15.2;
16.7;
22.6;
27.7;
29.2;
29.3;
28.6;
29.0;
31.4;
30.7;
27.7;
25.7;
24.9;
26.2;
29.7;
33.4;
33.3;
31.7;
29.3;
24.3;
19.1;
16.8;
15.3;
15.0;
15.0;
15.2;
16.9;
21.2;
25.9;
29.1;
30.5;
31.5;
32.9;
32.2;
29.9;
28.5;
28.1;
29.2;
32.0;
33.9;
32.2;
28.7;
27.8;
24.8;
22.4;
20.0;
18.7;
18.2;
18.2;
18.1;
18.4;
20.3;
24.9;
29.9;
32.6;
34.7;
35.0;
31.2;
27.9;
26.1;
24.5;
24.8;
27.1;
29.6;
29.6;
28.6;
27.2;
23.8;
18.7;
16.0;
15.3;
15.0;
15.2;
16.6;
22.6;
27.9;
29.2;
29.2;
28.6;
28.8;
31.3;
30.6;
27.7;
25.7;
24.7;
26.1;
30.0;
33.9;
33.6;
31.9;
29.2;
24.0;
18.8;
16.1;
15.3;
15.0;
15.2;
16.7;
22.6;
27.7;
29.2;
29.4;
28.7;
29.0;
31.4;
30.7;
27.7;
25.7;
24.9;
26.2;
29.7;
33.4;
33.3;
31.8;
29.4;
24.4;
18.8;
16.1;
15.3;
15.0;
15.2;
16.7;
22.6;
27.7;
29.2;
29.4;
28.7;
29.0;
31.4;
30.7;
27.7;
25.7;
24.9;
26.2;
29.7;
33.4;
33.3;
31.8;
29.4;
24.4;
18.8;
16.1;
15.3;
15.0;
15.2;
16.7;
22.6;
27.7;
29.2;
29.4;
28.7;
29.0;
31.4;
30.7;
27.7;
25.7;
24.9;
26.2;
29.7;
33.4;
33.3;
31.8;
29.4;
24.4;
18.8;
16.1;
15.3;
15.0;
15.2;
16.7;
22.6;
27.7;
29.2;
29.3;
28.6;
29.0;
31.4;
30.7;
27.7;
25.7;
24.9;
26.2;
29.7;
33.4;
33.3;
31.7;
29.3;
24.3;
19.1;
16.8;
15.3;
15.0;
15.0;
15.2;
16.9;
21.2;
25.9;
29.1;
30.5;
31.5;
32.9;
32.2;
29.9;
28.5;
28.1;
29.2;
32.0;
33.9;
32.2;
28.7;
27.8;
24.8;
22.4;
20.0;
18.7;
18.2;
18.2;
18.1;
18.4;
20.3;
24.9;
29.9;
32.6;
34.7;
35.0;
31.2;
27.9;
26.1;
24.5;
24.8;
27.1;
29.6;
29.6;
28.6;
27.2;
23.8;
18.7;
16.0;
15.3;
15.0;
15.2;
16.6;
22.6;
27.9;
29.2;
29.2;
28.6;
28.8;
31.3;
30.6;
27.7;
25.7;
24.7;
26.1;
30.0;
33.9;
33.6;
31.9;
29.2;
24.0;
18.8;
16.1;
15.3;
15.0;
15.2;
16.7;
22.6;
27.7;
29.2;
29.4;
28.7;
29.0;
31.4;
30.7;
27.7;
25.7;
24.9;
26.2;
29.7;
33.4;
33.3;
31.8;
29.4;
24.4;
18.8;
16.1;
15.3;
15.0;
15.2;
16.7;
22.6;
27.7;
29.2;
29.4;
28.7;
29.0;
31.4;
30.7;
27.7;
25.7;
24.9;
26.2;
29.7;
33.4;
33.3;
31.8;
29.4;
24.4;
18.8;
16.1;
15.3;
15.0;
15.2;
16.7;
22.6;
27.7;
29.2;
29.4;
28.7;
29.0;
31.4;
30.7;
27.7;
25.7;
24.9;
26.2;
29.7;
33.4;
33.3;
31.8;
29.4;
24.4;
18.8;
16.1;
15.3;
15.0;
15.2;
16.7;
22.6;
27.7;
29.2;
29.3;
28.6;
29.0;
31.4;
30.7;
27.7;
25.7;
24.9;
26.2;
29.7;
33.4;
33.3;
31.7;
29.3;
24.3;
19.1;
16.8;
15.3;
15.0;
15.0;
15.2;
16.9;
21.2;
25.9;
29.1;
30.5;
31.5;
32.9;
32.2;
29.9;
28.5;
28.1;
29.2;
32.0;
33.9;
32.2;
28.7;
27.8;
24.8;
22.4;
20.0;
18.7;
18.2;
18.2;
18.1;
18.4;
20.3;
24.9;
29.9;
32.6;
34.7;
35.0;
31.2;
27.9;
26.1;
24.5;
24.8;
27.1;
29.6;
29.6;
28.6;
27.2;
23.8;
18.7;
16.0;
15.3;
15.0;
15.2;
16.6;
22.6;
27.9;
29.2;
29.2;
28.6;
28.8;
31.3;
30.6;
27.7;
25.7;
24.7;
26.1;
30.0;
33.9;
33.6;
31.9;
29.2;
24.0;
18.8;
16.1;
15.3;
15.0;
15.2;
16.7;
22.6;
27.7;
29.2;
29.4;
28.7;
29.0;
31.4;
30.7;
27.7;
25.7;
24.9;
26.2;
29.7;
33.4;
33.3;
31.8;
29.4;
24.4;
18.8;
16.1;
15.3;
15.0;
15.2;
16.7;
22.6;
27.7;
29.2;
29.4;
28.7;
29.0;
31.4;
30.7;
27.7;
25.7;
24.9;
26.2;
29.7;
33.4;
33.3;
31.8;
29.4;
24.4;
18.8;
16.1;
15.3;
15.0;
15.2;
16.7;
22.6;
27.7;
29.2;
29.4;
28.7;
29.0;
31.4;
30.7;
27.7;
25.7;
24.9;
26.2;
29.7;
33.4;
33.3;
31.8;
29.4;
24.4;
18.8;
16.1;
15.3;
15.0;
15.2;
16.7;
22.6;
27.7;
29.2;
29.3;
28.6;
29.0;
31.4;
30.7;
27.7;
25.7;
24.9;
26.2;
29.7;
33.4;
33.3;
31.7;
29.3;
24.3;
19.1;
16.8;
15.3;
15.0;
15.0;
15.2;
16.9;
21.2;
25.9;
29.1;
30.5;
31.5;
32.9;
32.2;
29.9;
28.5;
28.1;
29.2;
32.0;
33.9;
32.2;
28.7;
27.8;
24.8;
22.4;
20.0;
18.7;
18.2;
18.2;
18.1;
18.4;
20.3;
24.9;
29.9;
32.6;
34.7;
35.0;
31.2;
27.9;
26.1;
24.5;
24.8;
27.1;
29.6;
29.6;
28.6;
27.2;
23.8;
19.0;
16.2;
15.4;
15.0;
15.3;
16.9;
22.6;
27.4;
29.2;
29.5;
28.8;
29.2;
31.6;
30.8;
27.7;
25.8;
25.2;
26.3;
29.3;
32.7;
32.9;
31.5;
29.6;
24.8;
19.0;
16.2;
15.4;
15.0;
15.3;
16.9;
22.6;
27.4;
29.2;
29.5;
28.8;
29.2;
31.6;
30.8;
27.7;
25.8;
25.2;
26.3;
29.3;
32.7;
32.9;
31.5;
29.6;
24.8;
19.0;
16.2;
15.4;
15.0;
15.3;
16.9;
22.6;
27.4;
29.2;
29.5;
28.8;
29.2;
31.6;
30.8;
27.7;
25.8;
25.2;
26.3;
29.3;
32.7;
32.9;
31.5;
29.6;
24.8;
19.0;
16.2;
15.4;
15.0;
15.3;
16.9;
22.6;
27.4;
29.2;
29.5;
28.8;
29.2;
31.6;
30.8;
27.7;
25.8;
25.2;
26.3;
29.3;
32.7;
32.9;
31.5;
29.6;
24.8;
19.0;
16.2;
15.4;
15.0;
15.3;
16.9;
22.6;
27.4;
29.2;
29.5;
28.8;
29.2;
31.6;
30.8;
27.7;
25.8;
25.2;
26.3;
29.3;
32.7;
32.9;
31.5;
29.6;
24.8;
19.5;
17.0;
15.3;
15.0;
15.1;
15.2;
16.9;
20.9;
25.8;
29.6;
30.8;
31.7;
33.2;
32.4;
29.8;
28.6;
28.1;
28.6;
31.0;
33.0;
31.9;
29.3;
28.6;
25.3;
22.4;
20.0;
18.7;
18.3;
18.2;
18.1;
18.4;
20.3;
24.8;
29.8;
32.6;
34.6;
35.0;
31.4;
28.1;
26.1;
24.4;
24.5;
26.3;
29.0;
29.7;
28.8;
27.7;
24.3;
19.0;
16.2;
15.4;
15.0;
15.3;
16.9;
22.6;
27.4;
29.2;
29.5;
28.8;
29.2;
31.6;
30.8;
27.7;
25.8;
25.2;
26.3;
29.3;
32.7;
32.9;
31.5;
29.6;
24.8;
19.0;
16.2;
15.4;
15.0;
15.3;
16.9;
22.6;
27.4;
29.2;
29.5;
28.8;
29.2;
31.6;
30.8;
27.7;
25.8;
25.2;
26.3;
29.3;
32.7;
32.9;
31.5;
29.6;
24.8;
19.0;
16.2;
15.4;
15.0;
15.3;
16.9;
22.6;
27.4;
29.2;
29.5;
28.8;
29.2;
31.6;
30.8;
27.7;
25.8;
25.2;
26.3;
29.3;
32.7;
32.9;
31.5;
29.6;
24.8;
19.0;
16.2;
15.4;
15.0;
15.3;
16.9;
22.6;
27.4;
29.2;
29.5;
28.8;
29.2;
31.6;
30.8;
27.7;
25.8;
25.2;
26.3;
29.3;
32.7;
32.9;
31.5;
29.6;
24.8;
19.0;
16.2;
15.4;
15.0;
15.3;
16.9;
22.6;
27.4;
29.2;
29.5;
28.8;
29.2;
31.6;
30.8;
27.7;
25.8;
25.2;
26.3;
29.3;
32.7;
32.9;
31.5;
29.6;
24.8;
19.5;
17.0;
15.3;
15.0;
15.1;
15.2;
16.9;
20.9;
25.8;
29.6;
30.8;
31.7;
33.2;
32.4;
29.8;
28.6;
28.1;
28.6;
31.0;
33.0;
31.9;
29.3;
28.6;
25.3;
22.4;
20.0;
18.7;
18.3;
18.2;
18.1;
18.4;
20.3;
24.8;
29.8;
32.6;
34.6;
35.0;
31.4;
28.1;
26.1;
24.4;
24.5;
26.3;
29.0;
29.7;
28.8;
27.7;
24.3;
19.0;
16.2;
15.4;
15.0;
15.3;
16.9;
22.6;
27.4;
29.2;
29.5;
28.8;
29.2;
31.6;
30.8;
27.7;
25.8;
25.2;
26.3;
29.3;
32.7;
32.9;
31.5;
29.6;
24.8;
19.0;
16.2;
15.4;
15.0;
15.3;
16.9;
22.6;
27.4;
29.2;
29.5;
28.8;
29.2;
31.6;
30.8;
27.7;
25.8;
25.2;
26.3;
29.3;
32.7;
32.9;
31.5;
29.6;
24.8;
19.0;
16.2;
15.4;
15.0;
15.3;
16.9;
22.6;
27.4;
29.2;
29.5;
28.8;
29.2;
31.6;
30.8;
27.7;
25.8;
25.2;
26.3;
29.3;
32.7;
32.9;
31.5;
29.6;
24.8;
19.0;
16.2;
15.4;
15.0;
15.3;
16.9;
22.6;
27.4;
29.2;
29.5;
28.8;
29.2;
31.6;
30.8;
27.7;
25.8;
25.2;
26.3;
29.3;
32.7;
32.9;
31.5;
29.6;
24.8;
19.0;
16.2;
15.4;
15.0;
15.3;
16.9;
22.6;
27.4;
29.2;
29.5;
28.8;
29.2;
31.6;
30.8;
27.7;
25.8;
25.2;
26.3;
29.3;
32.7;
32.9;
31.5;
29.6;
24.8;
19.5;
17.0;
15.3;
15.0;
15.1;
15.2;
16.9;
20.9;
25.8;
29.6;
30.8;
31.7;
33.2;
32.4;
29.8;
28.6;
28.1;
28.6;
31.0;
33.0;
31.9;
29.3;
28.6;
25.3;
22.4;
20.0;
18.7;
18.3;
18.2;
18.1;
18.4;
20.3;
24.8;
29.8;
32.6;
34.6;
35.0;
31.4;
28.1;
26.1;
24.4;
24.5;
26.3;
29.0;
29.7;
28.8;
27.7;
24.3;
19.0;
16.2;
15.4;
15.0;
15.3;
16.9;
22.6;
27.4;
29.2;
29.5;
28.8;
29.2;
31.6;
30.8;
27.7;
25.8;
25.2;
26.3;
29.3;
32.7;
32.9;
31.5;
29.6;
24.8;
19.0;
16.2;
15.4;
15.0;
15.3;
16.9;
22.6;
27.4;
29.2;
29.5;
28.8;
29.2;
31.6;
30.8;
27.7;
25.8;
25.2;
26.3;
29.3;
32.7;
32.9;
31.5;
29.6;
24.8;
19.0;
16.2;
15.4;
15.0;
15.3;
16.9;
22.6;
27.4;
29.2;
29.5;
28.8;
29.2;
31.6;
30.8;
27.7;
25.8;
25.2;
26.3;
29.3;
32.7;
32.9;
31.5;
29.6;
24.8;
19.0;
16.2;
15.4;
15.0;
15.3;
16.9;
22.6;
27.4;
29.2;
29.5;
28.8;
29.2;
31.6;
30.8;
27.7;
25.8;
25.2;
26.3;
29.3;
32.7;
32.9;
31.5;
29.6;
24.8;
19.0;
16.2;
15.4;
15.0;
15.3;
16.9;
22.6;
27.4;
29.2;
29.5;
28.8;
29.2;
31.6;
30.8;
27.7;
25.8;
25.2;
26.3;
29.3;
32.7;
32.9;
31.5;
29.6;
24.8;
19.5;
17.0;
15.3;
15.0;
15.1;
15.2;
16.9;
20.9;
25.8;
29.6;
30.8;
31.7;
33.2;
32.4;
29.8;
28.6;
28.1;
28.6;
31.0;
33.0;
31.9;
29.3;
28.6;
25.3;
22.4;
20.0;
18.7;
18.3;
18.2;
18.1;
18.4;
20.3;
24.8;
29.8;
32.6;
34.6;
35.0;
31.4;
28.1;
26.1;
24.4;
24.5;
26.3;
29.0;
29.7;
28.8;
27.7;
24.3;
19.0;
16.2;
15.4;
15.0;
15.3;
16.9;
22.6;
27.4;
29.2;
29.5;
28.8;
29.2;
31.6;
30.8;
27.7;
25.8;
25.2;
26.3;
29.3;
32.7;
32.9;
31.5;
29.6;
24.8;
19.0;
16.2;
15.4;
15.0;
15.3;
16.9;
22.6;
27.4;
29.2;
29.5;
28.8;
29.2;
31.6;
30.8;
27.7;
25.8;
25.2;
26.3;
29.3;
32.7;
32.9;
31.5;
29.6;
24.8;
19.0;
16.2;
15.4;
15.0;
15.3;
16.9;
22.6;
27.4;
29.2;
29.5;
28.8;
29.2;
31.6;
30.8;
27.7;
25.8;
25.2;
26.3;
29.3;
32.7;
32.9;
31.5;
29.6;
24.8;
19.0;
16.2;
15.4;
15.0;
15.3;
16.9;
22.6;
27.4;
29.2;
29.5;
28.8;
29.2;
31.6;
30.8;
27.7;
25.8;
25.2;
26.3;
29.3;
32.7;
32.9;
31.5;
29.6;
24.8;
19.0;
16.2;
15.4;
15.0;
15.3;
16.9;
22.6;
27.4;
29.2;
29.5;
28.8;
29.2;
31.6;
30.8;
27.7;
25.8;
25.2;
26.3;
29.3;
32.7;
32.9;
31.5;
29.6;
24.8;
19.5;
17.0;
15.3;
15.0;
15.1;
15.2;
16.9;
20.9;
25.8;
29.6;
30.8;
31.7;
33.2;
32.4;
29.8;
28.6;
28.1;
28.6;
31.0;
33.0;
31.9;
29.3;
28.6;
25.3;
22.4;
20.0;
18.7;
18.3;
18.2;
18.1;
18.4;
20.3;
24.8;
29.8;
32.6;
34.6;
35.0;
31.4;
28.1;
26.1;
24.4;
24.5;
26.3;
29.0;
29.7;
28.8;
27.7;
24.3;
19.0;
16.2;
15.4;
15.0;
15.3;
16.9;
22.6;
27.4;
29.2;
29.5;
28.8;
29.2;
31.6;
30.8;
27.7;
25.8;
25.2;
26.3;
29.3;
32.7;
32.9;
31.5;
29.6;
24.8;
19.0;
16.2;
15.4;
15.0;
15.3;
16.9;
22.6;
27.4;
29.2;
29.5;
28.8;
29.2;
31.6;
30.8;
27.7;
25.8;
25.2;
26.3;
29.3;
32.7;
32.9;
31.5;
29.6;
24.8;
19.0;
16.2;
15.4;
15.0;
15.3;
16.9;
22.6;
27.4;
29.2;
29.5;
28.8;
29.2;
31.6;
30.8;
27.7;
25.8;
25.2;
26.3;
29.3;
32.7;
32.9;
31.5;
29.6;
24.8;
19.0;
16.2;
15.4;
15.0;
15.3;
16.9;
22.6;
27.4;
29.2;
29.5;
28.8;
29.2;
31.6;
30.8;
27.7;
25.8;
25.2;
26.3;
29.3;
32.7;
32.9;
31.5;
29.6;
24.8;
19.0;
16.2;
15.4;
15.0;
15.3;
16.9;
22.6;
27.4;
29.2;
29.5;
28.8;
29.2;
31.6;
30.8;
27.7;
25.8;
25.2;
26.3;
29.3;
32.7;
32.9;
31.5;
29.6;
24.8;
19.5;
17.0;
15.3;
15.0;
15.1;
15.2;
16.9;
20.9;
25.8;
29.6;
30.8;
31.7;
33.2;
32.4;
29.8;
28.6;
28.1;
28.6;
31.0;
33.0;
31.9;
29.3;
28.6;
25.3;
22.4;
20.0;
18.7;
18.3;
18.2;
18.1;
18.4;
20.3;
24.8;
29.8;
32.6;
34.6;
35.0;
31.4;
28.1;
26.1;
24.4;
24.5;
26.3;
29.0;
29.7;
28.8;
27.7;
24.3;
19.0;
16.2;
15.4;
15.0;
15.3;
16.9;
22.6;
27.4;
29.2;
29.5;
28.8;
29.2;
31.6;
30.8;
27.7;
25.8;
25.2;
26.3;
29.3;
32.7;
32.9;
31.5;
29.6;
24.8;
19.0;
16.2;
15.4;
15.0;
15.3;
16.9;
22.6;
27.4;
29.2;
29.5;
28.8;
29.2;
31.6;
30.8;
27.7;
25.8;
25.2;
26.3;
29.3;
32.7;
32.9;
31.5;
29.6;
24.8;
19.0;
16.2;
15.4;
15.0;
15.3;
16.9;
22.6;
27.4;
29.2;
29.5;
28.8;
29.2;
31.6;
30.8;
27.7;
25.8;
25.2;
26.3;
29.3;
32.7;
32.9;
31.5;
29.6;
24.8;
19.0;
16.2;
15.4;
15.0;
15.3;
16.9;
22.6;
27.4;
29.2;
29.5;
28.8;
29.2;
31.6;
30.8;
27.7;
25.8;
25.2;
26.3;
29.3;
32.7;
32.9;
31.5;
29.6;
24.8;
19.0;
16.2;
15.4;
15.0;
15.3;
16.9;
22.6;
27.4;
29.2;
29.5;
28.8;
29.2;
31.6;
30.8;
27.7;
25.8;
25.2;
26.3;
29.3;
32.7;
32.9;
31.5;
29.6;
24.8;
19.5;
17.0;
15.3;
15.0;
15.1;
15.2;
16.9;
20.9;
25.8;
29.6;
30.8;
31.7;
33.2;
32.4;
29.8;
28.6;
28.1;
28.6;
31.0;
33.0;
31.9;
29.3;
28.6;
25.3;
22.4;
20.0;
18.7;
18.3;
18.2;
18.1;
18.4;
20.3;
24.8;
29.8;
32.6;
34.6;
35.0;
31.4;
28.1;
26.1;
24.4;
24.5;
26.3;
29.0;
29.7;
28.8;
27.7;
24.3;
19.0;
16.2;
15.4;
15.0;
15.3;
16.9;
22.6;
27.4;
29.2;
29.5;
28.8;
29.2;
31.6;
30.8;
27.7;
25.8;
25.2;
26.3;
29.3;
32.7;
32.9;
31.5;
29.6;
24.8;
19.0;
16.2;
15.4;
15.0;
15.3;
16.9;
22.6;
27.4;
29.2;
29.5;
28.8;
29.2;
31.6;
30.8;
27.7;
25.8;
25.2;
26.3;
29.3;
32.7;
32.9;
31.5;
29.6;
24.8;
19.0;
16.2;
15.4;
15.0;
15.3;
16.9;
22.6;
27.4;
29.2;
29.5;
28.8;
29.2;
31.6;
30.8;
27.7;
25.8;
25.2;
26.3;
29.3;
32.7;
32.9;
31.5;
29.6;
24.8;
19.0;
16.2;
15.4;
15.0;
15.3;
16.9;
22.6;
27.4;
29.2;
29.5;
28.8;
29.2;
31.6;
30.8;
27.7;
25.8;
25.2;
26.3;
29.3;
32.7;
32.9;
31.5;
29.6;
24.8;
19.0;
16.2;
15.4;
15.0;
15.3;
16.9;
22.6;
27.4;
29.2;
29.5;
28.8;
29.2;
31.6;
30.8;
27.7;
25.8;
25.2;
26.3;
29.3;
32.7;
32.9;
31.5;
29.6;
24.8;
19.5;
17.0;
15.3;
15.0;
15.1;
15.2;
16.9;
20.9;
25.8;
29.6;
30.8;
31.7;
33.2;
32.4;
29.8;
28.6;
28.1;
28.6;
31.0;
33.0;
31.9;
29.3;
28.6;
25.3;
22.4;
20.0;
18.7;
18.3;
18.2;
18.1;
18.4;
20.3;
24.8;
29.8;
32.6;
34.6;
35.0;
31.4;
28.1;
26.1;
24.4;
24.5;
26.3;
29.0;
29.7;
28.8;
27.7;
24.3;
19.0;
16.2;
15.4;
15.0;
15.3;
16.9;
22.6;
27.4;
29.2;
29.5;
28.8;
29.2;
31.6;
30.8;
27.7;
25.8;
25.2;
26.3;
29.3;
32.7;
32.9;
31.5;
29.6;
24.8;
19.0;
16.2;
15.4;
15.0;
15.3;
16.9;
22.6;
27.4;
29.2;
29.5;
28.8;
29.2;
31.6;
30.8;
27.7;
25.8;
25.2;
26.3;
29.3;
32.7;
32.9;
31.5;
29.6;
24.8;
19.0;
16.2;
15.4;
15.0;
15.3;
16.9;
22.6;
27.4;
29.2;
29.5;
28.8;
29.2;
31.6;
30.8;
27.7;
25.8;
25.2;
26.3;
29.3;
32.7;
32.9;
31.5;
29.6;
24.8;
19.0;
16.2;
15.4;
15.0;
15.3;
16.9;
22.6;
27.4;
29.2;
29.5;
28.8;
29.2;
31.6;
30.8;
27.7;
25.8;
25.2;
26.3;
29.3;
32.7;
32.9;
31.5;
29.6;
24.8;
19.0;
16.2;
15.4;
15.0;
15.3;
16.9;
22.6;
27.4;
29.2;
29.5;
28.8;
29.2;
31.6;
30.8;
27.7;
25.8;
25.2;
26.3;
29.3;
32.7;
32.9;
31.5;
29.6;
24.8;
19.5;
17.0;
15.3;
15.0;
15.1;
15.2;
16.9;
20.9;
25.8;
29.6;
30.8;
31.7;
33.2;
32.4;
29.8;
28.6;
28.1;
28.6;
31.0;
33.0;
31.9;
29.3;
28.6;
25.3;
22.4;
20.0;
18.7;
18.3;
18.2;
18.1;
18.4;
20.3;
24.8;
29.8;
32.6;
34.6;
35.0;
31.4;
28.1;
26.1;
24.4;
24.5;
26.3;
29.0;
29.7;
28.8;
27.7;
24.3;
19.0;
16.2;
15.4;
15.0;
15.3;
16.9;
22.6;
27.4;
29.2;
29.5;
28.8;
29.2;
31.6;
30.8;
27.7;
25.8;
25.2;
26.3;
29.3;
32.7;
32.9;
31.5;
29.6;
24.8;
19.0;
16.2;
15.4;
15.0;
15.3;
16.9;
22.6;
27.4;
29.2;
29.5;
28.8;
29.2;
31.6;
30.8;
27.7;
25.8;
25.2;
26.3;
29.3;
32.7;
32.9;
31.5;
29.6;
24.8;
19.0;
16.2;
15.4;
15.0;
15.3;
16.9;
22.6;
27.4;
29.2;
29.5;
28.8;
29.2;
31.6;
30.8;
27.7;
25.8;
25.2;
26.3;
29.3;
32.7;
32.9;
31.5;
29.6;
24.8;
19.0;
16.2;
15.4;
15.0;
15.3;
16.9;
22.6;
27.4;
29.2;
29.5;
28.8;
29.2;
31.6;
30.8;
27.7;
25.8;
25.2;
26.3;
29.3;
32.7;
32.9;
31.5;
29.6;
24.8;
19.0;
16.2;
15.4;
15.0;
15.3;
16.9;
22.6;
27.4;
29.2;
29.5;
28.8;
29.2;
31.6;
30.8;
27.7;
25.8;
25.2;
26.3;
29.3;
32.7;
32.9;
31.5;
29.6;
24.8;
19.5;
17.0;
15.3;
15.0;
15.1;
15.2;
16.9;
20.9;
25.8;
29.6;
30.8;
31.7;
33.2;
32.4;
29.8;
28.6;
28.1;
28.6;
31.0;
33.0;
31.9;
29.3;
28.6;
25.3;
22.4;
20.0;
18.7;
18.3;
18.2;
18.1;
18.4;
20.3;
24.8;
29.8;
32.6;
34.6;
35.0;
31.4;
28.1;
26.1;
24.4;
24.5;
26.3;
29.0;
29.7;
28.8;
27.7;
24.3;
19.0;
16.2;
15.4;
15.0;
15.3;
16.9;
22.6;
27.4;
29.2;
29.5;
28.8;
29.2;
31.6;
30.8;
27.7;
25.8;
25.2;
26.3;
29.3;
32.7;
32.9;
31.5;
29.6;
24.8;
19.0;
16.2;
15.4;
15.0;
15.3;
16.9;
22.6;
27.4;
29.2;
29.5;
28.8;
29.2;
31.6;
30.8;
27.7;
25.8;
25.2;
26.3;
29.3;
32.7;
32.9;
31.5;
29.6;
24.8;
19.0;
16.2;
15.4;
15.0;
15.3;
16.9;
22.6;
27.4;
29.2;
29.5;
28.8;
29.2;
31.6;
30.8;
27.7;
25.8;
25.2;
26.3;
29.3;
32.7;
32.9;
31.5;
29.6;
24.8;
19.0;
16.2;
15.4;
15.0;
15.3;
16.9;
22.6;
27.4;
29.2;
29.5;
28.8;
29.2;
31.6;
30.8;
27.7;
25.8;
25.2;
26.3;
29.3;
32.7;
32.9;
31.5;
29.6;
24.8;
19.0;
16.2;
15.4;
15.0;
15.3;
16.9;
22.6;
27.4;
29.2;
29.5;
28.8;
29.2;
31.6;
30.8;
27.7;
25.8;
25.2;
26.3;
29.3;
32.7;
32.9;
31.5;
29.6;
24.8;
19.5;
17.0;
15.3;
15.0;
15.1;
15.2;
16.9;
20.9;
25.8;
29.6;
30.8;
31.7;
33.2;
32.4;
29.8;
28.6;
28.1;
28.6;
31.0;
33.0;
31.9;
29.3;
28.6;
25.3;
22.4;
20.0;
18.7;
18.3;
18.2;
18.1;
18.4;
20.3;
24.8;
29.8;
32.6;
34.6;
35.0;
31.4;
28.1;
26.1;
24.4;
24.5;
26.3;
29.0;
29.7;
28.8;
27.7;
24.3;
19.0;
16.2;
15.4;
15.0;
15.3;
16.9;
22.6;
27.4;
29.2;
29.5;
28.8;
29.2;
31.6;
30.8;
27.7;
25.8;
25.2;
26.3;
29.3;
32.7;
32.9;
31.5;
29.6;
24.8;
19.0;
16.2;
15.4;
15.0;
15.3;
16.9;
22.6;
27.4;
29.2;
29.5;
28.8;
29.2;
31.6;
30.8;
27.7;
25.8;
25.2;
26.3;
29.3;
32.7;
32.9;
31.5;
29.6;
24.8;
19.0;
16.2;
15.4;
15.0;
15.3;
16.9;
22.6;
27.4;
29.2;
29.5;
28.8;
29.2;
31.6;
30.8;
27.7;
25.8;
25.2;
26.3;
29.3;
32.7;
32.9;
31.5;
29.6;
24.8;
19.0;
16.2;
15.4;
15.0;
15.3;
16.9;
22.6;
27.4;
29.2;
29.5;
28.8;
29.2;
31.6;
30.8;
27.7;
25.8;
25.2;
26.3;
29.3;
32.7;
32.9;
31.5;
29.6;
24.8;
19.0;
16.2;
15.4;
15.0;
15.3;
16.9;
22.6;
27.4;
29.2;
29.5;
28.8;
29.2;
31.6;
30.8;
27.7;
25.8;
25.2;
26.3;
29.3;
32.7;
32.9;
31.5;
29.6;
24.8;
19.5;
17.0;
15.3;
15.0;
15.1;
15.2;
16.9;
20.9;
25.8;
29.6;
30.8;
31.7;
33.2;
32.4;
29.8;
28.6;
28.1;
28.6;
31.0;
33.0;
31.9;
29.3;
28.6;
25.3;
22.4;
20.0;
18.7;
18.3;
18.2;
18.1;
18.4;
20.3;
24.8;
29.8;
32.6;
34.6;
35.0;
31.4;
28.1;
26.1;
24.4;
24.5;
26.3;
29.0;
29.7;
28.8;
27.7;
24.3;
19.0;
16.2;
15.4;
15.0;
15.3;
16.9;
22.6;
27.4;
29.2;
29.5;
28.8;
29.2;
31.6;
30.8;
27.7;
25.8;
25.2;
26.3;
29.3;
32.7;
32.9;
31.5;
29.6;
24.8;
19.0;
16.2;
15.4;
15.0;
15.3;
16.9;
22.6;
27.4;
29.2;
29.5;
28.8;
29.2;
31.6;
30.8;
27.7;
25.8;
25.2;
26.3;
29.3;
32.7;
32.9;
31.5;
29.6;
24.8;
19.0;
16.2;
15.4;
15.0;
15.3;
16.9;
22.6;
27.4;
29.2;
29.5;
28.8;
29.2;
31.6;
30.8;
27.7;
25.8;
25.2;
26.3;
29.3;
32.7;
32.9;
31.5;
29.6;
24.8;
19.0;
16.2;
15.4;
15.0;
15.3;
16.9;
22.6;
27.4;
29.2;
29.5;
28.8;
29.2;
31.6;
30.8;
27.7;
25.8;
25.2;
26.3;
29.3;
32.7;
32.9;
31.5;
29.6;
24.8;
19.0;
16.2;
15.4;
15.0;
15.3;
16.9;
22.6;
27.4;
29.2;
29.5;
28.8;
29.2;
31.6;
30.8;
27.7;
25.8;
25.2;
26.3;
29.3;
32.7;
32.9;
31.5;
29.6;
24.8;
19.5;
17.0;
15.3;
15.0;
15.1;
15.2;
16.9;
20.9;
25.8;
29.6;
30.8;
31.7;
33.2;
32.4;
29.8;
28.6;
28.1;
28.6;
31.0;
33.0;
31.9;
29.3;
28.6;
25.3;
22.4;
20.0;
18.7;
18.3;
18.2;
18.1;
18.4;
20.3;
24.8;
29.8;
32.6;
34.6;
35.0;
31.4;
28.1;
26.1;
24.4;
24.5;
26.3;
29.0;
29.7;
28.8;
27.7;
24.3;
19.0;
16.2;
15.4;
15.0;
15.3;
16.9;
22.6;
27.4;
29.2;
29.5;
28.8;
29.2;
31.6;
30.8;
27.7;
25.8;
25.2;
26.3;
29.3;
32.7;
32.9;
31.5;
29.6;
24.8;
18.8;
16.1;
15.3;
15.0;
15.2;
16.6;
22.6;
27.8;
29.2;
29.3;
28.6;
28.9;
31.3;
30.7;
27.7;
25.7;
24.8;
26.2;
29.8;
33.6;
33.4;
31.8;
29.3;
24.2;
18.8;
16.1;
15.3;
15.0;
15.2;
16.6;
22.6;
27.8;
29.2;
29.3;
28.6;
28.9;
31.3;
30.7;
27.7;
25.7;
24.8;
26.2;
29.8;
33.6;
33.4;
31.8;
29.3;
24.2;
18.8;
16.1;
15.3;
15.0;
15.2;
16.6;
22.6;
27.8;
29.2;
29.3;
28.6;
28.9;
31.3;
30.7;
27.7;
25.7;
24.8;
26.2;
29.8;
33.6;
33.4;
31.8;
29.3;
24.2;
18.8;
16.1;
15.3;
15.0;
15.2;
16.6;
22.6;
27.8;
29.2;
29.3;
28.6;
28.9;
31.3;
30.7;
27.7;
25.7;
24.8;
26.2;
29.8;
33.6;
33.4;
31.8;
29.3;
24.2;
19.1;
16.8;
15.3;
15.0;
15.0;
15.2;
16.9;
21.2;
25.9;
29.1;
30.5;
31.5;
32.9;
32.2;
29.9;
28.5;
28.1;
29.2;
32.0;
33.9;
32.2;
28.7;
27.8;
24.8;
22.3;
20.0;
18.7;
18.2;
18.1;
18.1;
18.4;
20.3;
25.0;
30.0;
32.6;
34.7;
35.0;
31.1;
27.8;
26.1;
24.6;
24.9;
27.2;
29.7;
29.6;
28.6;
27.1;
23.7;
18.7;
16.0;
15.3;
15.0;
15.2;
16.6;
22.6;
27.8;
29.2;
29.2;
28.6;
28.9;
31.3;
30.6;
27.7;
25.7;
24.8;
26.2;
30.0;
33.8;
33.5;
31.9;
29.2;
24.1;
18.8;
16.1;
15.3;
15.0;
15.2;
16.6;
22.6;
27.8;
29.2;
29.3;
28.6;
28.9;
31.3;
30.7;
27.7;
25.7;
24.8;
26.2;
29.8;
33.6;
33.4;
31.8;
29.3;
24.2;
18.8;
16.1;
15.3;
15.0;
15.2;
16.6;
22.6;
27.8;
29.2;
29.3;
28.6;
28.9;
31.3;
30.7;
27.7;
25.7;
24.8;
26.2;
29.8;
33.6;
33.4;
31.8;
29.3;
24.2;
18.8;
16.1;
15.3;
15.0;
15.2;
16.6;
22.6;
27.8;
29.2;
29.3;
28.6;
28.9;
31.3;
30.7;
27.7;
25.7;
24.8;
26.2;
29.8;
33.6;
33.4;
31.8;
29.3;
24.2;
18.8;
16.1;
15.3;
15.0;
15.2;
16.6;
22.6;
27.8;
29.2;
29.3;
28.6;
28.9;
31.3;
30.7;
27.7;
25.7;
24.8;
26.2;
29.8;
33.6;
33.4;
31.8;
29.3;
24.2;
19.1;
16.8;
15.3;
15.0;
15.0;
15.2;
16.9;
21.2;
25.9;
29.1;
30.5;
31.5;
32.9;
32.2;
29.9;
28.5;
28.1;
29.2;
32.0;
33.9;
32.2;
28.7;
27.8;
24.8;
22.3;
20.0;
18.7;
18.2;
18.1;
18.1;
18.4;
20.3;
25.0;
30.0;
32.6;
34.7;
35.0;
31.1;
27.8;
26.1;
24.6;
24.9;
27.2;
29.7;
29.6;
28.6;
27.1;
23.7;
18.7;
16.0;
15.3;
15.0;
15.2;
16.6;
22.6;
27.8;
29.2;
29.2;
28.6;
28.9;
31.3;
30.6;
27.7;
25.7;
24.8;
26.2;
30.0;
33.8;
33.5;
31.9;
29.2;
24.1;
18.8;
16.1;
15.3;
15.0;
15.2;
16.6;
22.6;
27.8;
29.2;
29.3;
28.6;
28.9;
31.3;
30.7;
27.7;
25.7;
24.8;
26.2;
29.8;
33.6;
33.4;
31.8;
29.3;
24.2;
18.8;
16.1;
15.3;
15.0;
15.2;
16.6;
22.6;
27.8;
29.2;
29.3;
28.6;
28.9;
31.3;
30.7;
27.7;
25.7;
24.8;
26.2;
29.8;
33.6;
33.4;
31.8;
29.3;
24.2;
18.8;
16.1;
15.3;
15.0;
15.2;
16.6;
22.6;
27.8;
29.2;
29.3;
28.6;
28.9;
31.3;
30.7;
27.7;
25.7;
24.8;
26.2;
29.8;
33.6;
33.4;
31.8;
29.3;
24.2;
18.8;
16.1;
15.3;
15.0;
15.2;
16.6;
22.6;
27.8;
29.2;
29.3;
28.6;
28.9;
31.3;
30.7;
27.7;
25.7;
24.8;
26.2;
29.8;
33.6;
33.4;
31.8;
29.3;
24.2;
19.1;
16.8;
15.3;
15.0;
15.0;
15.2;
16.9;
21.2;
25.9;
29.1;
30.5;
31.5;
32.9;
32.2;
29.9;
28.5;
28.1;
29.2;
32.0;
33.9;
32.2;
28.7;
27.8;
24.8;
22.3;
20.0;
18.7;
18.2;
18.1;
18.1;
18.4;
20.3;
25.0;
30.0;
32.6;
34.7;
35.0;
31.1;
27.8;
26.1;
24.6;
24.9;
27.2;
29.7;
29.6;
28.6;
27.1;
23.7;
18.7;
16.0;
15.3;
15.0;
15.2;
16.6;
22.6;
27.8;
29.2;
29.2;
28.6;
28.9;
31.3;
30.6;
27.7;
25.7;
24.8;
26.2;
30.0;
33.8;
33.5;
31.9;
29.2;
24.1;
18.8;
16.1;
15.3;
15.0;
15.2;
16.6;
22.6;
27.8;
29.2;
29.3;
28.6;
28.9;
31.3;
30.7;
27.7;
25.7;
24.8;
26.2;
29.8;
33.6;
33.4;
31.8;
29.3;
24.2;
18.8;
16.1;
15.3;
15.0;
15.2;
16.6;
22.6;
27.8;
29.2;
29.3;
28.6;
28.9;
31.3;
30.7;
27.7;
25.7;
24.8;
26.2;
29.8;
33.6;
33.4;
31.8;
29.3;
24.2;
18.8;
16.1;
15.3;
15.0;
15.2;
16.6;
22.6;
27.8;
29.2;
29.3;
28.6;
28.9;
31.3;
30.7;
27.7;
25.7;
24.8;
26.2;
29.8;
33.6;
33.4;
31.8;
29.3;
24.2;
18.8;
16.1;
15.3;
15.0;
15.2;
16.6;
22.6;
27.8;
29.2;
29.3;
28.6;
28.9;
31.3;
30.7;
27.7;
25.7;
24.8;
26.2;
29.8;
33.6;
33.4;
31.8;
29.3;
24.2;
19.1;
16.8;
15.3;
15.0;
15.0;
15.2;
16.9;
21.2;
25.9;
29.1;
30.5;
31.5;
32.9;
32.2;
29.9;
28.5;
28.1;
29.2;
32.0;
33.9;
32.2;
28.7;
27.8;
24.8;
22.3;
20.0;
18.7;
18.2;
18.1;
18.1;
18.4;
20.3;
25.0;
30.0;
32.6;
34.7;
35.0;
31.1;
27.8;
26.1;
24.6;
24.9;
27.2;
29.7;
29.6;
28.6;
27.1;
23.7;
18.7;
16.0;
15.3;
15.0;
15.2;
16.6;
22.6;
27.8;
29.2;
29.2;
28.6;
28.9;
31.3;
30.6;
27.7;
25.7;
24.8;
26.2;
30.0;
33.8;
33.5;
31.9;
29.2;
24.1;
18.8;
16.1;
15.3;
15.0;
15.2;
16.6;
22.6;
27.8;
29.2;
29.3;
28.6;
28.9;
31.3;
30.7;
27.7;
25.7;
24.8;
26.2;
29.8;
33.6;
33.4;
31.8;
29.3;
24.2;
18.8;
16.1;
15.3;
15.0;
15.2;
16.6;
22.6;
27.8;
29.2;
29.3;
28.6;
28.9;
31.3;
30.7;
27.7;
25.7;
24.8;
26.2;
29.8;
33.6;
33.4;
31.8;
29.3;
24.2;
18.6;
15.9;
15.2;
15.0;
15.1;
16.4;
22.5;
28.1;
29.3;
29.1;
28.5;
28.6;
31.1;
30.5;
27.7;
25.6;
24.5;
26.1;
30.4;
34.5;
33.9;
32.1;
29.0;
23.7;
18.6;
15.9;
15.2;
15.0;
15.1;
16.4;
22.5;
28.1;
29.3;
29.1;
28.5;
28.6;
31.1;
30.5;
27.7;
25.6;
24.5;
26.1;
30.4;
34.5;
33.9;
32.1;
29.0;
23.7;
18.8;
16.7;
15.4;
15.1;
15.0;
15.3;
17.0;
21.4;
26.0;
28.6;
30.3;
31.4;
32.6;
32.1;
30.0;
28.4;
28.1;
29.8;
32.8;
34.7;
32.5;
28.2;
27.1;
24.3;
22.3;
20.1;
18.7;
18.3;
18.1;
18.1;
18.3;
19.9;
23.9;
28.8;
32.0;
34.3;
35.0;
32.1;
28.6;
26.5;
25.1;
25.0;
27.1;
29.6;
29.8;
28.8;
27.2;
24.2;
18.6;
15.9;
15.2;
15.0;
15.1;
16.4;
22.5;
28.1;
29.3;
29.1;
28.5;
28.6;
31.1;
30.5;
27.7;
25.6;
24.5;
26.1;
30.4;
34.5;
33.9;
32.1;
29.0;
23.7;
18.6;
15.9;
15.2;
15.0;
15.1;
16.4;
22.5;
28.1;
29.3;
29.1;
28.5;
28.6;
31.1;
30.5;
27.7;
25.6;
24.5;
26.1;
30.4;
34.5;
33.9;
32.1;
29.0;
23.7;
18.6;
15.9;
15.2;
15.0;
15.1;
16.4;
22.5;
28.1;
29.3;
29.1;
28.5;
28.6;
31.1;
30.5;
27.7;
25.6;
24.5;
26.1;
30.4;
34.5;
33.9;
32.1;
29.0;
23.7;
18.6;
15.9;
15.2;
15.0;
15.1;
16.4;
22.5;
28.1;
29.3;
29.1;
28.5;
28.6;
31.1;
30.5;
27.7;
25.6;
24.5;
26.1;
30.4;
34.5;
33.9;
32.1;
29.0;
23.7;
18.6;
15.9;
15.2;
15.0;
15.1;
16.4;
22.5;
28.1;
29.3;
29.1;
28.5;
28.6;
31.1;
30.5;
27.7;
25.6;
24.5;
26.1;
30.4;
34.5;
33.9;
32.1;
29.0;
23.7;
18.8;
16.7;
15.4;
15.1;
15.0;
15.3;
17.0;
21.4;
26.0;
28.6;
30.3;
31.4;
32.6;
32.1;
30.0;
28.4;
28.1;
29.8;
32.8;
34.7;
32.5;
28.2;
27.1;
24.3;
22.3;
20.1;
18.7;
18.3;
18.1;
18.1;
18.3;
19.9;
23.9;
28.8;
32.0;
34.3;
35.0;
32.1;
28.6;
26.5;
25.1;
25.0;
27.1;
29.6;
29.8;
28.8;
27.2;
24.2;
18.6;
15.9;
15.2;
15.0;
15.1;
16.4;
22.5;
28.1;
29.3;
29.1;
28.5;
28.6;
31.1;
30.5;
27.7;
25.6;
24.5;
26.1;
30.4;
34.5;
33.9;
32.1;
29.0;
23.7;
18.6;
15.9;
15.2;
15.0;
15.1;
16.4;
22.5;
28.1;
29.3;
29.1;
28.5;
28.6;
31.1;
30.5;
27.7;
25.6;
24.5;
26.1;
30.4;
34.5;
33.9;
32.1;
29.0;
23.7;
18.6;
15.9;
15.2;
15.0;
15.1;
16.4;
22.5;
28.1;
29.3;
29.1;
28.5;
28.6;
31.1;
30.5;
27.7;
25.6;
24.5;
26.1;
30.4;
34.5;
33.9;
32.1;
29.0;
23.7;
18.6;
15.9;
15.2;
15.0;
15.1;
16.4;
22.5;
28.1;
29.3;
29.1;
28.5;
28.6;
31.1;
30.5;
27.7;
25.6;
24.5;
26.1;
30.4;
34.5;
33.9;
32.1;
29.0;
23.7;
18.6;
15.9;
15.2;
15.0;
15.1;
16.4;
22.5;
28.1;
29.3;
29.1;
28.5;
28.6;
31.1;
30.5;
27.7;
25.6;
24.5;
26.1;
30.4;
34.5;
33.9;
32.1;
29.0;
23.7;
18.8;
16.7;
15.4;
15.1;
15.0;
15.3;
17.0;
21.4;
26.0;
28.6;
30.3;
31.4;
32.6;
32.1;
30.0;
28.4;
28.1;
29.8;
32.8;
34.7;
32.5;
28.2;
27.1;
24.3;
22.3;
20.1;
18.7;
18.3;
18.1;
18.1;
18.3;
19.9;
23.9;
28.8;
32.0;
34.3;
35.0;
32.1;
28.6;
26.5;
25.1;
25.0;
27.1;
29.6;
29.8;
28.8;
27.2;
24.2;
18.6;
15.9;
15.2;
15.0;
15.1;
16.4;
22.5;
28.1;
29.3;
29.1;
28.5;
28.6;
31.1;
30.5;
27.7;
25.6;
24.5;
26.1;
30.4;
34.5;
33.9;
32.1;
29.0;
23.7;
18.6;
15.9;
15.2;
15.0;
15.1;
16.4;
22.5;
28.1;
29.3;
29.1;
28.5;
28.6;
31.1;
30.5;
27.7;
25.6;
24.5;
26.1;
30.4;
34.5;
33.9;
32.1;
29.0;
23.7;
18.6;
15.9;
15.2;
15.0;
15.1;
16.4;
22.5;
28.1;
29.3;
29.1;
28.5;
28.6;
31.1;
30.5;
27.7;
25.6;
24.5;
26.1;
30.4;
34.5;
33.9;
32.1;
29.0;
23.7;
18.6;
15.9;
15.2;
15.0;
15.1;
16.4;
22.5;
28.1;
29.3;
29.1;
28.5;
28.6;
31.1;
30.5;
27.7;
25.6;
24.5;
26.1;
30.4;
34.5;
33.9;
32.1;
29.0;
23.7;
18.6;
15.9;
15.2;
15.0;
15.1;
16.4;
22.5;
28.1;
29.3;
29.1;
28.5;
28.6;
31.1;
30.5;
27.7;
25.6;
24.5;
26.1;
30.4;
34.5;
33.9;
32.1;
29.0;
23.7;
18.8;
16.7;
15.4;
15.1;
15.0;
15.3;
17.0;
21.4;
26.0;
28.6;
30.3;
31.4;
32.6;
32.1;
30.0;
28.4;
28.1;
29.8;
32.8;
34.7;
32.5;
28.2;
27.1;
24.3;
22.3;
20.1;
18.7;
18.3;
18.1;
18.1;
18.3;
19.9;
23.9;
28.8;
32.0;
34.3;
35.0;
32.1;
28.6;
26.5;
25.1;
25.0;
27.1;
29.6;
29.8;
28.8;
27.2;
24.2;
18.6;
15.9;
15.2;
15.0;
15.1;
16.4;
22.5;
28.1;
29.3;
29.1;
28.5;
28.6;
31.1;
30.5;
27.7;
25.6;
24.5;
26.1;
30.4;
34.5;
33.9;
32.1;
29.0;
23.7;
18.6;
15.9;
15.2;
15.0;
15.1;
16.4;
22.5;
28.1;
29.3;
29.1;
28.5;
28.6;
31.1;
30.5;
27.7;
25.6;
24.5;
26.1;
30.4;
34.5;
33.9;
32.1;
29.0;
23.7;
18.6;
15.9;
15.2;
15.0;
15.1;
16.4;
22.5;
28.1;
29.3;
29.1;
28.5;
28.6;
31.1;
30.5;
27.7;
25.6;
24.5;
26.1;
30.4;
34.5;
33.9;
32.1;
29.0;
23.7;
18.6;
15.9;
15.2;
15.0;
15.1;
16.4;
22.5;
28.1;
29.3;
29.1;
28.5;
28.6;
31.1;
30.5;
27.7;
25.6;
24.5;
26.1;
30.4;
34.5;
33.9;
32.1;
29.0;
23.7;
18.6;
15.9;
15.2;
15.0;
15.1;
16.4;
22.5;
28.1;
29.3;
29.1;
28.5;
28.6;
31.1;
30.5;
27.7;
25.6;
24.5;
26.1;
30.4;
34.5;
33.9;
32.1;
29.0;
23.7;
18.8;
16.7;
15.4;
15.1;
15.0;
15.3;
17.0;
21.4;
26.0;
28.6;
30.3;
31.4;
32.6;
32.1;
30.0;
28.4;
28.1;
29.8;
32.8;
34.7;
32.5;
28.2;
27.1;
24.3;
22.2;
20.0;
18.8;
18.5;
18.2;
18.2;
18.4;
19.3;
23.2;
28.2;
31.7;
34.6;
35.0;
31.6;
27.9;
26.0;
25.0;
26.9;
30.0;
32.0;
30.3;
27.9;
25.8;
22.8;
19.8;
18.0;
17.6;
17.5;
17.6;
18.5;
23.6;
28.2;
28.7;
27.5;
26.7;
26.9;
28.4;
28.2;
26.6;
25.3;
25.4;
28.1;
32.5;
35.0;
32.8;
29.6;
26.7;
23.1;
19.8;
18.0;
17.6;
17.5;
17.6;
18.5;
23.6;
28.2;
28.7;
27.5;
26.7;
26.9;
28.4;
28.2;
26.6;
25.3;
25.4;
28.1;
32.5;
35.0;
32.8;
29.6;
26.7;
23.1;
19.8;
18.0;
17.6;
17.5;
17.6;
18.5;
23.6;
28.2;
28.7;
27.5;
26.7;
26.9;
28.4;
28.2;
26.6;
25.3;
25.4;
28.1;
32.5;
35.0;
32.8;
29.6;
26.7;
23.1;
19.8;
18.0;
17.6;
17.5;
17.6;
18.5;
23.6;
28.2;
28.7;
27.5;
26.7;
26.9;
28.4;
28.2;
26.6;
25.3;
25.4;
28.1;
32.5;
35.0;
32.8;
29.6;
26.7;
23.1;
19.8;
18.0;
17.6;
17.5;
17.6;
18.5;
23.6;
28.2;
28.7;
27.5;
26.7;
26.9;
28.4;
28.2;
26.6;
25.3;
25.4;
28.1;
32.5;
35.0;
32.8;
29.6;
26.7;
23.1;
19.9;
18.4;
17.3;
17.0;
16.9;
17.1;
18.4;
21.5;
25.5;
27.8;
28.4;
29.2;
30.4;
30.3;
29.0;
28.0;
28.1;
31.9;
34.9;
35.0;
31.0;
27.0;
25.8;
23.8;
22.2;
20.0;
18.8;
18.5;
18.2;
18.2;
18.4;
19.3;
23.2;
28.2;
31.7;
34.6;
35.0;
31.6;
27.9;
26.0;
25.0;
26.9;
30.0;
32.0;
30.3;
27.9;
25.8;
22.8;
19.8;
18.0;
17.6;
17.5;
17.6;
18.5;
23.6;
28.2;
28.7;
27.5;
26.7;
26.9;
28.4;
28.2;
26.6;
25.3;
25.4;
28.1;
32.5;
35.0;
32.8;
29.6;
26.7;
23.1;
19.8;
18.0;
17.6;
17.5;
17.6;
18.5;
23.6;
28.2;
28.7;
27.5;
26.7;
26.9;
28.4;
28.2;
26.6;
25.3;
25.4;
28.1;
32.5;
35.0;
32.8;
29.6;
26.7;
23.1;
19.8;
18.0;
17.6;
17.5;
17.6;
18.5;
23.6;
28.2;
28.7;
27.5;
26.7;
26.9;
28.4;
28.2;
26.6;
25.3;
25.4;
28.1;
32.5;
35.0;
32.8;
29.6;
26.7;
23.1;
19.8;
18.0;
17.6;
17.5;
17.6;
18.5;
23.6;
28.2;
28.7;
27.5;
26.7;
26.9;
28.4;
28.2;
26.6;
25.3;
25.4;
28.1;
32.5;
35.0;
32.8;
29.6;
26.7;
23.1;
19.8;
18.0;
17.6;
17.5;
17.6;
18.5;
23.6;
28.2;
28.7;
27.5;
26.7;
26.9;
28.4;
28.2;
26.6;
25.3;
25.4;
28.1;
32.5;
35.0;
32.8;
29.6;
26.7;
23.1;
19.9;
18.4;
17.3;
17.0;
16.9;
17.1;
18.4;
21.5;
25.5;
27.8;
28.4;
29.2;
30.4;
30.3;
29.0;
28.0;
28.1;
31.9;
34.9;
35.0;
31.0;
27.0;
25.8;
23.8;
22.2;
20.0;
18.8;
18.5;
18.2;
18.2;
18.4;
19.3;
23.2;
28.2;
31.7;
34.6;
35.0;
31.6;
27.9;
26.0;
25.0;
26.9;
30.0;
32.0;
30.3;
27.9;
25.8;
22.8;
19.8;
18.0;
17.6;
17.5;
17.6;
18.5;
23.6;
28.2;
28.7;
27.5;
26.7;
26.9;
28.4;
28.2;
26.6;
25.3;
25.4;
28.1;
32.5;
35.0;
32.8;
29.6;
26.7;
23.1;
19.8;
18.0;
17.6;
17.5;
17.6;
18.5;
23.6;
28.2;
28.7;
27.5;
26.7;
26.9;
28.4;
28.2;
26.6;
25.3;
25.4;
28.1;
32.5;
35.0;
32.8;
29.6;
26.7;
23.1;
19.8;
18.0;
17.6;
17.5;
17.6;
18.5;
23.6;
28.2;
28.7;
27.5;
26.7;
26.9;
28.4;
28.2;
26.6;
25.3;
25.4;
28.1;
32.5;
35.0;
32.8;
29.6;
26.7;
23.1;
19.8;
18.0;
17.6;
17.5;
17.6;
18.5;
23.6;
28.2;
28.7;
27.5;
26.7;
26.9;
28.4;
28.2;
26.6;
25.3;
25.4;
28.1;
32.5;
35.0;
32.8;
29.6;
26.7;
23.1;
19.8;
18.0;
17.6;
17.5;
17.6;
18.5;
23.6;
28.2;
28.7;
27.5;
26.7;
26.9;
28.4;
28.2;
26.6;
25.3;
25.4;
28.1;
32.5;
35.0;
32.8;
29.6;
26.7;
23.1;
19.9;
18.4;
17.3;
17.0;
16.9;
17.1;
18.4;
21.5;
25.5;
27.8;
28.4;
29.2;
30.4;
30.3;
29.0;
28.0;
28.1;
31.9;
34.9;
35.0;
31.0;
27.0;
25.8;
23.8;
22.2;
20.0;
18.8;
18.5;
18.2;
18.2;
18.4;
19.3;
23.2;
28.2;
31.7;
34.6;
35.0;
31.6;
27.9;
26.0;
25.0;
26.9;
30.0;
32.0;
30.3;
27.9;
25.8;
22.8;
19.8;
18.0;
17.6;
17.5;
17.6;
18.5;
23.6;
28.2;
28.7;
27.5;
26.7;
26.9;
28.4;
28.2;
26.6;
25.3;
25.4;
28.1;
32.5;
35.0;
32.8;
29.6;
26.7;
23.1;
19.8;
18.0;
17.6;
17.5;
17.6;
18.5;
23.6;
28.2;
28.7;
27.5;
26.7;
26.9;
28.4;
28.2;
26.6;
25.3;
25.4;
28.1;
32.5;
35.0;
32.8;
29.6;
26.7;
23.1;
19.8;
18.0;
17.6;
17.5;
17.6;
18.5;
23.6;
28.2;
28.7;
27.5;
26.7;
26.9;
28.4;
28.2;
26.6;
25.3;
25.4;
28.1;
32.5;
35.0;
32.8;
29.6;
26.7;
23.1;
19.8;
18.0;
17.6;
17.5;
17.6;
18.5;
23.6;
28.2;
28.7;
27.5;
26.7;
26.9;
28.4;
28.2;
26.6;
25.3;
25.4;
28.1;
32.5;
35.0;
32.8;
29.6;
26.7;
23.1;
19.8;
18.0;
17.6;
17.5;
17.6;
18.5;
23.6;
28.2;
28.7;
27.5;
26.7;
26.9;
28.4;
28.2;
26.6;
25.3;
25.4;
28.1;
32.5;
35.0;
32.8;
29.6;
26.7;
23.1;
19.9;
18.4;
17.3;
17.0;
16.9;
17.1;
18.4;
21.5;
25.5;
27.8;
28.4;
29.2;
30.4;
30.3;
29.0;
28.0;
28.1;
31.9;
34.9;
35.0;
31.0;
27.0;
25.8;
23.8;
22.2;
20.0;
18.8;
18.5;
18.2;
18.2;
18.4;
19.3;
23.2;
28.2;
31.7;
34.6;
35.0;
31.6;
27.9;
26.0;
25.0;
26.9;
30.0;
32.0;
30.3;
27.9;
25.8;
22.8;
19.8;
18.0;
17.6;
17.5;
17.6;
18.5;
23.6;
28.2;
28.7;
27.5;
26.7;
26.9;
28.4;
28.2;
26.6;
25.3;
25.4;
28.1;
32.5;
35.0;
32.8;
29.6;
26.7;
23.1;
19.8;
18.0;
17.6;
17.5;
17.6;
18.5;
23.6;
28.2;
28.7;
27.5;
26.7;
26.9;
28.4;
28.2;
26.6;
25.3;
25.4;
28.1;
32.5;
35.0;
32.8;
29.6;
26.7;
23.1;
19.8;
18.0;
17.6;
17.5;
17.6;
18.5;
23.6;
28.2;
28.7;
27.5;
26.7;
26.9;
28.4;
28.2;
26.6;
25.3;
25.4;
28.1;
32.5;
35.0;
32.8;
29.6;
26.7;
23.1;
19.8;
18.0;
17.6;
17.5;
17.6;
18.5;
23.6;
28.2;
28.7;
27.5;
26.7;
26.9;
28.4;
28.2;
26.6;
25.3;
25.4;
28.1;
32.5;
35.0;
32.8;
29.6;
26.7;
23.1;
19.8;
18.0;
17.6;
17.5;
17.6;
18.5;
23.6;
28.2;
28.7;
27.5;
26.7;
26.9;
28.4;
28.2;
26.6;
25.3;
25.4;
28.1;
32.5;
35.0;
32.8;
29.6;
26.7;
23.1;
19.9;
18.4;
17.3;
17.0;
16.9;
17.1;
18.4;
21.5;
25.5;
27.8;
28.4;
29.2;
30.4;
30.3;
29.0;
28.0;
28.1;
31.9;
34.9;
35.0;
31.0;
27.0;
25.8;
23.8;
22.2;
20.0;
18.8;
18.5;
18.2;
18.2;
18.4;
19.3;
23.2;
28.2;
31.7;
34.6;
35.0;
31.6;
27.9;
26.0;
25.0;
26.9;
30.0;
32.0;
30.3;
27.9;
25.8;
22.8;
19.8;
18.0;
17.6;
17.5;
17.6;
18.5;
23.6;
28.2;
28.7;
27.5;
26.7;
26.9;
28.4;
28.2;
26.6;
25.3;
25.4;
28.1;
32.5;
35.0;
32.8;
29.6;
26.7;
23.1;
19.8;
18.0;
17.6;
17.5;
17.6;
18.5;
23.6;
28.2;
28.7;
27.5;
26.7;
26.9;
28.4;
28.2;
26.6;
25.3;
25.4;
28.1;
32.5;
35.0;
32.8;
29.6;
26.7;
23.1;
19.8;
18.0;
17.6;
17.5;
17.6;
18.5;
23.6;
28.2;
28.7;
27.5;
26.7;
26.9;
28.4;
28.2;
26.6;
25.3;
25.4;
28.1;
32.5;
35.0;
32.8;
29.6;
26.7;
23.1;
19.8;
18.0;
17.6;
17.5;
17.6;
18.5;
23.6;
28.2;
28.7;
27.5;
26.7;
26.9;
28.4;
28.2;
26.6;
25.3;
25.4;
28.1;
32.5;
35.0;
32.8;
29.6;
26.7;
23.1;
19.8;
18.0;
17.6;
17.5;
17.6;
18.5;
23.6;
28.2;
28.7;
27.5;
26.7;
26.9;
28.4;
28.2;
26.6;
25.3;
25.4;
28.1;
32.5;
35.0;
32.8;
29.6;
26.7;
23.1;
19.9;
18.4;
17.3;
17.0;
16.9;
17.1;
18.4;
21.5;
25.5;
27.8;
28.4;
29.2;
30.4;
30.3;
29.0;
28.0;
28.1;
31.9;
34.9;
35.0;
31.0;
27.0;
25.8;
23.8;
22.2;
20.0;
18.8;
18.5;
18.2;
18.2;
18.4;
19.3;
23.2;
28.2;
31.7;
34.6;
35.0;
31.6;
27.9;
26.0;
25.0;
26.9;
30.0;
32.0;
30.3;
27.9;
25.8;
22.8;
19.8;
18.0;
17.6;
17.5;
17.6;
18.5;
23.6;
28.2;
28.7;
27.5;
26.7;
26.9;
28.4;
28.2;
26.6;
25.3;
25.4;
28.1;
32.5;
35.0;
32.8;
29.6;
26.7;
23.1;
19.8;
18.0;
17.6;
17.5;
17.6;
18.5;
23.6;
28.2;
28.7;
27.5;
26.7;
26.9;
28.4;
28.2;
26.6;
25.3;
25.4;
28.1;
32.5;
35.0;
32.8;
29.6;
26.7;
23.1;
19.8;
18.0;
17.6;
17.5;
17.6;
18.5;
23.6;
28.2;
28.7;
27.5;
26.7;
26.9;
28.4;
28.2;
26.6;
25.3;
25.4;
28.1;
32.5;
35.0;
32.8;
29.6;
26.7;
23.1;
19.8;
18.0;
17.6;
17.5;
17.6;
18.5;
23.6;
28.2;
28.7;
27.5;
26.7;
26.9;
28.4;
28.2;
26.6;
25.3;
25.4;
28.1;
32.5;
35.0;
32.8;
29.6;
26.7;
23.1;
19.8;
18.0;
17.6;
17.5;
17.6;
18.5;
23.6;
28.2;
28.7;
27.5;
26.7;
26.9;
28.4;
28.2;
26.6;
25.3;
25.4;
28.1;
32.5;
35.0;
32.8;
29.6;
26.7;
23.1;
19.9;
18.4;
17.3;
17.0;
16.9;
17.1;
18.4;
21.5;
25.5;
27.8;
28.4;
29.2;
30.4;
30.3;
29.0;
28.0;
28.1;
31.9;
34.9;
35.0;
31.0;
27.0;
25.8;
23.8;
22.2;
20.0;
18.8;
18.5;
18.2;
18.2;
18.4;
19.3;
23.2;
28.2;
31.7;
34.6;
35.0;
31.6;
27.9;
26.0;
25.0;
26.9;
30.0;
32.0;
30.3;
27.9;
25.8;
22.8;
19.8;
18.0;
17.6;
17.5;
17.6;
18.5;
23.6;
28.2;
28.7;
27.5;
26.7;
26.9;
28.4;
28.2;
26.6;
25.3;
25.4;
28.1;
32.5;
35.0;
32.8;
29.6;
26.7;
23.1;
19.8;
18.0;
17.6;
17.5;
17.6;
18.5;
23.6;
28.2;
28.7;
27.5;
26.7;
26.9;
28.4;
28.2;
26.6;
25.3;
25.4;
28.1;
32.5;
35.0;
32.8;
29.6;
26.7;
23.1;
19.8;
18.0;
17.6;
17.5;
17.6;
18.5;
23.6;
28.2;
28.7;
27.5;
26.7;
26.9;
28.4;
28.2;
26.6;
25.3;
25.4;
28.1;
32.5;
35.0;
32.8;
29.6;
26.7;
23.1;
19.8;
18.0;
17.6;
17.5;
17.6;
18.5;
23.6;
28.2;
28.7;
27.5;
26.7;
26.9;
28.4;
28.2;
26.6;
25.3;
25.4;
28.1;
32.5;
35.0;
32.8;
29.6;
26.7;
23.1;
19.8;
18.0;
17.6;
17.5;
17.6;
18.5;
23.6;
28.2;
28.7;
27.5;
26.7;
26.9;
28.4;
28.2;
26.6;
25.3;
25.4;
28.1;
32.5;
35.0;
32.8;
29.6;
26.7;
23.1;
19.9;
18.4;
17.3;
17.0;
16.9;
17.1;
18.4;
21.5;
25.5;
27.8;
28.4;
29.2;
30.4;
30.3;
29.0;
28.0;
28.1;
31.9;
34.9;
35.0;
31.0;
27.0;
25.8;
23.8;
22.2;
20.0;
18.8;
18.5;
18.2;
18.2;
18.4;
19.3;
23.2;
28.2;
31.7;
34.6;
35.0;
31.6;
27.9;
26.0;
25.0;
26.9;
30.0;
32.0;
30.3;
27.9;
25.8;
22.8;
19.8;
18.0;
17.6;
17.5;
17.6;
18.5;
23.6;
28.2;
28.7;
27.5;
26.7;
26.9;
28.4;
28.2;
26.6;
25.3;
25.4;
28.1;
32.5;
35.0;
32.8;
29.6;
26.7;
23.1;
19.8;
18.0;
17.6;
17.5;
17.6;
18.5;
23.6;
28.2;
28.7;
27.5;
26.7;
26.9;
28.4;
28.2;
26.6;
25.3;
25.4;
28.1;
32.5;
35.0;
32.8;
29.6;
26.7;
23.1;
19.8;
18.0;
17.6;
17.5;
17.6;
18.5;
23.6;
28.2;
28.7;
27.5;
26.7;
26.9;
28.4;
28.2;
26.6;
25.3;
25.4;
28.1;
32.5;
35.0;
32.8;
29.6;
26.7;
23.1;
19.8;
18.0;
17.6;
17.5;
17.6;
18.5;
23.6;
28.2;
28.7;
27.5;
26.7;
26.9;
28.4;
28.2;
26.6;
25.3;
25.4;
28.1;
32.5;
35.0;
32.8;
29.6;
26.7;
23.1;
19.8;
18.0;
17.6;
17.5;
17.6;
18.5;
23.6;
28.2;
28.7;
27.5;
26.7;
26.9;
28.4;
28.2;
26.6;
25.3;
25.4;
28.1;
32.5;
35.0;
32.8;
29.6;
26.7;
23.1;
