22;5
22;5
4;13
4;13
28;35
28;35
28;35
28;35
28;35
28;35
18;26
18;26
18;26
18;26
18;26
18;26
18;26
18;26
18;26
18;26
18;26
18;26
18;26
18;26
18;26
18;26
28;35
28;35
28;35
28;35
28;35
28;35
28;35
28;35
18;26
18;26
18;26
18;26
18;26
18;26
18;26
18;26
18;26
18;26
18;26
18;26
18;26
18;26
28;35
28;35
28;35
28;35
28;35
28;35
28;35
28;35
18;26
18;26
18;26
18;26
18;26
18;26
18;26
18;26
18;26
18;26
18;26
18;26
18;26
18;26
18;26
18;26
28;35
28;35
28;35
28;35
28;35
28;35
18;26
18;26
18;26
18;26
18;26
18;26
18;26
18;26
18;26
18;26
18;26
18;26
18;26
18;26
18;26
18;26
18;26
18;26
18;26
18;26
18;26
18;26
18;26
18;26
38;45
38;45
18;26
18;26
18;26
18;26
4;13
4;13
18;26
18;26
18;26
18;26
18;26
18;26
18;26
18;26
18;26
18;26
18;26
18;26
18;26
18;26
18;26
18;26
18;26
18;26
18;26
18;26
18;26
18;26
18;26
18;26
18;26
18;26
18;26
18;26
18;26
18;26
18;26
18;26
18;26
18;26
18;26
18;26
18;26
18;26
18;26
18;26
18;26
18;26
18;26
18;26
18;26
18;26
18;26
18;26
18;26
18;26
18;26
18;26
34;42
34;42
34;42
34;42
34;42
34;42
34;42
34;42
14;11
14;11
14;11
14;11
14;11
14;11
14;11
14;11
14;11
14;11
14;11
14;11
14;11
14;11
14;11
14;11
14;11
14;11
14;11
14;11
14;11
14;11
14;11
14;11
14;11
14;11
14;11
14;11
14;11
14;11
14;11
14;11
14;11
14;11
14;11
14;11
14;11
14;11
14;11
14;11
14;11
14;11
14;11
14;11
14;11
14;11
14;11
14;11
14;11
14;11
24;38
24;38
40;55
40;55
48;54
48;54
48;54
48;54
48;54
48;54
42;59
42;59
42;59
42;59
42;59
42;59
42;59
42;59
48;60
48;60
48;60
48;60
48;60
48;60
48;60
48;60
48;60
48;60
48;60
48;60
48;60
48;60
48;60
48;60
58;64
58;64
58;64
58;64
46;62
46;62
46;62
46;62
46;62
46;62
52;57
52;57
52;57
52;57
44;58
44;58
44;58
44;58
44;58
44;58
44;58
44;58
44;58
44;58
50;65
50;65
50;65
50;65
50;65
50;65
50;65
50;65
56;71
56;71
56;71
56;71
56;71
56;71
56;71
56;71
56;71
56;71
56;71
56;71
56;71
56;71
56;71
56;71
48;66
48;66
48;66
48;66
48;66
48;66
48;66
48;66
48;66
48;66
54;73
54;73
54;73
54;73
54;73
54;73
54;73
54;73
54;73
54;73
54;73
54;73
54;73
54;73
54;73
54;73
48;66
48;66
48;66
48;66
48;66
48;66
48;66
48;66
48;66
48;66
54;73
54;73
54;73
54;73
54;73
54;73
54;73
54;73
54;73
54;73
54;73
54;73
54;73
54;73
54;73
54;73
54;73
54;73
48;66
48;66
48;66
48;66
48;66
48;66
48;66
48;66
48;66
48;66
54;73
54;73
54;73
54;73
54;73
54;73
54;73
54;73
54;73
54;73
54;73
54;73
60;68
60;68
60;68
60;68
60;68
60;68
60;68
60;68
60;68
60;68
60;68
60;68
60;68
60;68
60;68
60;68
60;68
60;68
60;68
60;68
60;68
60;68
60;68
60;68
60;68
60;68
60;68
60;68
60;68
60;68
60;68
60;68
60;68
60;68
60;68
60;68
60;68
60;68
60;68
60;68
60;68
60;68
60;68
60;68
60;68
60;68
60;68
60;68
60;68
60;68
60;68
60;68
60;68
60;68
60;68
60;68
60;68
60;68
60;68
60;68
60;68
60;68
60;68
60;68
60;68
60;68
60;68
60;68
60;68
60;68
60;68
60;68
60;68
60;68
60;68
60;68
60;68
60;68
60;68
60;68
60;68
60;68
66;81
66;81
56;77
56;77
56;77
56;77
56;77
56;77
56;77
56;77
56;77
56;77
56;77
56;77
56;77
56;77
56;77
56;77
56;77
56;77
56;77
56;77
56;77
56;77
56;77
56;77
56;77
56;77
56;77
56;77
56;77
56;77
56;77
56;77
64;77
64;77
64;77
64;77
56;77
56;77
56;77
56;77
56;77
56;77
56;77
56;77
56;77
56;77
56;77
56;77
56;77
56;77
56;77
56;77
56;77
56;77
56;77
56;77
56;77
56;77
56;77
56;77
56;77
56;77
56;77
56;77
56;77
56;77
56;77
56;77
56;77
56;77
62;72
62;72
56;77
56;77
56;77
56;77
56;77
56;77
56;77
56;77
56;77
56;77
56;77
56;77
56;77
56;77
56;77
56;77
56;77
56;77
56;77
56;77
56;77
56;77
56;77
56;77
56;77
56;77
56;77
56;77
56;77
56;77
56;77
56;77
62;78
62;78
62;78
62;78
56;77
56;77
56;77
56;77
56;77
56;77
56;77
56;77
56;77
56;77
56;77
56;77
56;77
56;77
56;77
56;77
56;77
56;77
56;77
56;77
56;77
56;77
56;77
56;77
56;77
56;77
56;77
56;77
56;77
56;77
62;72
62;72
62;72
62;72
54;79
54;79
54;79
54;79
54;79
54;79
54;79
54;79
54;79
54;79
54;79
54;79
54;79
54;79
54;79
54;79
54;79
54;79
54;79
54;79
54;79
54;79
60;74
60;74
60;74
60;74
60;74
60;74
48;66
48;66
48;66
48;66
48;66
48;66
48;66
48;66
48;66
48;66
48;66
48;66
48;66
48;66
48;66
48;66
48;66
48;66
56;71
56;71
48;66
48;66
48;66
48;66
48;66
48;66
48;66
48;66
48;66
48;66
48;66
48;66
48;66
48;66
48;66
48;66
48;66
48;66
48;66
48;66
48;66
48;66
48;66
48;66
48;66
48;66
48;66
48;66
48;66
48;66
62;78
62;78
62;78
62;78
62;78
62;78
56;71
56;71
56;71
56;71
56;71
56;71
56;71
56;71
56;71
56;71
56;71
56;71
56;71
56;71
56;71
56;71
56;71
56;71
56;71
56;71
56;71
56;71
56;71
56;71
56;71
56;71
56;71
56;71
56;71
56;71
56;71
56;71
64;76
64;76
56;71
56;71
56;71
56;71
56;71
56;71
56;71
56;71
56;71
56;71
56;71
56;71
56;71
56;71
56;71
56;71
56;71
56;71
56;71
56;71
56;71
56;71
56;71
56;71
56;71
56;71
56;71
56;71
56;71
56;71
56;71
56;71
56;71
56;71
62;78
62;78
56;77
56;77
56;77
56;77
56;77
56;77
56;77
56;77
56;77
56;77
56;77
56;77
56;77
56;77
56;77
56;77
56;77
56;77
56;77
56;77
56;77
56;77
56;77
56;77
56;77
56;77
56;77
56;77
56;77
56;77
56;77
56;77
62;78
62;78
62;78
62;78
54;79
54;79
54;79
54;79
54;79
54;79
54;79
54;79
54;79
54;79
54;79
54;79
54;79
54;79
54;79
54;79
54;79
54;79
54;79
54;79
54;79
54;79
54;79
54;79
54;79
54;79
54;79
54;79
54;79
54;79
60;74
60;74
60;74
60;74
60;74
60;74
60;74
60;74
54;78
54;78
54;78
54;78
54;78
54;78
54;78
54;78
54;78
54;78
54;78
54;78
54;78
54;78
54;78
54;78
54;78
54;78
54;78
54;78
54;78
54;78
54;78
54;78
54;78
54;78
60;74
60;74
60;74
60;74
60;74
60;74
60;74
60;74
60;74
60;74
60;74
60;74
60;74
60;74
60;74
60;74
60;74
60;74
60;74
60;74
60;74
60;74
60;74
60;74
60;74
60;74
60;74
60;74
60;74
60;74
60;74
60;74
60;74
60;74
60;74
60;74
60;74
60;74
60;74
60;74
60;74
60;74
54;78
54;78
54;78
54;78
54;78
54;78
54;78
54;78
54;78
54;78
54;78
54;78
54;78
54;78
54;78
54;78
60;74
60;74
60;74
60;74
60;74
60;74
48;66
48;66
48;66
48;66
48;66
48;66
48;66
48;66
48;66
48;66
48;66
48;66
48;66
48;66
48;66
48;66
48;66
48;66
56;77
56;77
48;66
48;66
48;66
48;66
48;66
48;66
48;66
48;66
48;66
48;66
48;66
48;66
48;66
48;66
48;66
48;66
48;66
48;66
48;66
48;66
48;66
48;66
48;66
48;66
48;66
48;66
48;66
48;66
48;66
48;66
60;73
60;73
60;73
60;73
60;73
60;73
60;73
60;73
54;78
54;78
54;78
54;78
54;78
54;78
54;78
54;78
54;78
54;78
54;78
54;78
54;78
54;78
54;78
54;78
54;78
54;78
54;78
54;78
54;78
54;78
54;78
54;78
54;78
54;78
66;74
66;74
56;76
56;76
70;77
70;77
70;77
70;77
70;77
70;77
70;77
70;77
62;72
62;72
68;78
68;78
68;78
68;78
52;56
52;56
68;72
68;72
68;72
68;72
56;65
56;65
56;65
56;65
50;58
50;58
44;51
44;51
20;24
20;24
20;24
20;24
20;24
20;24
20;24
20;24
20;24
20;24
20;24
20;24
20;24
20;24
20;24
20;24
20;24
20;24
20;24
20;24
20;24
20;24
20;24
20;24
46;50
46;50
38;50
38;50
38;50
38;50
38;50
38;50
14;11
14;11
14;11
14;11
14;11
14;11
14;11
14;11
14;11
14;11
14;11
14;11
14;11
14;11
14;11
14;11
14;11
14;11
14;11
14;11
14;11
14;11
14;11
14;11
14;11
14;11
14;11
14;11
14;11
14;11
14;11
14;11
14;11
14;11
14;11
14;11
14;11
14;11
14;11
14;11
14;11
14;11
14;11
14;11
28;41
28;41
28;41
28;41
44;51
44;51
44;51
44;51
44;51
44;51
44;51
44;51
44;51
44;51
44;51
44;51
44;51
44;51
44;51
44;51
44;51
44;51
44;51
44;51
44;51
44;51
50;70
50;70
50;70
50;70
50;70
50;70
50;70
50;70
56;71
56;71
56;71
56;71
56;71
56;71
56;71
56;71
50;64
50;64
50;64
50;64
50;64
50;64
50;64
50;64
50;64
50;64
50;64
50;64
50;64
50;64
50;64
50;64
50;64
50;64
50;64
50;64
56;71
56;71
56;71
56;71
56;71
56;71
56;71
56;71
50;64
50;64
50;64
50;64
50;64
50;64
50;64
50;64
50;64
50;64
50;64
50;64
50;64
50;64
50;64
50;64
50;64
50;64
50;64
50;64
56;76
56;76
56;76
56;76
56;76
56;76
56;76
56;76
50;64
50;64
50;64
50;64
44;63
44;63
44;63
44;63
44;63
44;63
44;63
44;63
50;70
50;70
50;70
50;70
50;70
50;70
50;70
50;70
50;70
50;70
56;77
56;77
56;77
56;77
56;77
56;77
56;77
56;77
56;77
56;77
56;77
56;77
56;77
56;77
56;77
56;77
56;77
56;77
56;77
56;77
56;77
56;77
56;77
56;77
56;77
56;77
56;77
56;77
56;77
56;77
56;77
56;77
56;77
56;77
56;77
56;77
56;77
56;77
56;77
56;77
56;77
56;77
56;77
56;77
56;77
56;77
56;77
56;77
56;77
56;77
64;76
64;76
64;76
64;76
56;76
56;76
56;76
56;76
56;76
56;76
56;76
56;76
56;76
56;76
56;76
56;76
56;76
56;76
56;76
56;76
56;76
56;76
56;76
56;76
56;76
56;76
56;76
56;76
56;76
56;76
56;76
56;76
56;76
56;76
56;76
56;76
64;76
64;76
54;78
54;78
54;78
54;78
64;76
64;76
64;76
64;76
64;76
64;76
64;76
64;76
64;76
64;76
64;76
64;76
1912;20
1912;20
1912;20
1912;20
1912;20
1912;20
1906;0
1906;0
1900;136
1900;136
1910;0
1910;0
1910;0
1910;0
1910;0
1910;0
1910;0
1910;0
1902;104
1902;104
1902;104
1902;104
1912;0
1912;0
1900;147
1900;147
1908;0
1908;0
1908;0
1908;0
1908;0
1908;0
1914;0
1914;0
1914;0
1914;0
1904;99
1904;99
1904;99
1904;99
1904;99
1904;99
1904;99
1904;99
1910;0
1910;0
1904;57
1904;57
1904;57
1904;57
1904;57
1904;57
1910;0
1910;0
1910;0
1910;0
1910;0
1910;0
1910;0
1910;0
1910;0
1910;0
1904;114
1904;114
1910;27
1910;27
1910;27
1910;27
1910;27
1910;27
1900;0
1900;0
1906;0
1906;0
1906;0
1906;0
1906;0
1906;0
1906;0
1906;0
1900;136
1900;136
1900;136
1900;136
1900;136
1900;136
1900;136
1900;136
1910;0
1910;0
1902;104
1902;104
1902;104
1902;104
1902;104
1902;104
1902;104
1902;104
1902;104
1902;104
1910;27
1910;27
1904;143
1904;143
1904;143
1904;143
1904;143
1904;143
1896;116
1896;116
1904;57
1904;57
1904;57
1904;57
1904;57
1904;57
1904;57
1904;57
1904;57
1904;57
1904;57
1904;57
1904;57
1904;57
1904;57
1904;57
1904;57
1904;57
1904;57
1904;57
1894;133
1894;133
1906;0
1906;0
1906;0
1906;0
1906;0
1906;0
1916;0
1916;0
1898;95
1898;95
1904;80
1904;80
1904;80
1904;80
1904;80
1904;80
1904;80
1904;80
1904;80
1904;80
1904;80
1904;80
1904;80
1904;80
1904;80
1904;80
1904;80
1904;80
1904;80
1904;80
1904;80
1904;80
1904;80
1904;80
1896;101
1896;101
1902;0
1902;0
1902;0
1902;0
1910;0
1910;0
1910;0
1910;0
1918;0
1918;0
1918;0
1918;0
1910;142
1910;142
1916;24
1916;24
1916;24
1916;24
1916;24
1916;24
1916;24
1916;24
1922;0
1922;0
1922;0
1922;0
1922;0
1922;0
1922;0
1922;0
1916;84
1916;84
1916;84
1916;84
1922;0
1922;0
1922;0
1922;0
1914;138
1914;138
1922;37
1922;37
1922;37
1922;37
1922;37
1922;37
1916;102
1916;102
1922;89
1922;89
1922;89
1922;89
1922;89
1922;89
1922;89
1922;89
1932;0
1932;0
1922;106
1922;106
1922;106
1922;106
1922;106
1922;106
1928;0
1928;0
1928;0
1928;0
1920;137
1920;137
1920;137
1920;137
1920;137
1920;137
1920;137
1920;137
1930;0
1930;0
1918;52
1918;52
1918;52
1918;52
1918;52
1918;52
1918;52
1918;52
1918;52
1918;52
1918;52
1918;52
1912;126
1912;126
1918;0
1918;0
1918;0
1918;0
1918;0
1918;0
1918;0
1918;0
1918;0
1918;0
1910;142
1910;142
1916;84
1916;84
1916;84
1916;84
1916;84
1916;84
1916;84
1916;84
1924;33
1924;33
1916;84
1916;84
1922;106
1922;106
1922;106
1922;106
1916;84
1916;84
1916;84
1916;84
1916;84
1916;84
1916;84
1916;84
1916;84
1916;84
1916;84
1916;84
1916;84
1916;84
1916;84
1916;84
1922;0
1922;0
1922;0
1922;0
1914;107
1914;107
1920;0
1920;0
1920;0
1920;0
1920;0
1920;0
1920;0
1920;0
1920;0
1920;0
1908;86
1908;86
1914;70
1914;70
1914;70
1914;70
1914;70
1914;70
1914;70
1914;70
1914;70
1914;70
1914;70
1914;70
1920;0
1920;0
1920;0
1920;0
1920;0
1920;0
1920;0
1920;0
1920;0
1920;0
1920;0
1920;0
1926;0
1926;0
1926;0
1926;0
1926;0
1926;0
1916;24
1916;24
1916;24
1916;24
1916;24
1916;24
1916;24
1916;24
1916;24
1916;24
1916;24
1916;24
1916;24
1916;24
1916;24
1916;24
1910;153
1910;153
1918;0
1918;0
1918;0
1918;0
1908;103
1908;103
1916;0
1916;0
1916;0
1916;0
1910;153
1910;153
1918;0
1918;0
1918;0
1918;0
1918;0
1918;0
1918;0
1918;0
1910;142
1910;142
1910;142
1910;142
1916;24
1916;24
1910;55
1910;55
1910;55
1910;55
1910;55
1910;55
1910;55
1910;55
1910;55
1910;55
1910;55
1910;55
1910;55
1910;55
1910;55
1910;55
1910;55
1910;55
1910;55
1910;55
1910;55
1910;55
1918;83
1918;83
1918;83
1918;83
1908;86
1908;86
1908;86
1908;86
1916;0
1916;0
1910;0
1910;0
1910;0
1910;0
1910;0
1910;0
1910;0
1910;0
1910;0
1910;0
1910;0
1910;0
1910;0
1910;0
1902;143
1902;143
1912;0
1912;0
1912;0
1912;0
1912;0
1912;0
1912;0
1912;0
1912;0
1912;0
1912;0
1912;0
1920;0
1920;0
1902;128
1902;128
1908;0
1908;0
1908;0
1908;0
1908;0
1908;0
1908;0
1908;0
1902;140
1902;140
1902;140
1902;140
1902;140
1902;140
1902;140
1902;140
1918;0
1918;0
1904;94
1904;94
1904;94
1904;94
1904;94
1904;94
1904;94
1904;94
1910;0
1910;0
1902;140
1902;140
1908;0
1908;0
1908;0
1908;0
1908;0
1908;0
1908;0
1908;0
1900;155
1900;155
1906;0
1906;0
1906;0
1906;0
1906;0
1906;0
1906;0
1906;0
1906;0
1906;0
1922;0
1922;0
1908;103
1908;103
1908;103
1908;103
1908;103
1908;103
1908;103
1908;103
1914;0
1914;0
1914;0
1914;0
1914;0
1914;0
1914;0
1914;0
1914;0
1914;0
1914;0
1914;0
1914;0
1914;0
1920;0
1920;0
1912;150
1912;150
1920;0
1920;0
1920;0
1920;0
1920;0
1920;0
1926;0
1926;0
1926;0
1926;0
1910;79
1910;79
1916;0
1916;0
1910;153
1910;153
1910;153
1910;153
1916;24
1916;24
1910;164
1910;164
1910;164
1910;164
1910;164
1910;164
1910;164
1910;164
1918;0
1918;0
1910;79
1910;79
1916;0
1916;0
1916;0
1916;0
1910;153
1910;153
1916;24
1916;24
1916;24
1916;24
1916;24
1916;24
1924;0
1924;0
1912;150
1912;150
1918;0
1918;0
1912;126
1912;126
1912;126
1912;126
1918;0
1918;0
1912;150
1912;150
1922;0
1922;0
1914;121
1914;121
1914;121
1914;121
1914;121
1914;121
1914;121
1914;121
1914;121
1914;121
1914;121
1914;121
1914;121
1914;121
1914;121
1914;121
1914;121
1914;121
1928;0
1928;0
1910;55
1910;55
1910;55
1910;55
1918;0
1918;0
1906;123
1906;123
1906;123
1906;123
1912;0
1912;0
1912;0
1912;0
1918;0
1918;0
1906;123
1906;123
1914;0
1914;0
1914;0
1914;0
1914;0
1914;0
1914;0
1914;0
1902;154
1902;154
1916;24
1916;24
1908;86
1908;86
1916;0
1916;0
1922;0
1922;0
1902;164
1902;164
1914;0
1914;0
1906;123
1906;123
1906;123
1906;123
1912;0
1912;0
1912;0
1912;0
1912;0
1912;0
1912;0
1912;0
1912;0
1912;0
1912;0
1912;0
1904;139
1904;139
1914;0
1914;0
1914;0
1914;0
1908;86
1908;86
1916;0
1916;0
1916;0
1916;0
1922;0
1922;0
1922;0
1922;0
1906;123
1906;123
1916;0
1916;0
1904;127
1904;127
1914;107
1914;107
1914;107
1914;107
1914;107
1904;139
1904;139
1910;0
1910;0
1910;0
1910;0
1910;0
1910;0
1910;0
1910;0
1910;0
1910;0
1910;0
1910;0
1910;0
1910;0
1910;0
1910;0
1916;0
1916;0
1916;0
1916;0
1916;0
1916;0
1910;79
1910;79
1910;79
1910;79
1910;79
1910;79
1910;79
1910;79
1910;79
1910;79
1910;79
1910;79
1910;79
1910;79
1910;79
1910;79
1910;79
1910;79
1916;0
1916;0
1908;103
1908;103
1908;103
1908;103
1914;0
1914;0
1908;103
1908;103
1908;103
1908;103
1920;50
1920;50
1920;50
1920;50
1920;50
1920;50
1910;79
1910;79
1910;79
1910;79
1910;79
1910;79
1910;79
1910;79
1918;0
1918;0
1910;164
1910;164
1918;0
1918;0
1912;138
1912;138
1912;138
1912;138
1912;138
1912;138
1912;138
1912;138
1912;138
1912;138
1912;138
1912;138
1912;138
1912;138
1912;138
1912;138
1912;138
1912;138
1920;0
1920;0
1912;0
1912;0
1912;0
1912;0
1912;0
1912;0
1898;95
1898;95
1898;95
1898;95
1912;0
1912;0
1904;139
1904;139
1910;0
1910;0
1910;0
1910;0
1904;139
1904;139
1910;0
1910;0
1904;114
1904;114
1904;114
1904;114
1904;114
1904;114
1904;114
1904;114
1904;114
1904;114
1914;0
1914;0
1902;132
1902;132
1902;132
1902;132
1908;0
1908;0
1902;154
1902;154
1902;154
1902;154
1902;154
1902;154
1902;154
1902;154
1902;154
1902;154
1902;154
1902;154
1910;0
1910;0
1904;0
1904;0
1904;0
1904;0
1904;0
1904;0
1894;130
1894;130
1894;130
1894;130
1894;130
1894;130
1894;130
1894;130
1894;130
1894;130
1894;130
1894;130
1894;130
1894;130
1902;0
1902;0
1902;0
1902;0
1910;0
1910;0
1910;0
1910;0
1902;154
1902;154
1908;31
1908;31
1908;31
1908;31
1902;143
1902;143
1902;143
1902;143
1902;143
1902;143
1902;143
1902;143
1902;143
1902;143
1902;143
1902;143
1902;143
1902;143
1902;143
1902;143
1902;143
1902;143
1902;143
1902;143
1910;0
1910;0
1904;114
1904;114
1904;114
1904;114
1914;0
1914;0
1914;0
1914;0
1906;109
1906;109
1906;109
1906;109
1906;109
1906;109
1906;109
1906;109
1914;0
1914;0
1914;0
1914;0
1914;0
1914;0
1914;0
1914;0
1914;0
1914;0
1906;123
1906;123
1914;0
1914;0
1914;0
1914;0
1908;103
1908;103
1914;0
1914;0
1908;103
1908;103
1916;0
1916;0
1916;0
1916;0
1904;151
1904;151
1912;0
1912;0
1912;0
1912;0
1906;123
1906;123
1906;123
1906;123
1906;123
1906;123
1906;123
1906;123
1914;0
1914;0
1906;135
1906;135
1912;0
1912;0
1912;0
1912;0
1912;0
1912;0
1912;0
1912;0
1906;135
1906;135
1912;0
1912;0
1912;0
1912;0
1912;0
1912;0
1918;0
1918;0
1908;86
1908;86
1908;86
1908;86
1914;0
1914;0
1908;103
1908;103
1908;103
1908;103
1908;103
1908;103
1908;103
1908;103
1908;103
1908;103
1908;103
1908;103
1908;103
1908;103
1914;0
1914;0
1914;0
1914;0
1904;139
1904;139
1914;0
1914;0
1908;65
1908;65
1908;65
1908;65
1922;0
1922;0
1912;44
1912;44
1912;44
1912;44
1912;44
1912;44
1912;44
1912;44
1912;44
1912;44
1912;44
1912;44
1912;44
1912;44
1912;44
1912;44
1912;44
1912;44
1904;139
1904;139
1916;0
1916;0
1916;0
1916;0
1904;139
1904;139
1910;0
1910;0
1910;0
1910;0
1910;0
1910;0
1918;60
1918;60
1918;60
1918;60
1906;123
1906;123
1912;0
1912;0
1912;0
1912;0
1904;139
1904;139
1912;0
1912;0
1912;0
1912;0
1912;0
1912;0
1912;0
1912;0
1904;139
1904;139
1904;139
1904;139
1912;0
1912;0
1904;139
1904;139
1904;139
1904;139
1912;0
1912;0
1906;123
1906;123
1916;0
1916;0
1916;0
1916;0
1916;0
1916;0
1916;0
1916;0
1910;55
1910;55
1910;55
1910;55
1910;55
1910;55
1904;151
1904;151
1910;0
1910;0
1904;114
1904;114
1904;114
1904;114
1910;0
1910;0
1910;0
1910;0
1910;0
1910;0
1910;0
1910;0
1898;111
1898;111
1904;139
1904;139
1904;139
1904;139
1904;139
1904;139
1912;97
1912;97
1912;97
1912;97
1912;97
1912;97
1912;97
1912;97
1912;97
1912;97
1912;97
1912;97
1912;97
1912;97
1912;97
1912;97
1912;97
1912;97
1912;97
1912;97
1912;97
1912;97
1912;97
1912;97
1906;123
1906;123
1906;123
1906;123
1906;123
1906;123
1906;123
1906;123
1912;0
1912;0
1912;0
1912;0
1912;0
1912;0
1912;0
1912;0
1912;0
1912;0
1912;0
1912;0
1906;109
1906;109
1906;109
1906;109
1906;109
1906;109
1906;109
1906;109
1912;0
1912;0
1906;109
1906;109
1906;109
1906;109
1906;109
1906;109
1906;109
1906;109
1906;109
1906;109
1906;109
1906;109
1900;68
1900;68
1908;122
1908;122
1908;122
1908;122
1902;119
1902;119
1908;31
1908;31
1908;31
1908;31
1902;143
1902;143
1910;0
1910;0
1910;0
1910;0
1902;143
1902;143
1902;143
1902;143
1910;0
1910;0
1900;168
1900;168
1900;168
1900;168
1910;0
1910;0
1904;127
1904;127
1904;127
1904;127
1904;127
1904;127
1904;127
1904;127
1910;85
1910;85
1910;85
1910;85
1904;99
1904;99
1904;99
1904;99
1904;99
1904;99
1904;99
1904;99
1904;99
1904;99
1904;99
1904;99
1904;99
1904;99
1904;99
1904;99
1904;99
1904;99
1904;99
1904;99
1904;99
1904;99
1904;99
1904;99
1904;99
1904;99
1904;99
1904;99
1904;99
1904;99
1904;99
1904;99
1914;0
1914;0
1908;0
1908;0
1900;68
1900;68
1900;68
1900;68
1906;0
1906;0
1906;0
1906;0
1906;0
1906;0
1906;0
1906;0
1906;0
1906;0
1900;37
1900;37
1910;0
1910;0
1910;0
1910;0
1904;127
1904;127
1904;127
1904;127
1904;127
1904;127
1894;145
1894;145
1906;46
1906;46
1912;0
1912;0
1904;154
1904;154
1904;154
1904;154
1904;154
1904;154
1898;95
1898;95
1898;95
1898;95
1906;73
1906;73
1900;68
1900;68
1906;0
1906;0
1906;0
1906;0
1906;0
1906;0
1906;0
1906;0
1900;168
1900;168
1908;31
1908;31
1908;31
1908;31
1900;68
1900;68
1906;46
1906;46
1906;46
1906;46
1906;46
1906;46
1906;46
1906;46
1906;46
1906;46
1906;46
1906;46
1906;46
1906;46
1906;46
1906;46
1906;46
1906;46
1906;46
1906;46
1906;46
1906;46
1898;111
1898;111
1910;0
1910;0
1904;114
1904;114
1904;114
1904;114
1904;114
1904;114
1904;114
1904;114
1904;114
1904;114
1910;0
1910;0
1910;0
1910;0
1910;0
1910;0
1918;0
1918;0
1908;31
1908;31
1902;16
1902;16
1912;0
1912;0
1912;0
1912;0
1906;123
1906;123
1914;0
1914;0
1914;0
1914;0
1904;127
1904;127
1924;0
1924;0
1916;62
1916;62
1916;62
1916;62
1916;62
1916;62
1916;62
1916;62
1916;62
1916;62
1926;0
1926;0
1926;0
1926;0
1926;0
1926;0
1926;0
1926;0
1920;0
1920;0
1920;0
1920;0
1920;0
1920;0
1914;134
1914;134
1922;0
1922;0
1922;0
1922;0
1922;0
1922;0
1922;0
1922;0
1922;0
1922;0
1912;150
1912;150
1918;0
1918;0
1918;0
1918;0
1918;0
1918;0
1918;0
1918;0
1924;59
1924;59
1924;59
1924;59
1924;59
1924;59
1918;112
1918;112
1918;112
1918;112
1924;0
1924;0
1918;52
1918;52
1918;52
1918;52
1918;52
1918;52
1918;52
1918;52
1924;0
1924;0
1916;62
1916;62
1916;62
1916;62
1916;62
1916;62
1916;62
1916;62
1916;62
1916;62
1924;0
1924;0
1914;121
1914;121
1926;0
1926;0
1926;0
1926;0
1916;102
1916;102
1916;102
1916;102
1922;0
1922;0
1916;117
1916;117
1916;117
1916;117
1916;117
1916;117
1916;117
1916;117
1916;117
1916;117
1922;0
1922;0
1922;0
1922;0
1922;0
1922;0
1922;0
1922;0
1916;102
1916;102
1916;102
1916;102
1924;0
1924;0
1918;52
1918;52
1918;52
1918;52
1932;86
1932;86
1918;0
1918;0
1918;0
1918;0
1918;0
1918;0
1918;0
1918;0
1912;138
1912;138
1920;0
1920;0
1920;0
1920;0
1914;107
1914;107
1920;0
1920;0
1920;0
1920;0
1912;150
1912;150
1918;0
1918;0
1918;0
1918;0
1918;0
1918;0
1918;0
1918;0
1918;0
1918;0
1918;0
1918;0
1918;0
1918;0
1918;0
1918;0
1918;0
1918;0
1918;0
1918;0
1918;0
1918;0
1918;0
1918;0
1918;0
1918;0
1918;0
1918;0
1918;0
1918;0
1918;0
1918;0
1918;0
1918;0
1918;0
1918;0
1918;0
1918;0
1918;0
1918;0
1918;0
1918;0
1918;0
1918;0
1918;0
1918;0
1926;0
1926;0
1918;116
1918;116
1910;55
1910;55
1922;0
1922;0
1914;70
1914;70
1914;70
1914;70
1914;70
1914;70
1914;70
1914;70
1914;70
1914;70
1914;70
1914;70
1914;70
1914;70
1914;70
1914;70
1914;70
1914;70
1914;70
1914;70
1914;70
1914;70
1914;70
1914;70
1908;86
1908;86
1924;66
1924;66
1924;66
1924;66
62;78
62;78
62;78
62;78
56;77
56;77
56;77
56;77
56;77
56;77
56;77
56;77
56;77
56;77
56;77
56;77
56;77
56;77
56;77
56;77
56;77
56;77
56;77
56;77
56;77
56;77
56;77
56;77
56;77
56;77
62;78
62;78
62;78
62;78
62;78
62;78
56;82
56;82
56;82
56;82
56;82
56;82
56;82
56;82
56;82
56;82
56;82
56;82
56;82
56;82
56;82
56;82
56;82
56;82
56;82
56;82
56;82
56;82
56;82
56;82
56;82
56;82
56;82
56;82
56;82
56;82
62;78
62;78
62;78
62;78
62;78
62;78
62;78
62;78
62;78
62;78
62;78
62;78
62;78
62;78
62;78
62;78
62;78
62;78
56;82
56;82
56;82
56;82
56;82
56;82
56;82
56;82
56;82
56;82
56;82
56;82
56;82
56;82
56;82
56;82
56;82
56;82
62;78
62;78
62;78
62;78
62;78
62;78
62;78
62;78
62;78
62;78
62;78
62;78
62;78
62;78
62;78
62;78
62;78
62;78
56;82
56;82
56;82
56;82
56;82
56;82
56;82
56;82
56;82
56;82
56;82
56;82
56;82
56;82
56;82
56;82
62;78
62;78
62;78
62;78
62;78
62;78
62;78
62;78
62;78
62;78
62;78
62;78
56;82
56;82
56;82
56;82
56;82
56;82
56;82
56;82
56;82
56;82
56;82
56;82
56;82
56;82
56;82
56;82
56;82
56;82
56;82
56;82
56;82
56;82
56;82
56;82
62;78
62;78
68;84
68;84
58;81
58;81
58;81
58;81
58;81
58;81
58;81
58;81
58;81
58;81
58;81
58;81
58;81
58;81
58;81
58;81
58;81
58;81
58;81
58;81
58;81
58;81
58;81
58;81
58;81
58;81
58;81
58;81
58;81
58;81
58;81
58;81
66;80
66;80
66;80
66;80
58;81
58;81
58;81
58;81
58;81
58;81
58;81
58;81
58;81
58;81
58;81
58;81
58;81
58;81
58;81
58;81
58;81
58;81
58;81
58;81
58;81
58;81
58;81
58;81
58;81
58;81
58;81
58;81
58;81
58;81
58;81
58;81
58;81
58;81
68;85
68;85
58;81
58;81
58;81
58;81
58;81
58;81
58;81
58;81
58;81
58;81
58;81
58;81
58;81
58;81
58;81
58;81
58;81
58;81
58;81
58;81
58;81
58;81
58;81
58;81
58;81
58;81
58;81
58;81
58;81
58;81
58;81
58;81
68;85
68;85
62;78
62;78
62;78
62;78
62;78
62;78
62;78
62;78
62;78
62;78
62;78
62;78
62;78
62;78
62;78
62;78
62;78
62;78
62;78
62;78
62;78
62;78
62;78
62;78
62;78
62;78
62;78
62;78
62;78
62;78
62;78
62;78
62;78
62;78
62;78
62;78
62;78
62;78
62;78
62;78
62;78
62;78
62;78
62;78
62;78
62;78
62;78
62;78
62;78
62;78
62;78
62;78
62;78
62;78
62;78
62;78
62;78
62;78
62;78
62;78
62;78
62;78
62;78
62;78
62;78
62;78
62;78
62;78
62;78
62;78
62;78
62;78
62;78
62;78
62;78
62;78
62;78
62;78
62;78
62;78
62;78
62;78
62;78
62;78
62;78
62;78
62;78
62;78
62;78
62;78
62;78
62;78
62;78
62;78
62;78
62;78
62;78
62;78
62;78
62;78
62;78
62;78
62;78
62;78
62;78
68;85
68;85
58;81
58;81
58;81
58;81
58;81
58;81
58;81
58;81
58;81
58;81
58;81
58;81
58;81
58;81
58;81
58;81
58;81
58;81
58;81
58;81
58;81
58;81
58;81
58;81
58;81
58;81
58;81
58;81
58;81
58;81
64;76
64;76
64;76
64;76
64;76
64;76
58;81
58;81
58;81
58;81
58;81
58;81
58;81
58;81
58;81
58;81
58;81
58;81
58;81
58;81
58;81
58;81
58;81
58;81
58;81
58;81
58;81
58;81
58;81
58;81
58;81
58;81
58;81
58;81
58;81
58;81
58;81
58;81
68;85
68;85
58;81
58;81
58;81
58;81
58;81
58;81
58;81
58;81
58;81
58;81
58;81
58;81
58;81
58;81
58;81
58;81
58;81
58;81
58;81
58;81
58;81
58;81
58;81
58;81
58;81
58;81
58;81
58;81
58;81
58;81
64;76
64;76
64;76
64;76
64;76
64;76
58;81
58;81
58;81
58;81
58;81
58;81
58;81
58;81
58;81
58;81
58;81
58;81
58;81
58;81
58;81
58;81
58;81
58;81
58;81
58;81
58;81
58;81
58;81
58;81
58;81
58;81
58;81
58;81
58;81
58;81
64;76
64;76
64;76
64;76
64;76
64;76
58;81
58;81
58;81
58;81
58;81
58;81
58;81
58;81
58;81
58;81
58;81
58;81
58;81
58;81
58;81
58;81
58;81
58;81
58;81
58;81
58;81
58;81
58;81
58;81
58;81
58;81
58;81
58;81
64;82
64;82
64;82
64;82
64;82
64;82
58;81
58;81
58;81
58;81
58;81
58;81
58;81
58;81
58;81
58;81
58;81
58;81
58;81
58;81
58;81
58;81
58;81
58;81
58;81
58;81
58;81
58;81
58;81
58;81
58;81
58;81
58;81
58;81
58;81
58;81
64;82
64;82
64;82
64;82
64;82
64;82
64;82
64;82
58;81
58;81
58;81
58;81
58;81
58;81
58;81
58;81
58;81
58;81
58;81
58;81
58;81
58;81
58;81
58;81
58;81
58;81
58;81
58;81
58;81
58;81
58;81
58;81
58;81
58;81
58;81
58;81
64;82
64;82
64;82
64;82
58;81
58;81
58;81
58;81
58;81
58;81
58;81
58;81
58;81
58;81
58;81
58;81
58;81
58;81
58;81
58;81
58;81
58;81
58;81
58;81
58;81
58;81
58;81
58;81
58;81
58;81
58;81
58;81
58;81
58;81
58;81
58;81
64;82
64;82
64;82
64;82
64;82
64;82
64;82
64;82
58;81
58;81
58;81
58;81
58;81
58;81
58;81
58;81
58;81
58;81
58;81
58;81
58;81
58;81
58;81
58;81
58;81
58;81
58;81
58;81
58;81
58;81
58;81
58;81
58;81
58;81
64;82
64;82
64;82
64;82
64;82
64;82
64;82
64;82
58;81
58;81
58;81
58;81
58;81
58;81
58;81
58;81
58;81
58;81
58;81
58;81
58;81
58;81
58;81
58;81
58;81
58;81
58;81
58;81
58;81
58;81
58;81
58;81
58;81
58;81
58;81
58;81
64;82
64;82
64;82
64;82
64;82
64;82
64;82
64;82
64;82
64;82
64;82
64;82
64;82
64;82
64;82
64;82
58;81
58;81
58;81
58;81
58;81
58;81
58;81
58;81
58;81
58;81
58;81
58;81
58;81
58;81
58;81
58;81
58;81
58;81
58;81
58;81
64;82
64;82
64;82
64;82
64;82
64;82
58;81
58;81
58;81
58;81
58;81
58;81
58;81
58;81
58;81
58;81
58;81
58;81
58;81
58;81
58;81
58;81
58;81
58;81
58;81
58;81
58;81
58;81
58;81
58;81
58;81
58;81
58;81
58;81
64;82
64;82
64;82
64;82
64;82
64;82
58;81
58;81
58;81
58;81
58;81
58;81
58;81
58;81
58;81
58;81
58;81
58;81
58;81
58;81
58;81
58;81
58;81
58;81
58;81
58;81
58;81
58;81
58;81
58;81
58;81
58;81
58;81
58;81
58;81
58;81
64;82
64;82
64;82
64;82
64;82
64;82
58;81
58;81
58;81
58;81
58;81
58;81
58;81
58;81
58;81
58;81
58;81
58;81
58;81
58;81
58;81
58;81
58;81
58;81
58;81
58;81
58;81
58;81
58;81
58;81
58;81
58;81
58;81
58;81
58;81
58;81
64;82
64;82
64;82
64;82
64;82
64;82
64;82
64;82
58;81
58;81
58;81
58;81
58;81
58;81
58;81
58;81
58;81
58;81
58;81
58;81
58;81
58;81
58;81
58;81
58;81
58;81
58;81
58;81
58;81
58;81
58;81
58;81
58;81
58;81
58;81
58;81
64;82
64;82
64;82
64;82
64;82
64;82
58;86
58;86
58;86
58;86
58;86
58;86
58;86
58;86
58;86
58;86
58;86
58;86
58;86
58;86
58;86
58;86
58;86
58;86
58;86
58;86
58;86
58;86
58;86
58;86
58;86
58;86
58;86
58;86
64;82
64;82
64;82
64;82
64;82
64;82
64;82
64;82
58;81
58;81
58;81
58;81
58;81
58;81
58;81
58;81
58;81
58;81
58;81
58;81
58;81
58;81
58;81
58;81
58;81
58;81
58;81
58;81
58;81
58;81
58;81
58;81
58;81
58;81
58;81
58;81
68;84
68;84
68;84
68;84
58;81
58;81
58;81
58;81
58;81
58;81
58;81
58;81
58;81
58;81
58;81
58;81
58;81
58;81
58;81
58;81
58;81
58;81
58;81
58;81
58;81
58;81
58;81
58;81
58;81
58;81
58;81
58;81
58;81
58;81
64;82
64;82
64;82
64;82
64;82
64;82
58;81
58;81
58;81
58;81
58;81
58;81
58;81
58;81
58;81
58;81
58;81
58;81
58;81
58;81
58;81
58;81
58;81
58;81
58;81
58;81
58;81
58;81
58;81
58;81
58;81
58;81
58;81
58;81
58;81
58;81
64;82
64;82
64;82
64;82
64;82
64;82
64;82
64;82
58;81
58;81
58;81
58;81
58;81
58;81
58;81
58;81
58;81
58;81
58;81
58;81
58;81
58;81
58;81
58;81
58;81
58;81
58;81
58;81
58;81
58;81
58;81
58;81
58;81
58;81
64;82
64;82
64;82
64;82
64;82
64;82
58;81
58;81
58;81
58;81
58;81
58;81
58;81
58;81
58;81
58;81
58;81
58;81
58;81
58;81
58;81
58;81
58;81
58;81
58;81
58;81
58;81
58;81
58;81
58;81
58;81
58;81
58;81
58;81
58;81
58;81
64;82
64;82
64;82
64;82
64;82
64;82
64;82
64;82
58;81
58;81
58;81
58;81
58;81
58;81
58;81
58;81
58;81
58;81
58;81
58;81
58;81
58;81
58;81
58;81
58;81
58;81
58;81
58;81
58;81
58;81
58;81
58;81
58;81
58;81
58;81
58;81
64;82
64;82
64;82
64;82
64;82
64;82
58;86
58;86
58;86
58;86
58;86
58;86
58;86
58;86
58;86
58;86
58;86
58;86
58;86
58;86
58;86
58;86
58;86
58;86
58;86
58;86
58;86
58;86
58;86
58;86
58;86
58;86
58;86
58;86
66;86
66;86
66;86
66;86
66;86
66;86
58;81
58;81
58;81
58;81
58;81
58;81
58;81
58;81
58;81
58;81
58;81
58;81
58;81
58;81
58;81
58;81
58;81
58;81
58;81
58;81
58;81
58;81
58;81
58;81
58;81
58;81
58;81
58;81
64;82
64;82
64;82
64;82
64;82
64;82
64;82
64;82
64;82
64;82
64;82
64;82
58;81
58;81
58;81
58;81
58;81
58;81
58;81
58;81
58;81
58;81
58;81
58;81
58;81
58;81
58;81
58;81
58;81
58;81
58;81
58;81
58;81
58;81
58;81
58;81
64;82
64;82
64;82
64;82
64;82
64;82
64;82
64;82
64;82
64;82
58;81
58;81
58;81
58;81
58;81
58;81
58;81
58;81
58;81
58;81
58;81
58;81
58;81
58;81
58;81
58;81
58;81
58;81
58;81
58;81
58;81
58;81
58;81
58;81
58;81
58;81
64;82
64;82
64;82
64;82
58;81
58;81
58;81
58;81
58;81
58;81
58;81
58;81
58;81
58;81
58;81
58;81
58;81
58;81
58;81
58;81
58;81
58;81
58;81
58;81
58;81
58;81
58;81
58;81
58;81
58;81
58;81
58;81
58;81
58;81
64;82
64;82
64;82
64;82
64;82
64;82
64;82
64;82
58;80
58;80
58;80
58;80
58;80
58;80
58;80
58;80
58;80
58;80
58;80
58;80
58;80
58;80
58;80
58;80
58;80
58;80
58;80
58;80
58;80
58;80
58;80
58;80
58;80
58;80
58;80
58;80
64;82
64;82
64;82
64;82
64;82
64;82
58;80
58;80
58;80
58;80
58;80
58;80
58;80
58;80
58;80
58;80
58;80
58;80
58;80
58;80
58;80
58;80
58;80
58;80
58;80
58;80
58;80
58;80
58;80
58;80
58;80
58;80
58;80
58;80
64;82
64;82
64;82
64;82
64;82
64;82
58;80
58;80
58;80
58;80
58;80
58;80
58;80
58;80
58;80
58;80
58;80
58;80
58;80
58;80
58;80
58;80
58;80
58;80
58;80
58;80
58;80
58;80
58;80
58;80
58;80
58;80
58;80
58;80
58;80
58;80
64;82
64;82
64;82
64;82
64;82
64;82
64;82
64;82
58;81
58;81
58;81
58;81
58;81
58;81
58;81
58;81
58;81
58;81
58;81
58;81
58;81
58;81
58;81
58;81
58;81
58;81
58;81
58;81
58;81
58;81
58;81
58;81
58;81
58;81
58;81
58;81
64;76
64;76
64;76
64;76
64;76
64;76
58;80
58;80
58;80
58;80
58;80
58;80
58;80
58;80
58;80
58;80
58;80
58;80
58;80
58;80
58;80
58;80
58;80
58;80
58;80
58;80
58;80
58;80
58;80
58;80
58;80
58;80
58;80
58;80
58;80
58;80
64;76
64;76
64;76
64;76
58;80
58;80
58;80
58;80
58;80
58;80
58;80
58;80
58;80
58;80
58;80
58;80
58;80
58;80
58;80
58;80
58;80
58;80
58;80
58;80
58;80
58;80
58;80
58;80
58;80
58;80
58;80
58;80
58;80
58;80
64;76
64;76
64;76
64;76
64;76
64;76
58;80
58;80
58;80
58;80
58;80
58;80
58;80
58;80
58;80
58;80
58;80
58;80
58;80
58;80
58;80
58;80
58;80
58;80
58;80
58;80
58;80
58;80
58;80
58;80
58;80
58;80
58;80
58;80
58;80
58;80
64;76
64;76
64;76
64;76
64;76
64;76
58;80
58;80
58;80
58;80
58;80
58;80
58;80
58;80
58;80
58;80
58;80
58;80
58;80
58;80
58;80
58;80
58;80
58;80
58;80
58;80
58;80
58;80
58;80
58;80
58;80
58;80
58;80
58;80
64;76
64;76
64;76
64;76
64;76
64;76
64;76
64;76
58;80
58;80
58;80
58;80
58;80
58;80
58;80
58;80
58;80
58;80
58;80
58;80
58;80
58;80
58;80
58;80
58;80
58;80
58;80
58;80
58;80
58;80
58;80
58;80
58;80
58;80
58;80
58;80
58;80
58;80
68;84
68;84
58;80
58;80
58;80
58;80
58;80
58;80
58;80
58;80
58;80
58;80
58;80
58;80
58;80
58;80
58;80
58;80
58;80
58;80
58;80
58;80
58;80
58;80
58;80
58;80
58;80
58;80
58;80
58;80
58;80
58;80
58;80
58;80
66;85
66;85
66;85
66;85
58;85
58;85
58;85
58;85
58;85
58;85
58;85
58;85
58;85
58;85
58;85
58;85
58;85
58;85
58;85
58;85
58;85
58;85
58;85
58;85
58;85
58;85
58;85
58;85
58;85
58;85
58;85
58;85
58;85
58;85
64;81
64;81
64;81
64;81
64;81
64;81
58;80
58;80
58;80
58;80
58;80
58;80
58;80
58;80
58;80
58;80
58;80
58;80
58;80
58;80
58;80
58;80
58;80
58;80
58;80
58;80
58;80
58;80
58;80
58;80
58;80
58;80
58;80
58;80
58;80
58;80
58;80
58;80
66;80
66;80
66;80
66;80
58;80
58;80
58;80
58;80
58;80
58;80
58;80
58;80
58;80
58;80
58;80
58;80
58;80
58;80
58;80
58;80
58;80
58;80
58;80
58;80
58;80
58;80
58;80
58;80
58;80
58;80
58;80
58;80
58;80
58;80
64;81
64;81
64;81
64;81
64;81
64;81
58;80
58;80
58;80
58;80
58;80
58;80
58;80
58;80
58;80
58;80
58;80
58;80
58;80
58;80
58;80
58;80
58;80
58;80
58;80
58;80
58;80
58;80
58;80
58;80
58;80
58;80
58;80
58;80
64;81
64;81
64;81
64;81
64;81
64;81
58;80
58;80
58;80
58;80
58;80
58;80
58;80
58;80
58;80
58;80
58;80
58;80
58;80
58;80
58;80
58;80
58;80
58;80
58;80
58;80
58;80
58;80
58;80
58;80
58;80
58;80
58;80
58;80
58;80
58;80
64;81
64;81
64;81
64;81
64;81
64;81
58;80
58;80
58;80
58;80
58;80
58;80
58;80
58;80
58;80
58;80
58;80
58;80
58;80
58;80
58;80
58;80
58;80
58;80
58;80
58;80
58;80
58;80
58;80
58;80
58;80
58;80
58;80
58;80
58;80
58;80
64;81
64;81
64;81
64;81
58;80
58;80
58;80
58;80
58;80
58;80
58;80
58;80
58;80
58;80
58;80
58;80
58;80
58;80
58;80
58;80
58;80
58;80
58;80
58;80
58;80
58;80
58;80
58;80
58;80
58;80
58;80
58;80
58;80
58;80
58;80
58;80
64;81
64;81
64;81
64;81
58;80
58;80
58;80
58;80
58;80
58;80
58;80
58;80
58;80
58;80
58;80
58;80
58;80
58;80
58;80
58;80
58;80
58;80
58;80
58;80
58;80
58;80
58;80
58;80
58;80
58;80
58;80
58;80
58;80
58;80
64;81
64;81
64;81
64;81
58;80
58;80
58;80
58;80
58;80
58;80
58;80
58;80
58;80
58;80
58;80
58;80
58;80
58;80
58;80
58;80
58;80
58;80
58;80
58;80
58;80
58;80
58;80
58;80
58;80
58;80
58;80
58;80
58;80
58;80
58;80
58;80
64;81
64;81
64;81
64;81
64;81
58;80
58;80
58;80
58;80
58;80
58;80
58;80
58;80
58;80
58;80
58;80
58;80
58;80
58;80
58;80
58;80
58;80
58;80
58;80
58;80
58;80
58;80
58;80
58;80
58;80
58;80
58;80
58;80
58;80
58;80
64;76
64;76
64;76
64;76
58;80
58;80
58;80
58;80
58;80
58;80
58;80
58;80
58;80
58;80
58;80
58;80
58;80
58;80
58;80
58;80
58;80
58;80
58;80
58;80
58;80
58;80
58;80
58;80
58;80
58;80
58;80
58;80
58;80
58;80
58;80
58;80
58;80
58;80
68;84
68;84
58;80
58;80
58;80
58;80
58;80
58;80
58;80
58;80
58;80
58;80
58;80
58;80
58;80
58;80
58;80
58;80
58;80
58;80
58;80
58;80
58;80
58;80
58;80
58;80
58;80
58;80
58;80
58;80
58;80
58;80
58;80
58;80
64;81
64;81
64;81
64;81
58;80
58;80
58;80
58;80
58;80
58;80
58;80
58;80
58;80
58;80
58;80
58;80
58;80
58;80
58;80
58;80
58;80
58;80
58;80
58;80
58;80
58;80
58;80
58;80
58;80
58;80
58;80
58;80
58;80
58;80
58;80
58;80
58;80
58;80
64;81
64;81
58;80
58;80
58;80
58;80
58;80
58;80
58;80
58;80
58;80
58;80
58;80
58;80
58;80
58;80
58;80
58;80
58;80
58;80
58;80
58;80
58;80
58;80
58;80
58;80
58;80
58;80
58;80
58;80
58;80
58;80
66;85
66;85
66;85
66;85
58;80
58;80
58;80
58;80
58;80
58;80
58;80
58;80
58;80
58;80
58;80
58;80
58;80
58;80
58;80
58;80
58;80
58;80
58;80
58;80
58;80
58;80
58;80
58;80
58;80
58;80
58;80
58;80
58;80
58;80
64;75
64;75
64;75
64;75
58;80
58;80
58;80
58;80
58;80
58;80
58;80
58;80
58;80
58;80
58;80
58;80
58;80
58;80
58;80
58;80
58;80
58;80
58;80
58;80
58;80
58;80
58;80
58;80
58;80
58;80
58;80
58;80
58;80
58;80
58;80
58;80
58;80
58;80
66;80
66;80
58;80
58;80
58;80
58;80
58;80
58;80
58;80
58;80
58;80
58;80
58;80
58;80
58;80
58;80
58;80
58;80
58;80
58;80
58;80
58;80
58;80
58;80
58;80
58;80
58;80
58;80
58;80
58;80
58;80
58;80
58;80
58;80
64;81
64;81
64;81
64;81
58;80
58;80
58;80
58;80
58;80
58;80
58;80
58;80
58;80
58;80
58;80
58;80
58;80
58;80
58;80
58;80
58;80
58;80
58;80
58;80
58;80
58;80
58;80
58;80
58;80
58;80
58;80
58;80
58;80
58;80
58;80
58;80
66;80
66;80
66;80
66;80
58;80
58;80
58;80
58;80
58;80
58;80
58;80
58;80
58;80
58;80
58;80
58;80
58;80
58;80
58;80
58;80
58;80
58;80
58;80
58;80
58;80
58;80
58;80
58;80
58;80
58;80
58;80
58;80
58;80
58;80
64;81
64;81
64;81
64;81
58;80
58;80
58;80
58;80
58;80
58;80
58;80
58;80
58;80
58;80
58;80
58;80
58;80
58;80
58;80
58;80
58;80
58;80
58;80
58;80
58;80
58;80
58;80
58;80
58;80
58;80
58;80
58;80
58;80
58;80
66;80
66;80
66;80
66;80
66;80
66;80
66;80
66;80
66;80
66;80
58;80
58;80
58;80
58;80
58;80
58;80
58;80
58;80
58;80
58;80
58;80
58;80
58;80
58;80
58;80
58;80
58;80
58;80
58;80
58;80
58;80
58;80
58;80
58;80
58;80
58;80
58;80
58;80
58;80
58;80
18;26
18;26
4;13
4;13
22;22
22;22
22;22
22;22
22;22
22;22
22;22
22;22
22;22
22;22
22;22
22;22
22;22
22;22
22;22
22;22
22;22
22;22
22;22
22;22
22;22
22;22
22;22
22;22
22;22
22;22
22;22
22;22
22;22
22;22
22;22
22;22
22;22
22;22
22;22
22;22
22;22
22;22
22;22
22;22
22;22
22;22
22;22
22;22
22;22
22;22
22;22
22;22
16;27
16;27
16;27
16;27
32;38
32;38
32;38
32;38
32;38
32;38
14;11
14;11
14;11
14;11
14;11
14;11
14;11
14;11
14;11
14;11
14;11
14;11
14;11
14;11
14;11
14;11
14;11
14;11
14;11
14;11
14;11
14;11
14;11
14;11
14;11
14;11
14;11
14;11
14;11
14;11
14;11
14;11
36;40
36;40
66;74
66;74
50;58
50;58
14;28
14;28
14;28
14;28
14;28
14;28
24;38
24;38
38;56
38;56
46;56
46;56
46;56
46;56
46;56
46;56
46;56
46;56
46;56
46;56
46;56
46;56
46;56
46;56
46;56
46;56
46;56
46;56
46;56
46;56
46;56
46;56
52;68
52;68
52;68
52;68
52;68
52;68
52;68
52;68
52;68
52;68
58;75
58;75
58;75
58;75
58;75
58;75
58;75
58;75
58;75
58;75
52;62
52;62
52;62
52;62
40;54
40;54
48;65
48;65
42;59
42;59
42;59
42;59
52;56
52;56
42;59
42;59
42;59
42;59
42;59
42;59
42;59
42;59
48;65
48;65
48;65
48;65
48;65
48;65
48;65
48;65
48;65
48;65
54;78
54;78
54;78
54;78
54;78
54;78
54;78
54;78
54;78
54;78
54;78
54;78
54;78
54;78
54;78
54;78
46;67
46;67
46;67
46;67
46;67
46;67
52;68
52;68
52;68
52;68
52;68
52;68
52;68
52;68
52;68
52;68
58;80
58;80
58;80
58;80
58;80
58;80
58;80
58;80
52;62
52;62
52;62
52;62
46;67
46;67
46;67
46;67
46;67
46;67
46;67
46;67
52;74
52;74
52;74
52;74
52;74
52;74
52;74
52;74
52;74
52;74
52;74
52;74
58;75
58;75
58;75
58;75
58;75
58;75
58;75
58;75
58;75
58;75
58;75
58;75
58;75
58;75
58;75
58;75
58;75
58;75
58;75
58;75
58;75
58;75
58;75
58;75
58;75
58;75
58;75
58;75
58;75
58;75
58;75
58;75
58;75
58;75
58;75
58;75
58;75
58;75
58;75
58;75
58;75
58;75
58;75
58;75
58;75
58;75
58;75
58;75
58;75
58;75
58;75
58;75
58;75
58;75
58;75
58;75
58;75
58;75
58;75
58;75
58;75
58;75
58;75
58;75
58;75
58;75
58;75
58;75
58;75
58;75
58;75
58;75
58;75
58;75
58;75
58;75
58;75
58;75
58;75
58;75
58;75
58;75
66;80
66;80
58;75
58;75
58;75
58;75
58;75
58;75
58;75
58;75
58;75
58;75
58;75
58;75
58;75
58;75
58;75
58;75
58;75
58;75
58;75
58;75
58;75
58;75
58;75
58;75
58;75
58;75
58;75
58;75
58;75
58;75
58;75
58;75
66;80
66;80
66;80
66;80
58;75
58;75
58;75
58;75
58;75
58;75
58;75
58;75
58;75
58;75
58;75
58;75
58;75
58;75
58;75
58;75
58;75
58;75
58;75
58;75
58;75
58;75
58;75
58;75
58;75
58;75
58;75
58;75
58;75
58;75
58;75
58;75
64;76
64;76
58;75
58;75
58;75
58;75
58;75
58;75
58;75
58;75
58;75
58;75
58;75
58;75
58;75
58;75
58;75
58;75
58;75
58;75
58;75
58;75
58;75
58;75
58;75
58;75
58;75
58;75
58;75
58;75
58;75
58;75
58;75
58;75
58;75
58;75
58;75
58;75
58;75
58;75
58;75
58;75
58;75
58;75
58;75
58;75
58;75
58;75
58;75
58;75
58;75
58;75
58;75
58;75
58;75
58;75
58;75
58;75
58;75
58;75
58;75
58;75
58;75
58;75
58;75
58;75
58;75
58;75
58;75
58;75
64;82
64;82
58;75
58;75
58;75
58;75
58;75
58;75
58;75
58;75
58;75
58;75
58;75
58;75
58;75
58;75
58;75
58;75
58;75
58;75
58;75
58;75
58;75
58;75
58;75
58;75
58;75
58;75
58;75
58;75
58;75
58;75
50;69
50;69
50;69
50;69
50;69
50;69
50;69
50;69
50;69
50;69
50;69
50;69
50;69
50;69
50;69
50;69
50;69
50;69
58;75
58;75
50;69
50;69
50;69
50;69
50;69
50;69
50;69
50;69
50;69
50;69
50;69
50;69
50;69
50;69
50;69
50;69
50;69
50;69
50;69
50;69
50;69
50;69
50;69
50;69
50;69
50;69
50;69
50;69
60;67
60;67
60;67
60;67
60;67
60;67
60;67
60;67
60;67
60;67
60;67
60;67
60;67
60;67
60;67
60;67
60;67
60;67
60;67
60;67
60;67
60;67
60;67
60;67
60;67
60;67
60;67
60;67
60;67
60;67
60;67
60;67
60;67
60;67
60;67
60;67
60;67
60;67
18;26
18;26
18;26
18;26
18;26
18;26
18;26
18;26
18;26
18;26
18;26
18;26
18;26
18;26
18;26
18;26
18;26
18;26
18;26
18;26
18;26
18;26
18;26
18;26
18;26
18;26
18;26
18;26
18;26
18;26
18;26
18;26
18;26
18;26
18;26
18;26
18;26
18;26
18;26
18;26
18;26
18;26
18;26
18;26
18;26
18;26
18;26
18;26
18;26
18;26
18;26
18;26
18;26
18;26
36;46
36;46
36;46
36;46
36;46
36;46
26;47
26;47
14;11
14;11
14;11
14;11
14;11
14;11
14;11
14;11
14;11
14;11
14;11
14;11
14;11
14;11
14;11
14;11
14;11
14;11
14;11
14;11
14;11
14;11
14;11
14;11
14;11
14;11
14;11
14;11
14;11
14;11
32;38
32;38
52;56
52;56
42;53
42;53
48;54
48;54
14;11
14;11
14;11
14;11
24;27
24;27
24;27
24;27
38;56
38;56
44;57
44;57
44;57
44;57
44;57
44;57
44;57
44;57
44;57
44;57
44;57
44;57
44;57
44;57
44;57
44;57
44;57
44;57
44;57
44;57
44;57
44;57
50;70
50;70
50;70
50;70
50;70
50;70
50;70
50;70
56;76
56;76
48;71
48;71
48;71
48;71
54;78
54;78
48;60
48;60
48;60
48;60
48;60
48;60
48;60
48;60
42;69
42;69
42;69
42;69
42;69
42;69
42;69
42;69
50;58
50;58
40;60
40;60
40;60
40;60
40;60
40;60
46;67
46;67
46;67
46;67
46;67
46;67
46;67
46;67
54;72
54;72
54;72
54;72
54;72
54;72
54;72
54;72
54;72
54;72
54;72
54;72
54;72
54;72
48;65
48;65
48;65
48;65
48;65
48;65
48;65
48;65
48;65
48;65
16;52
16;52
16;52
16;52
16;52
16;52
22;54
22;54
22;54
22;54
22;54
22;54
22;54
22;54
22;54
22;54
22;54
22;54
12;43
12;43
12;43
12;43
12;43
12;43
12;43
12;43
12;43
12;43
18;51
18;51
18;51
18;51
18;51
18;51
18;51
18;51
18;51
18;51
18;51
18;51
18;51
18;51
18;51
18;51
18;51
18;51
18;51
18;51
18;51
18;51
18;51
18;51
30;55
30;55
30;55
30;55
30;55
30;55
30;55
30;55
30;55
30;55
30;55
30;55
22;54
22;54
22;54
22;54
22;54
22;54
22;54
22;54
22;54
22;54
22;54
22;54
22;54
22;54
22;54
22;54
22;54
22;54
22;54
22;54
28;61
28;61
28;61
28;61
20;55
20;55
20;55
20;55
20;55
20;55
20;55
20;55
20;55
20;55
20;55
20;55
20;55
20;55
20;55
20;55
20;55
20;55
20;55
20;55
20;55
20;55
20;55
20;55
20;55
20;55
20;55
20;55
20;55
20;55
26;57
26;57
26;57
26;57
26;57
26;57
20;55
20;55
20;55
20;55
20;55
20;55
20;55
20;55
20;55
20;55
20;55
20;55
20;55
20;55
20;55
20;55
20;55
20;55
20;55
20;55
20;55
20;55
20;55
20;55
20;55
20;55
20;55
20;55
20;55
20;55
26;57
26;57
26;57
26;57
26;57
26;57
26;57
26;57
26;57
26;57
26;57
26;57
26;57
26;57
26;57
26;57
26;57
26;57
26;57
26;57
26;57
26;57
26;57
26;57
26;57
26;57
26;57
26;57
26;57
26;57
26;57
26;57
26;57
26;57
26;57
26;57
26;57
26;57
26;57
26;57
26;57
26;57
26;57
26;57
26;57
26;57
26;57
26;57
20;55
20;55
20;55
20;55
20;55
20;55
20;55
20;55
20;55
20;55
20;55
20;55
20;55
20;55
20;55
20;55
20;55
20;55
20;55
20;55
20;55
20;55
26;58
26;58
26;58
26;58
26;58
26;58
26;58
26;58
26;58
26;58
26;58
26;58
26;58
26;58
26;58
26;58
26;58
26;58
26;58
26;58
26;58
26;58
26;58
26;58
20;60
20;60
20;60
20;60
20;60
20;60
20;60
20;60
20;60
20;60
20;60
20;60
26;58
26;58
26;58
26;58
26;58
26;58
26;58
26;58
20;55
20;55
20;55
20;55
20;55
20;55
20;55
20;55
20;55
20;55
20;55
20;55
20;55
20;55
20;55
20;55
20;55
20;55
20;55
20;55
20;55
20;55
20;55
20;55
20;55
20;55
26;52
26;52
26;52
26;52
26;52
26;52
26;52
26;52
26;52
26;52
26;52
26;52
26;52
26;52
26;52
26;52
26;52
26;52
26;52
26;52
26;52
26;52
26;52
26;52
26;52
26;52
26;52
26;52
26;52
26;52
26;52
26;52
26;52
26;52
26;52
26;52
26;52
26;52
32;59
32;59
26;57
26;57
26;57
26;57
26;57
26;57
26;57
26;57
20;55
20;55
20;55
20;55
20;55
20;55
0;9
0;9
0;0
0;0
0;9
0;9
0;9
0;9
0;9
0;9
0;9
0;9
0;9
0;9
0;9
0;9
0;9
0;9
0;9
0;9
0;9
0;9
0;9
0;9
0;9
0;9
0;9
0;9
0;9
0;9
0;9
0;9
0;9
0;9
0;9
0;9
0;9
0;9
0;9
0;9
0;9
0;9
0;9
0;9
0;9
0;9
0;9
0;9
0;9
0;9
0;9
0;9
0;9
0;9
4;36
4;36
4;36
4;36
0;27
0;27
0;27
0;27
0;0
0;0
0;0
0;0
0;0
0;0
0;0
0;0
0;0
0;0
0;0
0;0
0;0
0;0
0;0
14;11
14;11
14;11
14;11
14;11
14;11
14;11
14;11
14;11
14;11
14;11
14;11
14;11
14;11
14;11
14;11
14;11
14;11
14;11
14;11
14;11
14;11
14;11
14;11
14;11
14;11
20;11
20;11
20;11
20;11
20;11
20;11
36;52
36;52
42;53
42;53
42;53
42;53
42;53
42;53
42;53
42;53
42;53
42;53
42;53
42;53
42;53
42;53
42;53
42;53
42;53
42;53
42;53
42;53
42;53
42;53
48;71
48;71
48;71
48;71
48;71
48;71
48;71
48;71
34;63
34;63
34;63
34;63
26;52
26;52
20;55
20;55
20;55
20;55
20;55
20;55
20;55
20;55
20;55
20;55
20;55
20;55
20;55
20;55
20;55
20;55
20;55
20;55
20;55
20;55
20;55
20;55
20;55
20;55
20;55
20;55
12;43
12;43
12;43
12;43
12;43
12;43
12;43
12;43
18;46
18;46
18;46
18;46
18;46
18;46
18;46
18;46
10;39
10;39
10;39
10;39
24;49
24;49
16;47
16;47
16;47
16;47
16;47
16;47
16;47
16;47
54;73
54;73
54;73
54;73
54;73
54;73
54;73
54;73
54;73
54;73
54;73
54;73
54;73
54;73
46;62
46;62
46;62
46;62
46;62
46;62
46;62
46;62
52;68
52;68
52;68
52;68
52;68
52;68
52;68
52;68
52;68
52;68
52;68
52;68
52;68
52;68
52;68
52;68
52;68
52;68
52;68
52;68
46;62
46;62
46;62
46;62
46;62
46;62
46;62
46;62
52;68
52;68
52;68
52;68
52;68
52;68
52;68
52;68
52;68
52;68
52;68
52;68
52;68
52;68
58;63
58;63
58;63
58;63
58;63
58;63
58;63
58;63
58;63
58;63
58;63
58;63
1928;98
1928;98
1920;76
1920;76
1912;97
1912;97
1912;97
1912;97
1912;97
1912;97
1912;97
1912;97
1912;97
1912;97
1912;97
1912;97
1920;0
1920;0
1908;0
1908;0
1902;143
1902;143
1902;143
1902;143
1908;0
1908;0
1908;0
1908;0
1908;0
1908;0
1908;0
1908;0
1914;0
1914;0
1914;0
1914;0
1906;73
1906;73
1906;73
1906;73
1906;73
1906;73
1906;73
1906;73
1900;158
1900;158
1900;158
1900;158
1906;0
1906;0
1906;0
1906;0
1906;0
1906;0
1898;51
1898;51
1898;51
1898;51
1904;99
1904;99
1910;0
1910;0
1910;0
1910;0
1918;116
1918;116
1918;116
1918;116
1926;57
1926;57
1918;0
1918;0
1918;0
1918;0
1918;0
1918;0
1912;112
1912;112
1912;112
1912;112
1918;0
1918;0
1918;0
1918;0
1910;0
1910;0
1910;0
1910;0
1918;0
1918;0
1918;0
1918;0
1918;0
1918;0
1918;0
1918;0
1918;0
1918;0
1918;0
1918;0
1918;0
1918;0
1918;0
1918;0
1924;0
1924;0
1924;0
1924;0
1918;0
1918;0
1918;0
1918;0
1918;0
1918;0
1926;0
1926;0
1920;0
1920;0
1920;0
1920;0
1920;0
1920;0
1920;0
1920;0
1920;0
1920;0
1920;0
1920;0
1920;0
1920;0
1914;63
1914;63
1922;0
1922;0
1922;0
1922;0
1922;0
1922;0
1914;121
1914;121
1914;121
1914;121
1914;121
1914;121
1914;121
1914;121
1914;121
1914;121
1914;121
1914;121
1914;121
1914;121
1914;121
1914;121
1914;121
1914;121
1914;121
1914;121
1914;121
1914;121
1914;121
1914;121
1914;121
1914;121
1914;121
1914;121
1914;121
1914;121
1914;121
1914;121
1920;111
1920;111
1920;111
1920;111
1920;111
1920;111
1926;0
1926;0
1926;0
1926;0
1926;0
1926;0
1926;0
1926;0
1926;0
1926;0
1916;84
1916;84
1916;84
1916;84
1916;84
1916;84
1898;129
1898;129
1898;129
1898;129
1904;0
1904;0
1904;0
1904;0
1898;129
1898;129
1898;129
1898;129
1904;105
1904;105
1896;84
1896;84
1896;84
1896;84
1884;123
1884;123
1884;123
1884;123
1890;0
1890;0
1900;0
1900;0
1900;0
1900;0
1900;0
1900;0
1900;0
1900;0
1900;0
1900;0
1892;72
1892;72
1892;72
1892;72
1892;72
1892;72
1892;72
1892;72
1892;72
1892;72
1884;50
1884;50
1884;50
1884;50
1884;50
1884;50
1890;131
1890;131
1890;131
1890;131
1890;131
1890;131
1890;131
1890;131
1890;131
1890;131
1890;131
1890;131
1890;131
1890;131
1890;131
1890;131
1890;131
1890;131
1890;131
1890;131
1890;131
1890;131
1890;131
1890;131
1890;131
1890;131
1890;131
1890;131
1890;131
1890;131
1890;131
1890;131
1876;86
1876;86
1876;86
1876;86
1876;86
1876;86
1876;86
1876;86
1870;0
1870;0
1870;0
1870;0
1870;0
1870;0
1870;0
1870;0
1876;0
1876;0
1876;0
1876;0
1898;95
1898;95
1898;95
1898;95
1898;95
1898;95
1906;0
1906;0
1900;37
1900;37
1900;37
1900;37
1900;37
1900;37
1900;37
1900;37
1908;0
1908;0
1908;0
1908;0
1902;0
1902;0
1902;0
1902;0
1902;0
1902;0
1902;0
1902;0
1902;0
1902;0
1902;0
1902;0
1902;0
1902;0
1902;0
1902;0
1902;0
1902;0
1902;0
1902;0
1902;0
1902;0
1902;0
1902;0
1902;0
1902;0
1902;0
1902;0
1902;0
1902;0
1902;0
1902;0
1908;0
1908;0
1908;0
1908;0
1900;68
1900;68
1900;68
1900;68
1900;68
1900;68
1900;68
1900;68
1906;93
1906;93
1900;37
1900;37
1900;37
1900;37
1900;37
1900;37
1900;37
1900;37
1900;37
1900;37
1900;37
1900;37
1900;37
1900;37
1900;37
1900;37
1900;37
1900;37
1900;37
1900;37
1900;37
1900;37
1910;63
1910;63
1910;63
1910;63
1896;0
1896;0
1896;0
1896;0
1896;0
1896;0
1902;16
1902;16
1902;16
1902;16
1902;16
1902;16
1902;16
1902;16
1902;16
1902;16
1890;55
1890;55
1900;37
1900;37
1900;37
1900;37
1900;37
1900;37
1900;37
1900;37
1900;37
1900;37
1908;0
1908;0
1902;87
1902;87
1902;87
1902;87
1894;133
1894;133
1902;16
1902;16
1902;16
1902;16
1896;0
1896;0
1896;0
1896;0
1896;0
1896;0
1896;0
1896;0
1896;0
1896;0
1896;0
1896;0
1896;0
1896;0
1890;79
1890;79
1896;83
1896;83
1896;83
1896;83
1896;83
1896;83
1896;83
1896;83
1896;83
1896;83
1896;83
1896;83
1896;83
1896;83
1896;83
1896;83
1896;83
1896;83
1886;146
1886;146
1886;146
1886;146
1898;51
1898;51
1892;44
1892;44
1892;44
1892;44
1900;68
1900;68
1894;0
1894;0
1894;0
1894;0
1894;0
1894;0
1894;0
1894;0
1894;0
1894;0
1894;0
1894;0
1902;0
1902;0
1902;0
1902;0
1902;0
1902;0
1896;0
1896;0
1896;0
1896;0
1896;0
1896;0
1890;97
1890;97
1898;76
1898;76
1906;0
1906;0
1900;37
1900;37
1900;37
1900;37
1900;37
1900;37
1900;37
1900;37
1900;37
1900;37
1900;37
1900;37
1900;37
1900;37
1900;37
1900;37
1900;37
1900;37
1900;37
1900;37
1894;90
1894;90
1904;57
1904;57
1904;57
1904;57
1890;55
1890;55
1900;37
1900;37
1900;37
1900;37
1900;37
1900;37
1892;0
1892;0
1892;0
1892;0
1898;111
1898;111
1898;111
1898;111
1898;111
1898;111
1898;111
1898;111
1898;111
1898;111
1898;111
1898;111
1892;0
1892;0
1892;0
1892;0
1904;57
1904;57
1904;57
1904;57
1896;0
1896;0
1896;0
1896;0
1896;0
1896;0
1902;0
1902;0
1896;0
1896;0
1896;0
1896;0
1896;0
1896;0
1896;0
1896;0
1896;0
1896;0
1896;0
1896;0
1896;0
1896;0
1890;79
1890;79
1896;116
1896;116
1896;116
1896;116
1890;79
1890;79
1900;68
1900;68
1900;68
1900;68
1900;68
1900;68
1892;91
1892;91
1892;91
1892;91
1892;91
1892;91
1892;91
1892;91
1892;91
1892;91
1898;95
1898;95
1898;95
1898;95
1898;95
1898;95
1898;95
1898;95
1892;0
1892;0
1902;0
1902;0
1902;0
1902;0
1902;0
1902;0
1902;0
1902;0
1902;0
1902;0
1902;0
1902;0
1902;0
1902;0
1902;0
1902;0
1902;0
1902;0
1894;133
1894;133
1894;133
1894;133
1894;133
1894;133
1894;133
1894;133
1894;133
1894;133
1894;133
1894;133
1894;133
1894;133
1894;133
1894;133
1894;133
1894;133
1894;133
1894;133
1894;133
1894;133
1894;133
1894;133
1888;118
1888;118
1888;118
1888;118
1894;0
1894;0
1900;94
1900;94
1890;152
1890;152
1900;0
1900;0
1892;91
1892;91
1892;91
1892;91
1898;76
1898;76
1898;76
1898;76
1892;0
1892;0
1898;76
1898;76
1892;159
1892;159
1892;159
1892;159
1892;159
1892;159
1892;159
1892;159
1902;0
1902;0
1892;44
1892;44
1892;44
1892;44
1900;0
1900;0
1900;0
1900;0
1900;0
1900;0
1900;0
1900;0
1892;91
1892;91
1892;91
1892;91
1892;91
1892;91
1892;91
1892;91
1898;0
1898;0
1888;118
1888;118
1888;118
1888;118
1896;0
1896;0
1890;113
1890;113
1890;113
1890;113
1890;113
1890;113
1890;113
1890;113
1900;0
1900;0
1894;27
1894;27
1900;123
1900;123
1900;123
1900;123
1900;123
1900;123
1900;123
1900;123
1892;0
1892;0
1900;0
1900;0
1900;0
1900;0
1900;0
1900;0
1900;0
1900;0
1900;0
1900;0
1900;0
1900;0
1888;86
1888;86
1900;0
1900;0
1900;0
1900;0
1900;0
1900;0
1900;0
1900;0
1900;0
1900;0
1900;0
1900;0
1900;0
1900;0
1900;0
1900;0
1900;0
1900;0
1900;0
1900;0
1906;0
1906;0
1900;0
1900;0
1900;0
1900;0
1900;0
1900;0
1900;0
1900;0
1906;0
1906;0
1900;89
1900;89
1900;89
1900;89
1900;89
1900;89
1900;89
1900;89
1900;89
1900;89
1894;27
1894;27
1894;27
1894;27
1904;0
1904;0
1904;0
1904;0
1904;0
1904;0
1896;101
1896;101
1896;101
1896;101
1896;101
1896;101
1896;101
1896;101
1896;101
1896;101
1896;101
1896;101
1890;79
1890;79
1896;101
1896;101
1896;101
1896;101
1896;101
1896;101
1884;150
1884;150
1894;0
1894;0
1894;0
1894;0
1894;0
1894;0
1894;0
1894;0
1904;0
1904;0
1894;70
1894;70
1904;0
1904;0
1898;0
1898;0
1898;0
1898;0
1898;0
1898;0
1898;0
1898;0
1898;0
1898;0
1898;0
1898;0
1892;44
1892;44
1898;0
1898;0
1898;0
1898;0
1898;0
1898;0
1898;0
1898;0
1898;0
1898;0
1898;0
1898;0
1898;0
1898;0
1898;0
1898;0
1906;0
1906;0
1906;0
1906;0
1900;136
1900;136
1900;136
1900;136
1900;136
1900;136
1900;136
1900;136
1892;71
1892;71
1898;95
1898;95
1898;95
1898;95
1898;95
1898;95
1898;95
1898;95
1898;95
1898;95
1898;95
1898;95
1898;95
1898;95
1898;95
1898;95
1898;95
1898;95
1898;95
1898;95
1898;95
1898;95
1898;95
1898;95
1910;0
1910;0
1900;89
1900;89
1900;89
1900;89
1900;89
1900;89
1900;89
1900;89
1900;89
1900;89
1900;89
1900;89
1900;89
1900;89
1900;89
1900;89
1900;89
1900;89
1900;89
1900;89
1900;89
1900;89
1894;0
1894;0
1900;89
1900;89
1900;89
1900;89
1900;89
1900;89
1906;46
1906;46
1906;46
1906;46
1906;46
1906;46
1906;46
1906;46
1896;101
1896;101
1896;101
1896;101
1896;101
1896;101
1902;0
1902;0
1902;0
1902;0
1896;116
1896;116
1896;116
1896;116
1896;116
1896;116
1896;116
1896;116
1896;116
1896;116
1896;116
1896;116
1896;116
1896;116
1896;116
1896;116
1890;97
1890;97
1900;109
1900;109
1908;0
1908;0
1908;0
1908;0
1896;129
1896;129
1902;59
1902;59
1902;59
1902;59
1902;59
1902;59
1902;59
1902;59
1902;59
1902;59
1902;59
1902;59
1902;59
1902;59
1896;0
1896;0
1896;0
1896;0
1906;0
1906;0
1906;0
1906;0
1906;0
1906;0
1898;111
1898;111
1910;0
1910;0
1910;0
1910;0
1910;0
1910;0
1902;59
1902;59
1896;129
1896;129
1906;0
1906;0
1906;0
1906;0
1906;0
1906;0
1906;0
1906;0
1906;0
1906;0
1906;0
1906;0
1906;0
1906;0
1906;0
1906;0
1882;21
1882;21
1902;0
1902;0
1902;0
1902;0
1902;0
1902;0
1902;0
1902;0
1902;0
1902;0
1908;31
1908;31
1908;31
1908;31
1908;31
1908;31
1900;89
1900;89
1900;89
1900;89
1900;89
1900;89
1900;89
1900;89
1900;89
1900;89
1900;89
1900;89
1900;89
1900;89
1900;89
1900;89
1900;89
1900;89
1900;89
1900;89
1900;89
1900;89
1900;89
1900;89
1900;89
1900;89
1900;89
1900;89
1912;0
1912;0
1902;104
1902;104
1902;104
1902;104
1902;104
1902;104
1902;104
1902;104
1902;104
1902;104
1902;104
1902;104
1902;104
1902;104
1902;104
1902;104
1902;104
1902;104
1902;104
1902;104
1902;104
1902;104
1902;104
1902;104
1902;104
1902;104
1902;104
1902;104
1902;104
1902;104
1896;129
1896;129
1908;0
1908;0
1902;119
1902;119
1902;119
1902;119
1902;119
1902;119
1902;119
1902;119
1902;119
1902;119
1902;119
1902;119
1902;119
1902;119
1902;119
1902;119
1876;112
1876;112
1876;112
1876;112
22;54
22;54
22;54
22;54
22;54
22;54
22;54
22;54
22;54
22;54
22;54
22;54
22;54
22;54
22;54
22;54
22;54
22;54
22;54
22;54
22;54
22;54
22;54
22;54
22;54
22;54
22;54
22;54
22;54
22;54
22;54
22;54
22;54
22;54
22;54
22;54
22;54
22;54
22;54
22;54
22;54
22;54
22;54
22;54
22;54
22;54
22;54
22;54
22;54
22;54
22;54
22;54
22;54
22;54
22;54
22;54
22;54
22;54
22;54
22;54
22;54
22;54
22;54
22;54
22;54
22;54
0;9
0;9
0;0
0;0
0;9
0;9
0;9
0;9
0;9
0;9
0;9
0;9
0;9
0;9
0;9
0;9
0;9
0;9
0;9
0;9
0;9
0;9
0;9
0;9
0;9
0;9
0;9
0;9
0;9
0;9
0;9
0;9
0;9
0;9
0;9
0;9
0;9
0;9
0;9
0;9
0;9
0;9
0;9
0;9
0;18
0;18
0;18
0;18
0;18
0;18
0;18
0;18
0;18
0;18
4;36
4;36
0;36
0;36
0;36
0;36
0;36
0;36
0;0
0;0
0;0
0;0
0;0
0;0
0;0
0;0
0;0
0;0
0;0
0;0
0;0
0;0
0;0
0;0
0;0
0;0
0;0
0;0
0;0
0;0
0;0
0;0
0;0
0;0
0;0
0;0
0;0
0;0
0;0
0;0
0;0
0;0
0;0
0;0
0;0
0;0
0;0
0;0
0;0
0;0
0;0
0;0
0;0
0;0
0;0
0;0
0;0
0;0
0;0
0;0
0;0
0;0
0;0
0;0
0;0
0;0
0;0
0;0
0;0
0;0
0;0
0;0
0;0
0;0
0;0
0;0
0;0
0;0
0;0
0;0
0;0
0;0
0;0
0;0
0;0
0;0
0;0
0;0
0;0
0;0
0;0
0;0
0;0
0;0
0;0
0;0
0;0
0;0
0;0
0;0
0;0
0;0
0;0
0;0
0;0
0;0
0;0
0;0
0;0
0;0
0;0
0;0
0;0
0;0
0;0
0;0
0;0
0;0
0;0
0;0
0;0
0;0
0;0
0;0
0;0
0;0
0;0
0;0
0;0
0;0
0;0
0;0
0;0
0;0
0;0
0;0
0;0
0;0
0;0
0;0
0;0
0;0
0;0
0;0
0;0
0;0
0;0
0;0
0;0
0;0
0;0
0;0
0;0
0;0
0;0
0;0
0;0
0;0
0;0
0;0
0;0
0;0
0;0
0;0
0;0
0;0
0;0
0;0
0;0
0;0
0;0
0;0
0;0
0;0
0;0
0;0
0;0
0;0
0;0
0;0
0;0
0;0
0;0
0;0
0;0
0;0
0;0
0;0
0;0
0;0
0;0
0;0
0;0
0;0
0;0
0;0
0;0
0;0
0;0
0;0
0;0
0;0
0;0
0;0
0;0
0;0
0;0
0;0
0;0
0;0
0;0
0;0
0;0
0;0
0;0
0;0
0;0
0;0
0;0
0;0
0;0
0;0
0;0
0;0
0;0
0;0
0;0
0;0
0;0
0;0
0;0
0;0
0;0
0;0
0;0
0;0
0;0
0;0
0;0
0;0
0;0
0;0
0;0
0;0
0;0
0;0
0;0
0;0
0;0
0;0
0;0
0;0
0;0
0;0
0;0
0;0
0;0
0;0
0;0
0;0
0;0
0;0
0;0
0;0
0;0
0;0
0;0
0;0
0;0
0;0
0;0
0;0
0;0
0;0
0;0
0;0
0;0
0;0
0;0
0;0
0;0
0;0
0;0
0;0
0;0
0;0
0;0
0;0
0;0
0;0
0;0
0;0
0;0
0;0
0;0
0;0
0;0
0;0
0;0
0;0
0;0
0;0
0;0
0;0
0;0
0;0
0;0
0;0
0;0
4;22
4;22
4;22
4;22
4;22
4;22
4;22
4;22
4;22
4;22
4;22
4;22
4;22
4;22
4;22
4;22
4;22
4;22
4;22
4;22
4;22
4;22
0;14
0;14
0;14
0;14
0;14
0;14
0;14
0;14
0;14
0;14
0;14
0;14
0;14
0;14
0;14
0;14
0;14
0;14
0;14
0;14
0;14
0;14
0;14
0;14
0;14
0;14
0;14
0;14
0;14
0;14
0;14
0;14
0;14
0;14
0;14
0;14
0;14
0;14
0;14
0;14
0;14
0;14
0;14
0;14
0;14
0;14
0;14
0;14
0;14
0;14
0;14
0;14
0;14
0;14
0;14
0;14
24;27
24;27
24;27
24;27
24;27
24;27
24;27
24;27
24;27
24;27
24;27
24;27
24;27
24;27
24;27
24;27
24;27
24;27
24;27
24;27
24;27
24;27
24;27
24;27
24;27
24;27
24;27
24;27
24;27
24;27
24;27
24;27
24;27
24;27
24;27
24;27
24;27
24;27
24;27
24;27
24;27
24;27
24;27
24;27
24;27
24;27
24;27
24;27
24;27
24;27
24;27
24;27
24;27
24;27
24;27
24;27
24;27
24;27
24;27
24;27
24;27
24;27
24;27
24;27
24;27
24;27
24;27
24;27
24;27
24;27
24;27
24;27
24;27
24;27
24;27
24;27
24;27
24;27
24;27
24;27
24;27
24;27
24;27
24;27
24;27
24;27
24;27
24;27
24;27
24;27
0;18
0;18
0;18
0;18
0;18
0;18
0;14
0;14
0;14
0;14
0;14
0;14
0;14
0;14
0;14
0;14
0;14
0;14
0;14
0;14
0;14
0;14
0;14
0;14
0;14
0;14
0;14
0;14
0;14
0;14
0;14
0;14
0;14
0;14
0;14
0;14
0;14
0;14
0;14
0;14
0;14
0;14
0;14
0;14
0;14
0;14
0;14
0;14
0;14
0;14
0;14
0;14
0;14
0;14
0;14
0;14
0;18
0;18
0;18
0;18
0;18
0;18
0;18
0;18
0;18
0;18
0;18
0;18
0;18
0;18
0;18
0;18
0;18
0;18
0;18
0;18
0;18
0;18
0;18
0;18
0;18
0;18
0;18
0;18
0;18
0;18
0;18
0;18
0;18
0;18
0;18
0;18
0;18
0;18
0;18
0;18
0;18
0;18
0;18
0;18
0;18
0;18
0;18
0;18
0;18
0;18
0;18
0;18
0;18
0;18
0;18
0;18
0;18
0;18
0;18
0;18
0;18
0;18
0;18
0;18
0;18
0;18
0;18
0;18
0;18
0;18
0;18
0;18
0;18
0;18
0;18
0;18
0;18
0;18
0;18
0;18
0;18
0;18
0;18
0;18
0;18
0;18
0;18
0;18
0;18
0;18
0;18
0;18
0;18
0;18
0;18
0;18
0;18
0;18
0;18
0;18
0;18
0;18
0;18
0;18
0;18
0;18
0;18
0;18
0;18
0;18
0;18
0;18
0;18
0;18
0;18
0;18
0;18
0;18
24;27
24;27
24;27
24;27
24;27
24;27
24;27
24;27
24;27
24;27
24;27
24;27
24;27
24;27
24;27
24;27
24;27
24;27
24;27
24;27
24;27
24;27
24;27
24;27
24;27
24;27
24;27
24;27
24;27
24;27
24;27
24;27
24;27
24;27
24;27
24;27
24;27
24;27
24;27
24;27
24;27
24;27
24;27
24;27
24;27
24;27
24;27
24;27
24;27
24;27
24;27
24;27
24;27
24;27
24;27
24;27
24;27
24;27
24;27
24;27
24;27
24;27
24;27
24;27
24;27
24;27
24;27
24;27
24;27
24;27
24;27
24;27
24;27
24;27
24;27
24;27
24;27
24;27
24;27
24;27
24;27
24;27
24;27
24;27
24;27
24;27
24;27
24;27
24;27
24;27
0;18
0;18
0;18
0;18
0;18
0;18
0;18
0;18
0;18
0;18
0;18
0;18
0;18
0;18
0;18
0;18
0;18
0;18
0;18
0;18
0;18
0;18
0;18
0;18
0;18
0;18
0;18
0;18
0;18
0;18
0;18
0;18
0;18
0;18
0;18
0;18
0;18
0;18
0;18
0;18
0;18
0;18
0;18
0;18
0;18
0;18
0;18
0;18
0;18
0;18
0;18
0;18
0;18
0;18
0;18
0;18
0;18
0;18
0;18
0;18
0;18
0;18
0;18
0;18
0;18
0;18
0;18
0;18
0;18
0;18
0;18
0;18
0;18
0;18
0;18
0;18
0;18
0;18
0;18
0;18
0;18
0;18
0;18
0;18
0;18
0;18
0;18
0;18
0;18
0;18
0;18
0;18
0;18
0;18
0;18
0;18
0;18
0;18
0;18
0;18
0;18
0;18
0;18
0;18
0;18
0;18
0;18
0;18
0;18
0;18
0;18
0;18
0;18
0;18
0;18
0;18
0;18
0;18
0;18
0;18
0;18
0;18
0;18
0;18
0;18
0;18
0;18
0;18
0;18
0;18
0;18
0;18
0;18
0;18
0;18
0;18
0;18
0;18
0;18
0;18
0;18
0;18
0;18
0;18
0;18
0;18
0;18
0;18
0;18
0;18
0;18
0;18
0;18
0;18
0;18
0;18
0;18
0;18
0;18
0;18
0;18
0;18
0;18
0;18
0;18
0;18
0;18
0;18
0;18
0;18
0;18
0;18
0;18
0;18
22;29
22;29
22;29
22;29
22;29
22;29
22;29
22;29
22;29
22;29
22;29
22;29
22;29
22;29
22;29
22;29
22;29
22;29
22;29
22;29
22;29
22;29
22;29
22;29
22;29
22;29
22;29
22;29
22;29
22;29
22;29
22;29
22;29
22;29
22;29
22;29
22;29
22;29
22;29
22;29
22;29
22;29
22;29
22;29
22;29
22;29
22;29
22;29
22;29
22;29
22;29
22;29
22;29
22;29
22;29
22;29
22;29
22;29
22;29
22;29
22;29
22;29
22;29
22;29
22;29
22;29
22;29
22;29
22;29
22;29
22;29
22;29
22;29
22;29
22;29
22;29
22;29
22;29
22;29
22;29
22;29
22;29
22;29
22;29
22;29
22;29
22;29
22;29
22;29
22;29
22;29
22;29
22;29
22;29
22;29
22;29
22;29
22;29
22;29
22;29
22;29
22;29
22;29
22;29
22;29
22;29
22;29
22;29
22;29
22;29
22;29
22;29
22;29
22;29
22;29
22;29
22;29
22;29
22;29
22;29
22;29
22;29
22;29
22;29
22;29
22;29
22;29
22;29
22;29
22;29
22;29
22;29
22;29
22;29
22;29
22;29
22;29
22;29
22;29
22;29
22;29
22;29
22;29
22;29
22;29
22;29
22;29
22;29
22;29
22;29
22;29
22;29
22;29
22;29
22;29
22;29
22;29
22;29
22;29
22;29
22;29
22;29
22;29
22;29
22;29
22;29
22;29
22;29
22;29
22;29
22;29
22;29
22;29
22;29
22;29
22;29
22;29
22;29
22;29
22;29
22;29
22;29
22;29
22;29
22;29
22;29
22;29
22;29
22;29
22;29
22;29
22;29
22;29
22;29
22;29
22;29
22;29
22;29
22;29
22;29
22;29
22;29
22;29
22;29
22;29
22;29
22;29
22;29
22;29
22;29
22;29
22;29
22;29
22;29
22;29
22;29
22;29
22;29
22;29
22;29
22;29
22;29
22;29
22;29
22;29
22;29
22;29
22;29
22;29
22;29
22;29
22;29
22;29
22;29
22;29
22;29
22;29
22;29
22;29
22;29
22;29
22;29
22;29
22;29
22;29
22;29
22;29
22;29
22;29
22;29
22;29
22;29
22;29
22;29
22;29
22;29
22;29
22;29
22;29
22;29
22;29
22;29
22;29
22;29
22;29
22;29
22;29
22;29
22;29
22;29
22;29
22;29
22;29
22;29
22;29
22;29
22;29
22;29
22;29
22;29
22;29
22;29
22;29
22;29
22;29
22;29
22;29
22;29
22;29
22;29
22;29
22;29
22;29
22;29
22;29
22;29
22;29
22;29
22;29
22;29
22;29
22;29
22;29
22;29
22;29
22;29
22;29
22;29
22;29
22;29
22;29
22;29
22;29
22;29
22;29
22;29
22;29
22;29
22;29
22;29
22;29
22;29
22;29
22;29
22;29
22;29
22;29
22;29
22;29
22;29
22;29
22;29
22;29
22;29
22;29
22;29
22;29
22;29
22;29
22;29
22;29
22;29
22;29
22;29
22;29
22;29
22;29
22;29
22;29
22;29
22;29
22;29
22;29
22;29
22;29
22;29
22;29
22;29
22;29
22;29
22;29
22;29
22;29
22;29
22;29
22;29
22;29
22;29
22;29
22;29
22;29
22;29
22;29
22;29
22;29
22;29
22;29
22;29
22;29
22;29
22;29
22;29
22;29
22;29
22;29
22;29
22;29
22;29
22;29
22;29
22;29
22;29
22;29
22;29
22;29
22;29
22;29
22;29
22;29
22;29
22;29
22;29
22;29
22;29
22;29
22;29
22;29
22;29
22;29
22;29
22;29
22;29
22;29
22;29
22;29
22;29
22;29
22;29
22;29
22;29
22;29
22;29
22;29
22;29
22;29
22;29
22;29
22;29
22;29
22;29
22;29
22;29
22;29
22;29
22;29
22;29
22;29
22;29
22;29
22;29
22;29
22;29
22;29
22;29
22;29
22;29
22;29
22;29
22;29
22;29
22;29
22;29
22;29
22;29
22;29
22;29
22;29
22;29
22;29
22;29
22;29
22;29
22;29
22;29
22;29
22;29
22;29
22;29
22;29
22;29
22;29
22;29
22;29
22;29
22;29
22;29
22;29
22;29
22;29
22;29
22;29
22;29
22;29
22;29
22;29
22;29
22;29
22;29
22;29
22;29
22;29
22;29
22;29
22;29
22;29
22;29
22;29
22;29
22;29
22;29
22;29
22;29
22;29
22;29
22;29
22;29
22;29
22;29
22;29
22;29
22;29
22;29
22;29
22;29
22;29
22;29
22;29
22;29
22;29
22;29
22;29
22;29
22;29
22;29
22;29
22;29
22;29
22;29
22;29
22;29
22;29
22;29
22;29
22;29
22;29
22;29
22;29
22;29
22;29
22;29
22;29
22;29
22;29
22;29
22;29
22;29
22;29
22;29
22;29
22;29
22;29
22;29
22;29
22;29
22;29
22;29
22;29
22;29
22;29
22;29
22;29
22;29
22;29
22;29
22;29
22;29
22;29
22;29
22;29
22;29
22;29
22;29
22;29
22;29
22;29
22;29
22;29
22;29
22;29
22;29
22;29
22;29
22;29
22;29
22;29
22;29
22;29
22;29
22;29
22;29
22;29
22;29
22;29
22;29
22;29
22;29
22;29
22;29
22;29
22;29
22;29
22;29
22;29
22;29
22;29
22;29
22;29
22;29
22;29
22;29
22;29
22;29
22;29
22;29
22;29
22;29
22;29
22;29
22;29
22;29
22;29
22;29
22;29
22;29
22;29
22;29
22;29
22;29
22;29
22;29
22;29
22;29
22;29
22;29
22;29
22;29
22;29
22;29
22;29
22;29
22;29
22;29
22;29
22;29
22;29
22;29
22;29
22;29
22;29
22;29
22;29
22;29
22;29
22;29
22;29
22;29
22;29
22;29
22;29
22;29
22;29
22;29
22;29
22;29
22;29
22;29
22;29
22;29
22;29
22;29
22;29
22;29
22;29
22;29
22;29
22;29
22;29
22;29
22;29
22;29
22;29
22;29
22;29
22;29
22;29
22;29
22;29
22;29
22;29
22;29
22;29
22;29
22;29
22;29
22;29
22;29
22;29
22;29
22;29
22;29
22;29
22;29
22;29
22;29
22;29
22;29
22;29
22;29
22;29
22;29
22;29
22;29
22;29
22;29
22;29
22;29
22;29
22;29
22;29
22;29
22;29
22;29
22;29
22;29
22;29
22;29
22;29
22;29
22;29
22;29
22;29
22;29
22;29
22;29
22;29
22;29
22;29
22;29
22;29
22;29
22;29
22;29
22;29
22;29
22;29
22;29
22;29
22;29
22;29
22;29
22;29
22;29
22;29
22;29
22;29
22;29
22;29
22;29
22;29
22;29
22;29
22;29
22;29
22;29
22;29
22;29
22;29
22;29
22;29
22;29
22;29
22;29
22;29
22;29
22;29
22;29
22;29
22;29
22;29
22;29
22;29
22;29
22;29
22;29
22;29
22;29
22;29
22;29
22;29
22;29
22;29
22;29
22;29
22;29
22;29
22;29
22;29
22;29
22;29
22;29
22;29
22;29
22;29
22;29
22;29
22;29
22;29
22;29
22;29
22;29
22;29
22;29
22;29
22;29
22;29
22;29
22;29
22;29
22;29
22;29
22;29
22;29
22;29
22;29
22;29
22;29
22;29
22;29
22;29
22;29
22;29
22;29
22;29
22;29
22;29
22;29
22;29
22;29
22;29
22;29
22;29
22;29
22;29
22;29
22;29
22;29
22;29
22;29
22;29
22;29
22;29
22;29
22;29
22;29
22;29
22;29
22;29
22;29
22;29
22;29
22;29
22;29
22;29
22;29
22;29
22;29
22;29
22;29
22;29
22;29
22;29
22;29
22;29
22;29
22;29
22;29
22;29
22;29
22;29
22;29
22;29
22;29
22;29
22;29
22;29
22;29
22;29
22;29
22;29
22;29
22;29
22;29
22;29
22;29
6;17
6;17
18;26
18;26
18;26
18;26
18;26
18;26
18;26
18;26
18;26
18;26
18;26
18;26
18;26
18;26
18;26
18;26
28;23
28;23
28;23
28;23
28;23
28;23
28;23
28;23
28;23
28;23
28;23
28;23
28;23
28;23
28;23
28;23
28;23
28;23
28;23
28;23
28;23
28;23
28;23
28;23
28;23
28;23
28;23
28;23
28;23
28;23
28;23
28;23
28;23
28;23
28;23
28;23
28;23
28;23
28;23
28;23
28;23
28;23
28;23
28;23
28;23
28;23
28;23
28;23
28;23
28;23
28;23
28;23
28;23
28;23
28;23
28;23
28;23
28;23
28;23
28;23
28;23
28;23
28;23
28;23
28;23
28;23
28;23
28;23
28;23
28;23
28;23
28;23
28;23
28;23
28;23
28;23
28;23
28;23
28;23
28;23
28;23
28;23
28;23
28;23
28;23
28;23
28;23
28;23
28;23
28;23
28;23
28;23
28;23
28;23
28;23
28;23
28;23
28;23
28;23
28;23
28;23
28;23
28;23
28;23
28;23
28;23
28;23
28;23
28;23
28;23
28;23
28;23
28;23
28;23
28;23
28;23
28;23
28;23
28;23
28;23
28;23
28;23
28;23
28;23
28;23
28;23
28;23
28;23
28;23
28;23
28;23
28;23
28;23
28;23
28;23
28;23
28;23
28;23
28;23
28;23
28;23
28;23
28;23
28;23
28;23
28;23
28;23
28;23
28;23
28;23
28;23
28;23
28;23
28;23
28;23
28;23
28;23
28;23
28;23
28;23
28;23
28;23
28;23
28;23
28;23
28;23
28;23
28;23
28;23
28;23
28;23
28;23
28;23
28;23
28;23
28;23
28;23
28;23
28;23
28;23
28;23
28;23
28;23
28;23
28;23
28;23
28;23
28;23
28;23
28;23
28;23
28;23
28;23
28;23
28;23
28;23
28;23
28;23
28;23
28;23
28;23
28;23
28;23
28;23
28;23
28;23
28;23
28;23
28;23
28;23
28;23
28;23
28;23
28;23
28;23
28;23
28;23
28;23
28;23
28;23
28;23
28;23
28;23
28;23
28;23
28;23
28;23
28;23
28;23
28;23
28;23
28;23
28;23
28;23
28;23
28;23
28;23
28;23
28;23
28;23
28;23
28;23
28;23
28;23
28;23
28;23
28;23
28;23
28;23
28;23
28;23
28;23
28;23
28;23
28;23
28;23
28;23
28;23
28;23
28;23
28;23
28;23
28;23
28;23
28;23
28;23
28;23
28;23
28;23
28;23
28;23
28;23
28;23
28;23
28;23
28;23
28;23
28;23
28;23
28;23
28;23
28;23
28;23
28;23
28;23
28;23
28;23
28;23
28;23
28;23
28;23
28;23
28;23
28;23
28;23
28;23
28;23
28;23
28;23
28;23
28;23
28;23
28;23
28;23
28;23
28;23
28;23
28;23
28;23
28;23
28;23
28;23
28;23
28;23
28;23
28;23
28;23
28;23
28;23
28;23
28;23
28;23
28;23
28;23
28;23
28;23
28;23
28;23
28;23
28;23
28;23
28;23
28;23
28;23
28;23
28;23
28;23
28;23
28;23
28;23
28;23
28;23
28;23
28;23
28;23
28;23
28;23
28;23
28;23
28;23
28;23
28;23
28;23
28;23
28;23
28;23
28;23
28;23
28;23
28;23
28;23
28;23
28;23
28;23
28;23
28;23
28;23
28;23
28;23
28;23
28;23
28;23
28;23
28;23
28;23
28;23
28;23
28;23
28;23
28;23
28;23
28;23
28;23
28;23
28;23
28;23
28;23
28;23
28;23
28;23
28;23
28;23
28;23
28;23
28;23
28;23
28;23
28;23
28;23
28;23
28;23
28;23
28;23
28;23
28;23
28;23
28;23
28;23
28;23
28;23
28;23
28;23
28;23
28;23
28;23
28;23
28;23
28;23
28;23
28;23
28;23
28;23
28;23
28;23
28;23
28;23
28;23
28;23
28;23
28;23
28;23
28;23
28;23
28;23
28;23
28;23
28;23
28;23
28;23
28;23
28;23
28;23
28;23
28;23
28;23
28;23
28;23
28;23
28;23
28;23
28;23
28;23
28;23
28;23
28;23
28;23
28;23
28;23
28;23
28;23
28;23
28;23
28;23
28;23
28;23
28;23
28;23
28;23
28;23
28;23
28;23
28;23
28;23
28;23
28;23
28;23
28;23
28;23
28;23
28;23
28;23
28;23
28;23
28;23
28;23
28;23
28;23
28;23
28;23
28;23
28;23
28;23
28;23
28;23
28;23
28;23
28;23
28;23
28;23
28;23
28;23
28;23
28;23
28;23
28;23
28;23
28;23
28;23
28;23
28;23
28;23
28;23
28;23
28;23
28;23
28;23
28;23
28;23
28;23
28;23
28;23
28;23
28;23
28;23
28;23
28;23
28;23
28;23
28;23
28;23
28;23
28;23
28;23
28;23
28;23
28;23
28;23
28;23
28;23
28;23
28;23
28;23
28;23
28;23
28;23
28;23
28;23
28;23
28;23
28;23
28;23
28;23
28;23
28;23
28;23
28;23
28;23
28;23
28;23
28;23
28;23
28;23
28;23
28;23
28;23
28;23
28;23
28;23
28;23
28;23
28;23
28;23
28;23
28;23
28;23
28;23
28;23
28;23
28;23
28;23
28;23
28;23
28;23
28;23
28;23
28;23
28;23
28;23
28;23
28;23
28;23
28;23
28;23
28;23
28;23
28;23
28;23
28;23
28;23
28;23
28;23
28;23
28;23
28;23
28;23
28;23
28;23
28;23
28;23
28;23
28;23
28;23
28;23
28;23
28;23
28;23
28;23
28;23
28;23
28;23
28;23
28;23
28;23
28;23
28;23
28;23
28;23
28;23
28;23
28;23
28;23
28;23
28;23
28;23
28;23
28;23
28;23
28;23
28;23
28;23
28;23
28;23
28;23
28;23
28;23
28;23
28;23
28;23
28;23
28;23
28;23
28;23
28;23
28;23
28;23
28;23
28;23
28;23
28;23
28;23
28;23
28;23
28;23
28;23
28;23
28;23
28;23
28;23
28;23
28;23
28;23
28;23
28;23
28;23
28;23
28;23
28;23
28;23
28;23
28;23
28;23
28;23
28;23
28;23
28;23
28;23
28;23
28;23
28;23
28;23
28;23
28;23
28;23
28;23
28;23
28;23
28;23
28;23
28;23
28;23
28;23
28;23
28;23
28;23
28;23
28;23
28;23
28;23
28;23
28;23
28;23
28;23
28;23
28;23
28;23
28;23
28;23
28;23
28;23
28;23
28;23
28;23
28;23
28;23
28;23
28;23
28;23
28;23
28;23
28;23
28;23
28;23
28;23
28;23
28;23
28;23
28;23
28;23
28;23
28;23
28;23
28;23
28;23
28;23
28;23
28;23
28;23
28;23
28;23
28;23
28;23
28;23
28;23
28;23
28;23
28;23
28;23
28;23
28;23
28;23
28;23
28;23
28;23
28;23
28;23
28;23
28;23
28;23
28;23
28;23
28;23
28;23
28;23
28;23
28;23
28;23
28;23
28;23
28;23
28;23
28;23
28;23
28;23
28;23
28;23
28;23
28;23
28;23
28;23
28;23
28;23
28;23
28;23
28;23
28;23
28;23
28;23
28;23
28;23
28;23
28;23
28;23
28;23
28;23
28;23
28;23
28;23
28;23
28;23
28;23
28;23
28;23
28;23
28;23
28;23
28;23
28;23
28;23
28;23
28;23
28;23
28;23
28;23
28;23
28;23
28;23
28;23
28;23
28;23
28;23
28;23
28;23
28;23
28;23
28;23
28;23
28;23
28;23
28;23
28;23
28;23
28;23
28;23
28;23
28;23
28;23
28;23
28;23
28;23
28;23
28;23
28;23
28;23
28;23
28;23
28;23
28;23
28;23
28;23
28;23
28;23
28;23
28;23
28;23
28;23
28;23
28;23
28;23
28;23
28;23
28;23
28;23
28;23
28;23
28;23
28;23
28;23
28;23
28;23
28;23
28;23
28;23
28;23
28;23
28;23
28;23
28;23
28;23
28;23
28;23
28;23
28;23
28;23
28;23
28;23
28;23
28;23
4;13
