22;5;0
22;5;0
4;13;0
4;13;0
28;35;0
28;35;0
28;35;0
28;35;0
28;35;0
28;35;0
18;26;0
18;26;0
18;26;0
18;26;0
18;26;0
18;26;0
18;26;0
18;26;0
18;26;0
18;26;0
18;26;0
18;26;0
18;26;0
18;26;0
18;26;0
18;26;0
28;35;0
28;35;0
28;35;0
28;35;0
28;35;0
28;35;0
28;35;0
28;35;0
18;26;0
18;26;0
18;26;0
18;26;0
18;26;0
18;26;0
18;26;0
18;26;0
18;26;0
18;26;0
18;26;0
18;26;0
18;26;0
18;26;0
28;35;0
28;35;0
28;35;0
28;35;0
28;35;0
28;35;0
28;35;0
28;35;0
18;26;0
18;26;0
18;26;0
18;26;0
18;26;0
18;26;0
18;26;0
18;26;0
18;26;0
18;26;0
18;26;0
18;26;0
18;26;0
18;26;0
18;26;0
18;26;0
28;35;0
28;35;0
28;35;0
28;35;0
28;35;0
28;35;0
18;26;0
18;26;0
18;26;0
18;26;0
18;26;0
18;26;0
18;26;0
18;26;0
18;26;0
18;26;0
18;26;0
18;26;0
18;26;0
18;26;0
18;26;0
18;26;0
18;26;0
18;26;0
18;26;0
18;26;0
18;26;0
18;26;0
18;26;0
18;26;0
38;45;0
38;45;0
18;26;0
18;26;0
18;26;0
18;26;0
4;13;0
4;13;0
18;26;0
18;26;0
18;26;0
18;26;0
18;26;0
18;26;0
18;26;0
18;26;0
18;26;0
18;26;0
18;26;0
18;26;0
18;26;0
18;26;0
18;26;0
18;26;0
18;26;0
18;26;0
18;26;0
18;26;0
18;26;0
18;26;0
18;26;0
18;26;0
18;26;0
18;26;0
18;26;0
18;26;0
18;26;0
18;26;0
18;26;0
18;26;0
18;26;0
18;26;0
18;26;0
18;26;0
18;26;0
18;26;0
18;26;0
18;26;0
18;26;0
18;26;0
18;26;0
18;26;0
18;26;0
18;26;0
18;26;0
18;26;0
18;26;0
18;26;0
18;26;0
18;26;0
34;42;0
34;42;0
34;42;0
34;42;0
34;42;0
34;42;0
34;42;0
34;42;0
14;11;0
14;11;0
14;11;0
14;11;0
14;11;0
14;11;0
14;11;0
14;11;0
14;11;0
14;11;0
14;11;0
14;11;0
14;11;0
14;11;0
14;11;0
14;11;0
14;11;0
14;11;0
14;11;0
14;11;0
14;11;0
14;11;0
14;11;0
14;11;0
14;11;0
14;11;0
14;11;0
14;11;0
14;11;0
14;11;0
14;11;0
14;11;0
14;11;0
14;11;0
14;11;0
14;11;0
14;11;0
14;11;0
14;11;0
14;11;0
14;11;0
14;11;0
14;11;0
14;11;0
14;11;0
14;11;0
14;11;0
14;11;0
14;11;0
14;11;0
24;38;0
24;38;0
40;55;0
40;55;0
48;54;0
48;54;0
48;54;0
48;54;0
48;54;0
48;54;0
42;59;0
42;59;0
42;59;0
42;59;0
42;59;0
42;59;0
42;59;0
42;59;0
48;60;0
48;60;0
48;60;0
48;60;0
48;60;0
48;60;0
48;60;0
48;60;0
48;60;0
48;60;0
48;60;0
48;60;0
48;60;0
48;60;0
48;60;0
48;60;0
58;64;0
58;64;0
58;64;0
58;64;0
46;62;0
46;62;0
46;62;0
46;62;0
46;62;0
46;62;0
52;57;0
52;57;0
52;57;0
52;57;0
44;58;0
44;58;0
44;58;0
44;58;0
44;58;0
44;58;0
44;58;0
44;58;0
44;58;0
44;58;0
50;65;0
50;65;0
50;65;0
50;65;0
50;65;0
50;65;0
50;65;0
50;65;0
56;71;0
56;71;0
56;71;0
56;71;0
56;71;0
56;71;0
56;71;0
56;71;0
56;71;0
56;71;0
56;71;0
56;71;0
56;71;0
56;71;0
56;71;0
56;71;0
48;66;0
48;66;0
48;66;0
48;66;0
48;66;0
48;66;0
48;66;0
48;66;0
48;66;0
48;66;0
54;73;0
54;73;0
54;73;0
54;73;0
54;73;0
54;73;0
54;73;0
54;73;0
54;73;0
54;73;0
54;73;0
54;73;0
54;73;0
54;73;0
54;73;0
54;73;0
48;66;0
48;66;0
48;66;0
48;66;0
48;66;0
48;66;0
48;66;0
48;66;0
48;66;0
48;66;0
54;73;0
54;73;0
54;73;0
54;73;0
54;73;0
54;73;0
54;73;0
54;73;0
54;73;0
54;73;0
54;73;0
54;73;0
54;73;0
54;73;0
54;73;0
54;73;0
54;73;0
54;73;0
48;66;0
48;66;0
48;66;0
48;66;0
48;66;0
48;66;0
48;66;0
48;66;0
48;66;0
48;66;0
54;73;0
54;73;0
54;73;0
54;73;0
54;73;0
54;73;0
54;73;0
54;73;0
54;73;0
54;73;0
54;73;0
54;73;0
60;68;0
60;68;0
60;68;0
60;68;0
60;68;0
60;68;0
60;68;0
60;68;0
60;68;0
60;68;0
60;68;0
60;68;0
60;68;0
60;68;0
60;68;0
60;68;0
60;68;0
60;68;0
60;68;0
60;68;0
60;68;0
60;68;0
60;68;0
60;68;0
60;68;0
60;68;0
60;68;0
60;68;0
60;68;0
60;68;0
60;68;0
60;68;0
60;68;0
60;68;0
60;68;0
60;68;0
60;68;0
60;68;0
60;68;0
60;68;0
60;68;0
60;68;0
60;68;0
60;68;0
60;68;0
60;68;0
60;68;0
60;68;0
60;68;0
60;68;0
60;68;0
60;68;0
60;68;0
60;68;0
60;68;0
60;68;0
60;68;0
60;68;0
60;68;0
60;68;0
60;68;0
60;68;0
60;68;0
60;68;0
60;68;0
60;68;0
60;68;0
60;68;0
60;68;0
60;68;0
60;68;0
60;68;0
60;68;0
60;68;0
60;68;0
60;68;0
60;68;0
60;68;0
60;68;0
60;68;0
60;68;0
60;68;0
66;81;0
66;81;0
56;77;0
56;77;0
56;77;0
56;77;0
56;77;0
56;77;0
56;77;0
56;77;0
56;77;0
56;77;0
56;77;0
56;77;0
56;77;0
56;77;0
56;77;0
56;77;0
56;77;0
56;77;0
56;77;0
56;77;0
56;77;0
56;77;0
56;77;0
56;77;0
56;77;0
56;77;0
56;77;0
56;77;0
56;77;0
56;77;0
56;77;0
56;77;0
64;77;0
64;77;0
64;77;0
64;77;0
56;77;0
56;77;0
56;77;0
56;77;0
56;77;0
56;77;0
56;77;0
56;77;0
56;77;0
56;77;0
56;77;0
56;77;0
56;77;0
56;77;0
56;77;0
56;77;0
56;77;0
56;77;0
56;77;0
56;77;0
56;77;0
56;77;0
56;77;0
56;77;0
56;77;0
56;77;0
56;77;0
56;77;0
56;77;0
56;77;0
56;77;0
56;77;0
56;77;0
56;77;0
62;72;0
62;72;0
56;77;0
56;77;0
56;77;0
56;77;0
56;77;0
56;77;0
56;77;0
56;77;0
56;77;0
56;77;0
56;77;0
56;77;0
56;77;0
56;77;0
56;77;0
56;77;0
56;77;0
56;77;0
56;77;0
56;77;0
56;77;0
56;77;0
56;77;0
56;77;0
56;77;0
56;77;0
56;77;0
56;77;0
56;77;0
56;77;0
56;77;0
56;77;0
62;78;0
62;78;0
62;78;0
62;78;0
56;77;0
56;77;0
56;77;0
56;77;0
56;77;0
56;77;0
56;77;0
56;77;0
56;77;0
56;77;0
56;77;0
56;77;0
56;77;0
56;77;0
56;77;0
56;77;0
56;77;0
56;77;0
56;77;0
56;77;0
56;77;0
56;77;0
56;77;0
56;77;0
56;77;0
56;77;0
56;77;0
56;77;0
56;77;0
56;77;0
62;72;0
62;72;0
62;72;0
62;72;0
54;79;0
54;79;0
54;79;0
54;79;0
54;79;0
54;79;0
54;79;0
54;79;0
54;79;0
54;79;0
54;79;0
54;79;0
54;79;0
54;79;0
54;79;0
54;79;0
54;79;0
54;79;0
54;79;0
54;79;0
54;79;0
54;79;0
60;74;0
60;74;0
60;74;0
60;74;0
60;74;0
60;74;0
48;66;0
48;66;0
48;66;0
48;66;0
48;66;0
48;66;0
48;66;0
48;66;0
48;66;0
48;66;0
48;66;0
48;66;0
48;66;0
48;66;0
48;66;0
48;66;0
48;66;0
48;66;0
56;71;0
56;71;0
48;66;0
48;66;0
48;66;0
48;66;0
48;66;0
48;66;0
48;66;0
48;66;0
48;66;0
48;66;0
48;66;0
48;66;0
48;66;0
48;66;0
48;66;0
48;66;0
48;66;0
48;66;0
48;66;0
48;66;0
48;66;0
48;66;0
48;66;0
48;66;0
48;66;0
48;66;0
48;66;0
48;66;0
48;66;0
48;66;0
62;78;0
62;78;0
62;78;0
62;78;0
62;78;0
62;78;0
56;71;0
56;71;0
56;71;0
56;71;0
56;71;0
56;71;0
56;71;0
56;71;0
56;71;0
56;71;0
56;71;0
56;71;0
56;71;0
56;71;0
56;71;0
56;71;0
56;71;0
56;71;0
56;71;0
56;71;0
56;71;0
56;71;0
56;71;0
56;71;0
56;71;0
56;71;0
56;71;0
56;71;0
56;71;0
56;71;0
56;71;0
56;71;0
64;76;0
64;76;0
56;71;0
56;71;0
56;71;0
56;71;0
56;71;0
56;71;0
56;71;0
56;71;0
56;71;0
56;71;0
56;71;0
56;71;0
56;71;0
56;71;0
56;71;0
56;71;0
56;71;0
56;71;0
56;71;0
56;71;0
56;71;0
56;71;0
56;71;0
56;71;0
56;71;0
56;71;0
56;71;0
56;71;0
56;71;0
56;71;0
56;71;0
56;71;0
56;71;0
56;71;0
62;78;0
62;78;0
56;77;0
56;77;0
56;77;0
56;77;0
56;77;0
56;77;0
56;77;0
56;77;0
56;77;0
56;77;0
56;77;0
56;77;0
56;77;0
56;77;0
56;77;0
56;77;0
56;77;0
56;77;0
56;77;0
56;77;0
56;77;0
56;77;0
56;77;0
56;77;0
56;77;0
56;77;0
56;77;0
56;77;0
56;77;0
56;77;0
56;77;0
56;77;0
62;78;0
62;78;0
62;78;0
62;78;0
54;79;0
54;79;0
54;79;0
54;79;0
54;79;0
54;79;0
54;79;0
54;79;0
54;79;0
54;79;0
54;79;0
54;79;0
54;79;0
54;79;0
54;79;0
54;79;0
54;79;0
54;79;0
54;79;0
54;79;0
54;79;0
54;79;0
54;79;0
54;79;0
54;79;0
54;79;0
54;79;0
54;79;0
54;79;0
54;79;0
60;74;0
60;74;0
60;74;0
60;74;0
60;74;0
60;74;0
60;74;0
60;74;0
54;78;0
54;78;0
54;78;0
54;78;0
54;78;0
54;78;0
54;78;0
54;78;0
54;78;0
54;78;0
54;78;0
54;78;0
54;78;0
54;78;0
54;78;0
54;78;0
54;78;0
54;78;0
54;78;0
54;78;0
54;78;0
54;78;0
54;78;0
54;78;0
54;78;0
54;78;0
60;74;0
60;74;0
60;74;0
60;74;0
60;74;0
60;74;0
60;74;0
60;74;0
60;74;0
60;74;0
60;74;0
60;74;0
60;74;0
60;74;0
60;74;0
60;74;0
60;74;0
60;74;0
60;74;0
60;74;0
60;74;0
60;74;0
60;74;0
60;74;0
60;74;0
60;74;0
60;74;0
60;74;0
60;74;0
60;74;0
60;74;0
60;74;0
60;74;0
60;74;0
60;74;0
60;74;0
60;74;0
60;74;0
60;74;0
60;74;0
60;74;0
60;74;0
54;78;0
54;78;0
54;78;0
54;78;0
54;78;0
54;78;0
54;78;0
54;78;0
54;78;0
54;78;0
54;78;0
54;78;0
54;78;0
54;78;0
54;78;0
54;78;0
60;74;0
60;74;0
60;74;0
60;74;0
60;74;0
60;74;0
48;66;0
48;66;0
48;66;0
48;66;0
48;66;0
48;66;0
48;66;0
48;66;0
48;66;0
48;66;0
48;66;0
48;66;0
48;66;0
48;66;0
48;66;0
48;66;0
48;66;0
48;66;0
56;77;0
56;77;0
48;66;0
48;66;0
48;66;0
48;66;0
48;66;0
48;66;0
48;66;0
48;66;0
48;66;0
48;66;0
48;66;0
48;66;0
48;66;0
48;66;0
48;66;0
48;66;0
48;66;0
48;66;0
48;66;0
48;66;0
48;66;0
48;66;0
48;66;0
48;66;0
48;66;0
48;66;0
48;66;0
48;66;0
48;66;0
48;66;0
60;73;0
60;73;0
60;73;0
60;73;0
60;73;0
60;73;0
60;73;0
60;73;0
54;78;0
54;78;0
54;78;0
54;78;0
54;78;0
54;78;0
54;78;0
54;78;0
54;78;0
54;78;0
54;78;0
54;78;0
54;78;0
54;78;0
54;78;0
54;78;0
54;78;0
54;78;0
54;78;0
54;78;0
54;78;0
54;78;0
54;78;0
54;78;0
54;78;0
54;78;0
66;74;0
66;74;0
56;76;0
56;76;0
70;77;0
70;77;0
70;77;0
70;77;0
70;77;0
70;77;0
70;77;0
70;77;0
62;72;0
62;72;0
68;78;0
68;78;0
68;78;0
68;78;0
52;56;0
52;56;0
68;72;0
68;72;0
68;72;0
68;72;0
56;65;0
56;65;0
56;65;0
56;65;0
50;58;0
50;58;0
44;51;0
44;51;0
20;24;0
20;24;0
20;24;0
20;24;0
20;24;0
20;24;0
20;24;0
20;24;0
20;24;0
20;24;0
20;24;0
20;24;0
20;24;0
20;24;0
20;24;0
20;24;0
20;24;0
20;24;0
20;24;0
20;24;0
20;24;0
20;24;0
20;24;0
20;24;0
46;50;0
46;50;0
38;50;0
38;50;0
38;50;0
38;50;0
38;50;0
38;50;0
14;11;0
14;11;0
14;11;0
14;11;0
14;11;0
14;11;0
14;11;0
14;11;0
14;11;0
14;11;0
14;11;0
14;11;0
14;11;0
14;11;0
14;11;0
14;11;0
14;11;0
14;11;0
14;11;0
14;11;0
14;11;0
14;11;0
14;11;0
14;11;0
14;11;0
14;11;0
14;11;0
14;11;0
14;11;0
14;11;0
14;11;0
14;11;0
14;11;0
14;11;0
14;11;0
14;11;0
14;11;0
14;11;0
14;11;0
14;11;0
14;11;0
14;11;0
14;11;0
14;11;0
28;41;0
28;41;0
28;41;0
28;41;0
44;51;0
44;51;0
44;51;0
44;51;0
44;51;0
44;51;0
44;51;0
44;51;0
44;51;0
44;51;0
44;51;0
44;51;0
44;51;0
44;51;0
44;51;0
44;51;0
44;51;0
44;51;0
44;51;0
44;51;0
44;51;0
44;51;0
50;70;0
50;70;0
50;70;0
50;70;0
50;70;0
50;70;0
50;70;0
50;70;0
56;71;0
56;71;0
56;71;0
56;71;0
56;71;0
56;71;0
56;71;0
56;71;0
50;64;0
50;64;0
50;64;0
50;64;0
50;64;0
50;64;0
50;64;0
50;64;0
50;64;0
50;64;0
50;64;0
50;64;0
50;64;0
50;64;0
50;64;0
50;64;0
50;64;0
50;64;0
50;64;0
50;64;0
56;71;0
56;71;0
56;71;0
56;71;0
56;71;0
56;71;0
56;71;0
56;71;0
50;64;0
50;64;0
50;64;0
50;64;0
50;64;0
50;64;0
50;64;0
50;64;0
50;64;0
50;64;0
50;64;0
50;64;0
50;64;0
50;64;0
50;64;0
50;64;0
50;64;0
50;64;0
50;64;0
50;64;0
56;76;0
56;76;0
56;76;0
56;76;0
56;76;0
56;76;0
56;76;0
56;76;0
50;64;0
50;64;0
50;64;0
50;64;0
44;63;0
44;63;0
44;63;0
44;63;0
44;63;0
44;63;0
44;63;0
44;63;0
50;70;0
50;70;0
50;70;0
50;70;0
50;70;0
50;70;0
50;70;0
50;70;0
50;70;0
50;70;0
56;77;0
56;77;0
56;77;0
56;77;0
56;77;0
56;77;0
56;77;0
56;77;0
56;77;0
56;77;0
56;77;0
56;77;0
56;77;0
56;77;0
56;77;0
56;77;0
56;77;0
56;77;0
56;77;0
56;77;0
56;77;0
56;77;0
56;77;0
56;77;0
56;77;0
56;77;0
56;77;0
56;77;0
56;77;0
56;77;0
56;77;0
56;77;0
56;77;0
56;77;0
56;77;0
56;77;0
56;77;0
56;77;0
56;77;0
56;77;0
56;77;0
56;77;0
56;77;0
56;77;0
56;77;0
56;77;0
56;77;0
56;77;0
56;77;0
56;77;0
64;76;0
64;76;0
64;76;0
64;76;0
56;76;0
56;76;0
56;76;0
56;76;0
56;76;0
56;76;0
56;76;0
56;76;0
56;76;0
56;76;0
56;76;0
56;76;0
56;76;0
56;76;0
56;76;0
56;76;0
56;76;0
56;76;0
56;76;0
56;76;0
56;76;0
56;76;0
56;76;0
56;76;0
56;76;0
56;76;0
56;76;0
56;76;0
56;76;0
56;76;0
56;76;0
56;76;0
64;76;0
64;76;0
54;78;0
54;78;0
54;78;0
54;78;0
64;76;0
64;76;0
64;76;0
64;76;0
64;76;0
64;76;0
64;76;0
64;76;0
64;76;0
64;76;0
64;76;0
64;76;0
1912;20;0
1912;20;0
1912;20;0
1912;20;0
1912;20;0
1912;20;0
1906;0;0
1906;0;0
1900;136;0
1900;136;0
1910;0;0
1910;0;0
1910;0;0
1910;0;0
1910;0;0
1910;0;0
1910;0;0
1910;0;0
1902;104;0
1902;104;0
1902;104;0
1902;104;0
1912;0;0
1912;0;0
1900;147;0
1900;147;0
1908;0;0
1908;0;0
1908;0;0
1908;0;0
1908;0;0
1908;0;0
1914;0;0
1914;0;0
1914;0;0
1914;0;0
1904;99;0
1904;99;0
1904;99;0
1904;99;0
1904;99;0
1904;99;0
1904;99;0
1904;99;0
1910;0;0
1910;0;0
1904;57;0
1904;57;0
1904;57;0
1904;57;0
1904;57;0
1904;57;0
1910;0;0
1910;0;0
1910;0;0
1910;0;0
1910;0;0
1910;0;0
1910;0;0
1910;0;0
1910;0;0
1910;0;0
1904;114;0
1904;114;0
1910;27;0
1910;27;0
1910;27;0
1910;27;0
1910;27;0
1910;27;0
1900;0;0
1900;0;0
1906;0;0
1906;0;0
1906;0;0
1906;0;0
1906;0;0
1906;0;0
1906;0;0
1906;0;0
1900;136;0
1900;136;0
1900;136;0
1900;136;0
1900;136;0
1900;136;0
1900;136;0
1900;136;0
1910;0;0
1910;0;0
1902;104;0
1902;104;0
1902;104;0
1902;104;0
1902;104;0
1902;104;0
1902;104;0
1902;104;0
1902;104;0
1902;104;0
1910;27;0
1910;27;0
1904;143;0
1904;143;0
1904;143;0
1904;143;0
1904;143;0
1904;143;0
1896;116;0
1896;116;0
1904;57;0
1904;57;0
1904;57;0
1904;57;0
1904;57;0
1904;57;0
1904;57;0
1904;57;0
1904;57;0
1904;57;0
1904;57;0
1904;57;0
1904;57;0
1904;57;0
1904;57;0
1904;57;0
1904;57;0
1904;57;0
1904;57;0
1904;57;0
1894;133;0
1894;133;0
1906;0;0
1906;0;0
1906;0;0
1906;0;0
1906;0;0
1906;0;0
1916;0;0
1916;0;0
1898;95;0
1898;95;0
1904;80;0
1904;80;0
1904;80;0
1904;80;0
1904;80;0
1904;80;0
1904;80;0
1904;80;0
1904;80;0
1904;80;0
1904;80;0
1904;80;0
1904;80;0
1904;80;0
1904;80;0
1904;80;0
1904;80;0
1904;80;0
1904;80;0
1904;80;0
1904;80;0
1904;80;0
1904;80;0
1904;80;0
1896;101;0
1896;101;0
1902;0;0
1902;0;0
1902;0;0
1902;0;0
1910;0;0
1910;0;0
1910;0;0
1910;0;0
1918;0;0
1918;0;0
1918;0;0
1918;0;0
1910;142;0
1910;142;0
1916;24;0
1916;24;0
1916;24;0
1916;24;0
1916;24;0
1916;24;0
1916;24;0
1916;24;0
1922;0;0
1922;0;0
1922;0;0
1922;0;0
1922;0;0
1922;0;0
1922;0;0
1922;0;0
1916;84;0
1916;84;0
1916;84;0
1916;84;0
1922;0;0
1922;0;0
1922;0;0
1922;0;0
1914;138;0
1914;138;0
1922;37;0
1922;37;0
1922;37;0
1922;37;0
1922;37;0
1922;37;0
1916;102;0
1916;102;0
1922;89;0
1922;89;0
1922;89;0
1922;89;0
1922;89;0
1922;89;0
1922;89;0
1922;89;0
1932;0;0
1932;0;0
1922;106;0
1922;106;0
1922;106;0
1922;106;0
1922;106;0
1922;106;0
1928;0;0
1928;0;0
1928;0;0
1928;0;0
1920;137;0
1920;137;0
1920;137;0
1920;137;0
1920;137;0
1920;137;0
1920;137;0
1920;137;0
1930;0;0
1930;0;0
1918;52;0
1918;52;0
1918;52;0
1918;52;0
1918;52;0
1918;52;0
1918;52;0
1918;52;0
1918;52;0
1918;52;0
1918;52;0
1918;52;0
1912;126;0
1912;126;0
1918;0;0
1918;0;0
1918;0;0
1918;0;0
1918;0;0
1918;0;0
1918;0;0
1918;0;0
1918;0;0
1918;0;0
1910;142;0
1910;142;0
1916;84;0
1916;84;0
1916;84;0
1916;84;0
1916;84;0
1916;84;0
1916;84;0
1916;84;0
1924;33;0
1924;33;0
1916;84;0
1916;84;0
1922;106;0
1922;106;0
1922;106;0
1922;106;0
1916;84;0
1916;84;0
1916;84;0
1916;84;0
1916;84;0
1916;84;0
1916;84;0
1916;84;0
1916;84;0
1916;84;0
1916;84;0
1916;84;0
1916;84;0
1916;84;0
1916;84;0
1916;84;0
1922;0;0
1922;0;0
1922;0;0
1922;0;0
1914;107;0
1914;107;0
1920;0;0
1920;0;0
1920;0;0
1920;0;0
1920;0;0
1920;0;0
1920;0;0
1920;0;0
1920;0;0
1920;0;0
1908;86;0
1908;86;0
1914;70;0
1914;70;0
1914;70;0
1914;70;0
1914;70;0
1914;70;0
1914;70;0
1914;70;0
1914;70;0
1914;70;0
1914;70;0
1914;70;0
1920;0;0
1920;0;0
1920;0;0
1920;0;0
1920;0;0
1920;0;0
1920;0;0
1920;0;0
1920;0;0
1920;0;0
1920;0;0
1920;0;0
1926;0;0
1926;0;0
1926;0;0
1926;0;0
1926;0;0
1926;0;0
1916;24;0
1916;24;0
1916;24;0
1916;24;0
1916;24;0
1916;24;0
1916;24;0
1916;24;0
1916;24;0
1916;24;0
1916;24;0
1916;24;0
1916;24;0
1916;24;0
1916;24;0
1916;24;0
1910;153;0
1910;153;0
1918;0;0
1918;0;0
1918;0;0
1918;0;0
1908;103;0
1908;103;0
1916;0;0
1916;0;0
1916;0;0
1916;0;0
1910;153;0
1910;153;0
1918;0;0
1918;0;0
1918;0;0
1918;0;0
1918;0;0
1918;0;0
1918;0;0
1918;0;0
1910;142;0
1910;142;0
1910;142;0
1910;142;0
1916;24;0
1916;24;0
1910;55;0
1910;55;0
1910;55;0
1910;55;0
1910;55;0
1910;55;0
1910;55;0
1910;55;0
1910;55;0
1910;55;0
1910;55;0
1910;55;0
1910;55;0
1910;55;0
1910;55;0
1910;55;0
1910;55;0
1910;55;0
1910;55;0
1910;55;0
1910;55;0
1910;55;0
1918;83;0
1918;83;0
1918;83;0
1918;83;0
1908;86;0
1908;86;0
1908;86;0
1908;86;0
1916;0;0
1916;0;0
1910;0;0
1910;0;0
1910;0;0
1910;0;0
1910;0;0
1910;0;0
1910;0;0
1910;0;0
1910;0;0
1910;0;0
1910;0;0
1910;0;0
1910;0;0
1910;0;0
1902;143;0
1902;143;0
1912;0;0
1912;0;0
1912;0;0
1912;0;0
1912;0;0
1912;0;0
1912;0;0
1912;0;0
1912;0;0
1912;0;0
1912;0;0
1912;0;0
1920;0;0
1920;0;0
1902;128;0
1902;128;0
1908;0;0
1908;0;0
1908;0;0
1908;0;0
1908;0;0
1908;0;0
1908;0;0
1908;0;0
1902;140;0
1902;140;0
1902;140;0
1902;140;0
1902;140;0
1902;140;0
1902;140;0
1902;140;0
1918;0;0
1918;0;0
1904;94;0
1904;94;0
1904;94;0
1904;94;0
1904;94;0
1904;94;0
1904;94;0
1904;94;0
1910;0;0
1910;0;0
1902;140;0
1902;140;0
1908;0;0
1908;0;0
1908;0;0
1908;0;0
1908;0;0
1908;0;0
1908;0;0
1908;0;0
1900;155;0
1900;155;0
1906;0;0
1906;0;0
1906;0;0
1906;0;0
1906;0;0
1906;0;0
1906;0;0
1906;0;0
1906;0;0
1906;0;0
1922;0;0
1922;0;0
1908;103;0
1908;103;0
1908;103;0
1908;103;0
1908;103;0
1908;103;0
1908;103;0
1908;103;0
1914;0;0
1914;0;0
1914;0;0
1914;0;0
1914;0;0
1914;0;0
1914;0;0
1914;0;0
1914;0;0
1914;0;0
1914;0;0
1914;0;0
1914;0;0
1914;0;0
1920;0;0
1920;0;0
1912;150;0
1912;150;0
1920;0;0
1920;0;0
1920;0;0
1920;0;0
1920;0;0
1920;0;0
1926;0;0
1926;0;0
1926;0;0
1926;0;0
1910;79;0
1910;79;0
1916;0;0
1916;0;0
1910;153;0
1910;153;0
1910;153;0
1910;153;0
1916;24;0
1916;24;0
1910;164;0
1910;164;0
1910;164;0
1910;164;0
1910;164;0
1910;164;0
1910;164;0
1910;164;0
1918;0;0
1918;0;0
1910;79;0
1910;79;0
1916;0;0
1916;0;0
1916;0;0
1916;0;0
1910;153;0
1910;153;0
1916;24;0
1916;24;0
1916;24;0
1916;24;0
1916;24;0
1916;24;0
1924;0;0
1924;0;0
1912;150;0
1912;150;0
1918;0;0
1918;0;0
1912;126;0
1912;126;0
1912;126;0
1912;126;0
1918;0;0
1918;0;0
1912;150;0
1912;150;0
1922;0;0
1922;0;0
1914;121;0
1914;121;0
1914;121;0
1914;121;0
1914;121;0
1914;121;0
1914;121;0
1914;121;0
1914;121;0
1914;121;0
1914;121;0
1914;121;0
1914;121;0
1914;121;0
1914;121;0
1914;121;0
1914;121;0
1914;121;0
1928;0;0
1928;0;0
1910;55;0
1910;55;0
1910;55;0
1910;55;0
1918;0;0
1918;0;0
1906;123;0
1906;123;0
1906;123;0
1906;123;0
1912;0;0
1912;0;0
1912;0;0
1912;0;0
1918;0;0
1918;0;0
1906;123;0
1906;123;0
1914;0;0
1914;0;0
1914;0;0
1914;0;0
1914;0;0
1914;0;0
1914;0;0
1914;0;0
1902;154;0
1902;154;0
1916;24;0
1916;24;0
1908;86;0
1908;86;0
1916;0;0
1916;0;0
1922;0;0
1922;0;0
1902;164;0
1902;164;0
1914;0;0
1914;0;0
1906;123;0
1906;123;0
1906;123;0
1906;123;0
1912;0;0
1912;0;0
1912;0;0
1912;0;0
1912;0;0
1912;0;0
1912;0;0
1912;0;0
1912;0;0
1912;0;0
1912;0;0
1912;0;0
1904;139;0
1904;139;0
1914;0;0
1914;0;0
1914;0;0
1914;0;0
1908;86;0
1908;86;0
1916;0;0
1916;0;0
1916;0;0
1916;0;0
1922;0;0
1922;0;0
1922;0;0
1922;0;0
1906;123;0
1906;123;0
1916;0;0
1916;0;0
1904;127;0
1904;127;0
1914;107;0
1914;107;0
1914;107;0
1914;107;0
1914;107;0
1904;139;0
1904;139;0
1910;0;0
1910;0;0
1910;0;0
1910;0;0
1910;0;0
1910;0;0
1910;0;0
1910;0;0
1910;0;0
1910;0;0
1910;0;0
1910;0;0
1910;0;0
1910;0;0
1910;0;0
1910;0;0
1916;0;0
1916;0;0
1916;0;0
1916;0;0
1916;0;0
1916;0;0
1910;79;0
1910;79;0
1910;79;0
1910;79;0
1910;79;0
1910;79;0
1910;79;0
1910;79;0
1910;79;0
1910;79;0
1910;79;0
1910;79;0
1910;79;0
1910;79;0
1910;79;0
1910;79;0
1910;79;0
1910;79;0
1916;0;0
1916;0;0
1908;103;0
1908;103;0
1908;103;0
1908;103;0
1914;0;0
1914;0;0
1908;103;0
1908;103;0
1908;103;0
1908;103;0
1920;50;0
1920;50;0
1920;50;0
1920;50;0
1920;50;0
1920;50;0
1910;79;0
1910;79;0
1910;79;0
1910;79;0
1910;79;0
1910;79;0
1910;79;0
1910;79;0
1918;0;0
1918;0;0
1910;164;0
1910;164;0
1918;0;0
1918;0;0
1912;138;0
1912;138;0
1912;138;0
1912;138;0
1912;138;0
1912;138;0
1912;138;0
1912;138;0
1912;138;0
1912;138;0
1912;138;0
1912;138;0
1912;138;0
1912;138;0
1912;138;0
1912;138;0
1912;138;0
1912;138;0
1920;0;0
1920;0;0
1912;0;0
1912;0;0
1912;0;0
1912;0;0
1912;0;0
1912;0;0
1898;95;0
1898;95;0
1898;95;0
1898;95;0
1912;0;0
1912;0;0
1904;139;0
1904;139;0
1910;0;0
1910;0;0
1910;0;0
1910;0;0
1904;139;0
1904;139;0
1910;0;0
1910;0;0
1904;114;0
1904;114;0
1904;114;0
1904;114;0
1904;114;0
1904;114;0
1904;114;0
1904;114;0
1904;114;0
1904;114;0
1914;0;0
1914;0;0
1902;132;0
1902;132;0
1902;132;0
1902;132;0
1908;0;0
1908;0;0
1902;154;0
1902;154;0
1902;154;0
1902;154;0
1902;154;0
1902;154;0
1902;154;0
1902;154;0
1902;154;0
1902;154;0
1902;154;0
1902;154;0
1910;0;0
1910;0;0
1904;0;0
1904;0;0
1904;0;0
1904;0;0
1904;0;0
1904;0;0
1894;130;0
1894;130;0
1894;130;0
1894;130;0
1894;130;0
1894;130;0
1894;130;0
1894;130;0
1894;130;0
1894;130;0
1894;130;0
1894;130;0
1894;130;0
1894;130;0
1902;0;0
1902;0;0
1902;0;0
1902;0;0
1910;0;0
1910;0;0
1910;0;0
1910;0;0
1902;154;0
1902;154;0
1908;31;0
1908;31;0
1908;31;0
1908;31;0
1902;143;0
1902;143;0
1902;143;0
1902;143;0
1902;143;0
1902;143;0
1902;143;0
1902;143;0
1902;143;0
1902;143;0
1902;143;0
1902;143;0
1902;143;0
1902;143;0
1902;143;0
1902;143;0
1902;143;0
1902;143;0
1902;143;0
1902;143;0
1910;0;0
1910;0;0
1904;114;0
1904;114;0
1904;114;0
1904;114;0
1914;0;0
1914;0;0
1914;0;0
1914;0;0
1906;109;0
1906;109;0
1906;109;0
1906;109;0
1906;109;0
1906;109;0
1906;109;0
1906;109;0
1914;0;0
1914;0;0
1914;0;0
1914;0;0
1914;0;0
1914;0;0
1914;0;0
1914;0;0
1914;0;0
1914;0;0
1906;123;0
1906;123;0
1914;0;0
1914;0;0
1914;0;0
1914;0;0
1908;103;0
1908;103;0
1914;0;0
1914;0;0
1908;103;0
1908;103;0
1916;0;0
1916;0;0
1916;0;0
1916;0;0
1904;151;0
1904;151;0
1912;0;0
1912;0;0
1912;0;0
1912;0;0
1906;123;0
1906;123;0
1906;123;0
1906;123;0
1906;123;0
1906;123;0
1906;123;0
1906;123;0
1914;0;0
1914;0;0
1906;135;0
1906;135;0
1912;0;0
1912;0;0
1912;0;0
1912;0;0
1912;0;0
1912;0;0
1912;0;0
1912;0;0
1906;135;0
1906;135;0
1912;0;0
1912;0;0
1912;0;0
1912;0;0
1912;0;0
1912;0;0
1918;0;0
1918;0;0
1908;86;0
1908;86;0
1908;86;0
1908;86;0
1914;0;0
1914;0;0
1908;103;0
1908;103;0
1908;103;0
1908;103;0
1908;103;0
1908;103;0
1908;103;0
1908;103;0
1908;103;0
1908;103;0
1908;103;0
1908;103;0
1908;103;0
1908;103;0
1914;0;0
1914;0;0
1914;0;0
1914;0;0
1904;139;0
1904;139;0
1914;0;0
1914;0;0
1908;65;0
1908;65;0
1908;65;0
1908;65;0
1922;0;0
1922;0;0
1912;44;0
1912;44;0
1912;44;0
1912;44;0
1912;44;0
1912;44;0
1912;44;0
1912;44;0
1912;44;0
1912;44;0
1912;44;0
1912;44;0
1912;44;0
1912;44;0
1912;44;0
1912;44;0
1912;44;0
1912;44;0
1904;139;0
1904;139;0
1916;0;0
1916;0;0
1916;0;0
1916;0;0
1904;139;0
1904;139;0
1910;0;0
1910;0;0
1910;0;0
1910;0;0
1910;0;0
1910;0;0
1918;60;0
1918;60;0
1918;60;0
1918;60;0
1906;123;0
1906;123;0
1912;0;0
1912;0;0
1912;0;0
1912;0;0
1904;139;0
1904;139;0
1912;0;0
1912;0;0
1912;0;0
1912;0;0
1912;0;0
1912;0;0
1912;0;0
1912;0;0
1904;139;0
1904;139;0
1904;139;0
1904;139;0
1912;0;0
1912;0;0
1904;139;0
1904;139;0
1904;139;0
1904;139;0
1912;0;0
1912;0;0
1906;123;0
1906;123;0
1916;0;0
1916;0;0
1916;0;0
1916;0;0
1916;0;0
1916;0;0
1916;0;0
1916;0;0
1910;55;0
1910;55;0
1910;55;0
1910;55;0
1910;55;0
1910;55;0
1904;151;0
1904;151;0
1910;0;0
1910;0;0
1904;114;0
1904;114;0
1904;114;0
1904;114;0
1910;0;0
1910;0;0
1910;0;0
1910;0;0
1910;0;0
1910;0;0
1910;0;0
1910;0;0
1898;111;0
1898;111;0
1904;139;0
1904;139;0
1904;139;0
1904;139;0
1904;139;0
1904;139;0
1912;97;0
1912;97;0
1912;97;0
1912;97;0
1912;97;0
1912;97;0
1912;97;0
1912;97;0
1912;97;0
1912;97;0
1912;97;0
1912;97;0
1912;97;0
1912;97;0
1912;97;0
1912;97;0
1912;97;0
1912;97;0
1912;97;0
1912;97;0
1912;97;0
1912;97;0
1912;97;0
1912;97;0
1906;123;0
1906;123;0
1906;123;0
1906;123;0
1906;123;0
1906;123;0
1906;123;0
1906;123;0
1912;0;0
1912;0;0
1912;0;0
1912;0;0
1912;0;0
1912;0;0
1912;0;0
1912;0;0
1912;0;0
1912;0;0
1912;0;0
1912;0;0
1906;109;0
1906;109;0
1906;109;0
1906;109;0
1906;109;0
1906;109;0
1906;109;0
1906;109;0
1912;0;0
1912;0;0
1906;109;0
1906;109;0
1906;109;0
1906;109;0
1906;109;0
1906;109;0
1906;109;0
1906;109;0
1906;109;0
1906;109;0
1906;109;0
1906;109;0
1900;68;0
1900;68;0
1908;122;0
1908;122;0
1908;122;0
1908;122;0
1902;119;0
1902;119;0
1908;31;0
1908;31;0
1908;31;0
1908;31;0
1902;143;0
1902;143;0
1910;0;0
1910;0;0
1910;0;0
1910;0;0
1902;143;0
1902;143;0
1902;143;0
1902;143;0
1910;0;0
1910;0;0
1900;168;0
1900;168;0
1900;168;0
1900;168;0
1910;0;0
1910;0;0
1904;127;0
1904;127;0
1904;127;0
1904;127;0
1904;127;0
1904;127;0
1904;127;0
1904;127;0
1910;85;0
1910;85;0
1910;85;0
1910;85;0
1904;99;0
1904;99;0
1904;99;0
1904;99;0
1904;99;0
1904;99;0
1904;99;0
1904;99;0
1904;99;0
1904;99;0
1904;99;0
1904;99;0
1904;99;0
1904;99;0
1904;99;0
1904;99;0
1904;99;0
1904;99;0
1904;99;0
1904;99;0
1904;99;0
1904;99;0
1904;99;0
1904;99;0
1904;99;0
1904;99;0
1904;99;0
1904;99;0
1904;99;0
1904;99;0
1904;99;0
1904;99;0
1914;0;0
1914;0;0
1908;0;0
1908;0;0
1900;68;0
1900;68;0
1900;68;0
1900;68;0
1906;0;0
1906;0;0
1906;0;0
1906;0;0
1906;0;0
1906;0;0
1906;0;0
1906;0;0
1906;0;0
1906;0;0
1900;37;0
1900;37;0
1910;0;0
1910;0;0
1910;0;0
1910;0;0
1904;127;0
1904;127;0
1904;127;0
1904;127;0
1904;127;0
1904;127;0
1894;145;0
1894;145;0
1906;46;0
1906;46;0
1912;0;0
1912;0;0
1904;154;0
1904;154;0
1904;154;0
1904;154;0
1904;154;0
1904;154;0
1898;95;0
1898;95;0
1898;95;0
1898;95;0
1906;73;0
1906;73;0
1900;68;0
1900;68;0
1906;0;0
1906;0;0
1906;0;0
1906;0;0
1906;0;0
1906;0;0
1906;0;0
1906;0;0
1900;168;0
1900;168;0
1908;31;0
1908;31;0
1908;31;0
1908;31;0
1900;68;0
1900;68;0
1906;46;0
1906;46;0
1906;46;0
1906;46;0
1906;46;0
1906;46;0
1906;46;0
1906;46;0
1906;46;0
1906;46;0
1906;46;0
1906;46;0
1906;46;0
1906;46;0
1906;46;0
1906;46;0
1906;46;0
1906;46;0
1906;46;0
1906;46;0
1906;46;0
1906;46;0
1898;111;0
1898;111;0
1910;0;0
1910;0;0
1904;114;0
1904;114;0
1904;114;0
1904;114;0
1904;114;0
1904;114;0
1904;114;0
1904;114;0
1904;114;0
1904;114;0
1910;0;0
1910;0;0
1910;0;0
1910;0;0
1910;0;0
1910;0;0
1918;0;0
1918;0;0
1908;31;0
1908;31;0
1902;16;0
1902;16;0
1912;0;0
1912;0;0
1912;0;0
1912;0;0
1906;123;0
1906;123;0
1914;0;0
1914;0;0
1914;0;0
1914;0;0
1904;127;0
1904;127;0
1924;0;0
1924;0;0
1916;62;0
1916;62;0
1916;62;0
1916;62;0
1916;62;0
1916;62;0
1916;62;0
1916;62;0
1916;62;0
1916;62;0
1926;0;0
1926;0;0
1926;0;0
1926;0;0
1926;0;0
1926;0;0
1926;0;0
1926;0;0
1920;0;0
1920;0;0
1920;0;0
1920;0;0
1920;0;0
1920;0;0
1914;134;0
1914;134;0
1922;0;0
1922;0;0
1922;0;0
1922;0;0
1922;0;0
1922;0;0
1922;0;0
1922;0;0
1922;0;0
1922;0;0
1912;150;0
1912;150;0
1918;0;0
1918;0;0
1918;0;0
1918;0;0
1918;0;0
1918;0;0
1918;0;0
1918;0;0
1924;59;0
1924;59;0
1924;59;0
1924;59;0
1924;59;0
1924;59;0
1918;112;0
1918;112;0
1918;112;0
1918;112;0
1924;0;0
1924;0;0
1918;52;0
1918;52;0
1918;52;0
1918;52;0
1918;52;0
1918;52;0
1918;52;0
1918;52;0
1924;0;0
1924;0;0
1916;62;0
1916;62;0
1916;62;0
1916;62;0
1916;62;0
1916;62;0
1916;62;0
1916;62;0
1916;62;0
1916;62;0
1924;0;0
1924;0;0
1914;121;0
1914;121;0
1926;0;0
1926;0;0
1926;0;0
1926;0;0
1916;102;0
1916;102;0
1916;102;0
1916;102;0
1922;0;0
1922;0;0
1916;117;0
1916;117;0
1916;117;0
1916;117;0
1916;117;0
1916;117;0
1916;117;0
1916;117;0
1916;117;0
1916;117;0
1922;0;0
1922;0;0
1922;0;0
1922;0;0
1922;0;0
1922;0;0
1922;0;0
1922;0;0
1916;102;0
1916;102;0
1916;102;0
1916;102;0
1924;0;0
1924;0;0
1918;52;0
1918;52;0
1918;52;0
1918;52;0
1932;86;0
1932;86;0
1918;0;0
1918;0;0
1918;0;0
1918;0;0
1918;0;0
1918;0;0
1918;0;0
1918;0;0
1912;138;0
1912;138;0
1920;0;0
1920;0;0
1920;0;0
1920;0;0
1914;107;0
1914;107;0
1920;0;0
1920;0;0
1920;0;0
1920;0;0
1912;150;0
1912;150;0
1918;0;0
1918;0;0
1918;0;0
1918;0;0
1918;0;0
1918;0;0
1918;0;0
1918;0;0
1918;0;0
1918;0;0
1918;0;0
1918;0;0
1918;0;0
1918;0;0
1918;0;0
1918;0;0
1918;0;0
1918;0;0
1918;0;0
1918;0;0
1918;0;0
1918;0;0
1918;0;0
1918;0;0
1918;0;0
1918;0;0
1918;0;0
1918;0;0
1918;0;0
1918;0;0
1918;0;0
1918;0;0
1918;0;0
1918;0;0
1918;0;0
1918;0;0
1918;0;0
1918;0;0
1918;0;0
1918;0;0
1918;0;0
1918;0;0
1918;0;0
1918;0;0
1918;0;0
1918;0;0
1926;0;0
1926;0;0
1918;116;0
1918;116;0
1910;55;0
1910;55;0
1922;0;0
1922;0;0
1914;70;0
1914;70;0
1914;70;0
1914;70;0
1914;70;0
1914;70;0
1914;70;0
1914;70;0
1914;70;0
1914;70;0
1914;70;0
1914;70;0
1914;70;0
1914;70;0
1914;70;0
1914;70;0
1914;70;0
1914;70;0
1914;70;0
1914;70;0
1914;70;0
1914;70;0
1914;70;0
1914;70;0
1908;86;0
1908;86;0
1924;66;0
1924;66;0
1924;66;0
1924;66;0
62;78;0
62;78;0
62;78;0
62;78;0
56;77;0
56;77;0
56;77;0
56;77;0
56;77;0
56;77;0
56;77;0
56;77;0
56;77;0
56;77;0
56;77;0
56;77;0
56;77;0
56;77;0
56;77;0
56;77;0
56;77;0
56;77;0
56;77;0
56;77;0
56;77;0
56;77;0
56;77;0
56;77;0
56;77;0
56;77;0
62;78;0
62;78;0
62;78;0
62;78;0
62;78;0
62;78;0
56;82;0
56;82;0
56;82;0
56;82;0
56;82;0
56;82;0
56;82;0
56;82;0
56;82;0
56;82;0
56;82;0
56;82;0
56;82;0
56;82;0
56;82;0
56;82;0
56;82;0
56;82;0
56;82;0
56;82;0
56;82;0
56;82;0
56;82;0
56;82;0
56;82;0
56;82;0
56;82;0
56;82;0
56;82;0
56;82;0
62;78;0
62;78;0
62;78;0
62;78;0
62;78;0
62;78;0
62;78;0
62;78;0
62;78;0
62;78;0
62;78;0
62;78;0
62;78;0
62;78;0
62;78;0
62;78;0
62;78;0
62;78;0
56;82;0
56;82;0
56;82;0
56;82;0
56;82;0
56;82;0
56;82;0
56;82;0
56;82;0
56;82;0
56;82;0
56;82;0
56;82;0
56;82;0
56;82;0
56;82;0
56;82;0
56;82;0
62;78;0
62;78;0
62;78;0
62;78;0
62;78;0
62;78;0
62;78;0
62;78;0
62;78;0
62;78;0
62;78;0
62;78;0
62;78;0
62;78;0
62;78;0
62;78;0
62;78;0
62;78;0
56;82;0
56;82;0
56;82;0
56;82;0
56;82;0
56;82;0
56;82;0
56;82;0
56;82;0
56;82;0
56;82;0
56;82;0
56;82;0
56;82;0
56;82;0
56;82;0
62;78;0
62;78;0
62;78;0
62;78;0
62;78;0
62;78;0
62;78;0
62;78;0
62;78;0
62;78;0
62;78;0
62;78;0
56;82;0
56;82;0
56;82;0
56;82;0
56;82;0
56;82;0
56;82;0
56;82;0
56;82;0
56;82;0
56;82;0
56;82;0
56;82;0
56;82;0
56;82;0
56;82;0
56;82;0
56;82;0
56;82;0
56;82;0
56;82;0
56;82;0
56;82;0
56;82;0
62;78;0
62;78;0
68;84;0
68;84;0
58;81;0
58;81;0
58;81;0
58;81;0
58;81;0
58;81;0
58;81;0
58;81;0
58;81;0
58;81;0
58;81;0
58;81;0
58;81;0
58;81;0
58;81;0
58;81;0
58;81;0
58;81;0
58;81;0
58;81;0
58;81;0
58;81;0
58;81;0
58;81;0
58;81;0
58;81;0
58;81;0
58;81;0
58;81;0
58;81;0
58;81;0
58;81;0
66;80;0
66;80;0
66;80;0
66;80;0
58;81;0
58;81;0
58;81;0
58;81;0
58;81;0
58;81;0
58;81;0
58;81;0
58;81;0
58;81;0
58;81;0
58;81;0
58;81;0
58;81;0
58;81;0
58;81;0
58;81;0
58;81;0
58;81;0
58;81;0
58;81;0
58;81;0
58;81;0
58;81;0
58;81;0
58;81;0
58;81;0
58;81;0
58;81;0
58;81;0
58;81;0
58;81;0
58;81;0
58;81;0
68;85;0
68;85;0
58;81;0
58;81;0
58;81;0
58;81;0
58;81;0
58;81;0
58;81;0
58;81;0
58;81;0
58;81;0
58;81;0
58;81;0
58;81;0
58;81;0
58;81;0
58;81;0
58;81;0
58;81;0
58;81;0
58;81;0
58;81;0
58;81;0
58;81;0
58;81;0
58;81;0
58;81;0
58;81;0
58;81;0
58;81;0
58;81;0
58;81;0
58;81;0
68;85;0
68;85;0
62;78;0
62;78;0
62;78;0
62;78;0
62;78;0
62;78;0
62;78;0
62;78;0
62;78;0
62;78;0
62;78;0
62;78;0
62;78;0
62;78;0
62;78;0
62;78;0
62;78;0
62;78;0
62;78;0
62;78;0
62;78;0
62;78;0
62;78;0
62;78;0
62;78;0
62;78;0
62;78;0
62;78;0
62;78;0
62;78;0
62;78;0
62;78;0
62;78;0
62;78;0
62;78;0
62;78;0
62;78;0
62;78;0
62;78;0
62;78;0
62;78;0
62;78;0
62;78;0
62;78;0
62;78;0
62;78;0
62;78;0
62;78;0
62;78;0
62;78;0
62;78;0
62;78;0
62;78;0
62;78;0
62;78;0
62;78;0
62;78;0
62;78;0
62;78;0
62;78;0
62;78;0
62;78;0
62;78;0
62;78;0
62;78;0
62;78;0
62;78;0
62;78;0
62;78;0
62;78;0
62;78;0
62;78;0
62;78;0
62;78;0
62;78;0
62;78;0
62;78;0
62;78;0
62;78;0
62;78;0
62;78;0
62;78;0
62;78;0
62;78;0
62;78;0
62;78;0
62;78;0
62;78;0
62;78;0
62;78;0
62;78;0
62;78;0
62;78;0
62;78;0
62;78;0
62;78;0
62;78;0
62;78;0
62;78;0
62;78;0
62;78;0
62;78;0
62;78;0
62;78;0
62;78;0
68;85;0
68;85;0
58;81;0
58;81;0
58;81;0
58;81;0
58;81;0
58;81;0
58;81;0
58;81;0
58;81;0
58;81;0
58;81;0
58;81;0
58;81;0
58;81;0
58;81;0
58;81;0
58;81;0
58;81;0
58;81;0
58;81;0
58;81;0
58;81;0
58;81;0
58;81;0
58;81;0
58;81;0
58;81;0
58;81;0
58;81;0
58;81;0
64;76;0
64;76;0
64;76;0
64;76;0
64;76;0
64;76;0
58;81;0
58;81;0
58;81;0
58;81;0
58;81;0
58;81;0
58;81;0
58;81;0
58;81;0
58;81;0
58;81;0
58;81;0
58;81;0
58;81;0
58;81;0
58;81;0
58;81;0
58;81;0
58;81;0
58;81;0
58;81;0
58;81;0
58;81;0
58;81;0
58;81;0
58;81;0
58;81;0
58;81;0
58;81;0
58;81;0
58;81;0
58;81;0
68;85;0
68;85;0
58;81;0
58;81;0
58;81;0
58;81;0
58;81;0
58;81;0
58;81;0
58;81;0
58;81;0
58;81;0
58;81;0
58;81;0
58;81;0
58;81;0
58;81;0
58;81;0
58;81;0
58;81;0
58;81;0
58;81;0
58;81;0
58;81;0
58;81;0
58;81;0
58;81;0
58;81;0
58;81;0
58;81;0
58;81;0
58;81;0
64;76;0
64;76;0
64;76;0
64;76;0
64;76;0
64;76;0
58;81;0
58;81;0
58;81;0
58;81;0
58;81;0
58;81;0
58;81;0
58;81;0
58;81;0
58;81;0
58;81;0
58;81;0
58;81;0
58;81;0
58;81;0
58;81;0
58;81;0
58;81;0
58;81;0
58;81;0
58;81;0
58;81;0
58;81;0
58;81;0
58;81;0
58;81;0
58;81;0
58;81;0
58;81;0
58;81;0
64;76;0
64;76;0
64;76;0
64;76;0
64;76;0
64;76;0
58;81;0
58;81;0
58;81;0
58;81;0
58;81;0
58;81;0
58;81;0
58;81;0
58;81;0
58;81;0
58;81;0
58;81;0
58;81;0
58;81;0
58;81;0
58;81;0
58;81;0
58;81;0
58;81;0
58;81;0
58;81;0
58;81;0
58;81;0
58;81;0
58;81;0
58;81;0
58;81;0
58;81;0
64;82;0
64;82;0
64;82;0
64;82;0
64;82;0
64;82;0
58;81;0
58;81;0
58;81;0
58;81;0
58;81;0
58;81;0
58;81;0
58;81;0
58;81;0
58;81;0
58;81;0
58;81;0
58;81;0
58;81;0
58;81;0
58;81;0
58;81;0
58;81;0
58;81;0
58;81;0
58;81;0
58;81;0
58;81;0
58;81;0
58;81;0
58;81;0
58;81;0
58;81;0
58;81;0
58;81;0
64;82;0
64;82;0
64;82;0
64;82;0
64;82;0
64;82;0
64;82;0
64;82;0
58;81;0
58;81;0
58;81;0
58;81;0
58;81;0
58;81;0
58;81;0
58;81;0
58;81;0
58;81;0
58;81;0
58;81;0
58;81;0
58;81;0
58;81;0
58;81;0
58;81;0
58;81;0
58;81;0
58;81;0
58;81;0
58;81;0
58;81;0
58;81;0
58;81;0
58;81;0
58;81;0
58;81;0
64;82;0
64;82;0
64;82;0
64;82;0
58;81;0
58;81;0
58;81;0
58;81;0
58;81;0
58;81;0
58;81;0
58;81;0
58;81;0
58;81;0
58;81;0
58;81;0
58;81;0
58;81;0
58;81;0
58;81;0
58;81;0
58;81;0
58;81;0
58;81;0
58;81;0
58;81;0
58;81;0
58;81;0
58;81;0
58;81;0
58;81;0
58;81;0
58;81;0
58;81;0
58;81;0
58;81;0
64;82;0
64;82;0
64;82;0
64;82;0
64;82;0
64;82;0
64;82;0
64;82;0
58;81;0
58;81;0
58;81;0
58;81;0
58;81;0
58;81;0
58;81;0
58;81;0
58;81;0
58;81;0
58;81;0
58;81;0
58;81;0
58;81;0
58;81;0
58;81;0
58;81;0
58;81;0
58;81;0
58;81;0
58;81;0
58;81;0
58;81;0
58;81;0
58;81;0
58;81;0
64;82;0
64;82;0
64;82;0
64;82;0
64;82;0
64;82;0
64;82;0
64;82;0
58;81;0
58;81;0
58;81;0
58;81;0
58;81;0
58;81;0
58;81;0
58;81;0
58;81;0
58;81;0
58;81;0
58;81;0
58;81;0
58;81;0
58;81;0
58;81;0
58;81;0
58;81;0
58;81;0
58;81;0
58;81;0
58;81;0
58;81;0
58;81;0
58;81;0
58;81;0
58;81;0
58;81;0
64;82;0
64;82;0
64;82;0
64;82;0
64;82;0
64;82;0
64;82;0
64;82;0
64;82;0
64;82;0
64;82;0
64;82;0
64;82;0
64;82;0
64;82;0
64;82;0
58;81;0
58;81;0
58;81;0
58;81;0
58;81;0
58;81;0
58;81;0
58;81;0
58;81;0
58;81;0
58;81;0
58;81;0
58;81;0
58;81;0
58;81;0
58;81;0
58;81;0
58;81;0
58;81;0
58;81;0
64;82;0
64;82;0
64;82;0
64;82;0
64;82;0
64;82;0
58;81;0
58;81;0
58;81;0
58;81;0
58;81;0
58;81;0
58;81;0
58;81;0
58;81;0
58;81;0
58;81;0
58;81;0
58;81;0
58;81;0
58;81;0
58;81;0
58;81;0
58;81;0
58;81;0
58;81;0
58;81;0
58;81;0
58;81;0
58;81;0
58;81;0
58;81;0
58;81;0
58;81;0
64;82;0
64;82;0
64;82;0
64;82;0
64;82;0
64;82;0
58;81;0
58;81;0
58;81;0
58;81;0
58;81;0
58;81;0
58;81;0
58;81;0
58;81;0
58;81;0
58;81;0
58;81;0
58;81;0
58;81;0
58;81;0
58;81;0
58;81;0
58;81;0
58;81;0
58;81;0
58;81;0
58;81;0
58;81;0
58;81;0
58;81;0
58;81;0
58;81;0
58;81;0
58;81;0
58;81;0
64;82;0
64;82;0
64;82;0
64;82;0
64;82;0
64;82;0
58;81;0
58;81;0
58;81;0
58;81;0
58;81;0
58;81;0
58;81;0
58;81;0
58;81;0
58;81;0
58;81;0
58;81;0
58;81;0
58;81;0
58;81;0
58;81;0
58;81;0
58;81;0
58;81;0
58;81;0
58;81;0
58;81;0
58;81;0
58;81;0
58;81;0
58;81;0
58;81;0
58;81;0
58;81;0
58;81;0
64;82;0
64;82;0
64;82;0
64;82;0
64;82;0
64;82;0
64;82;0
64;82;0
58;81;0
58;81;0
58;81;0
58;81;0
58;81;0
58;81;0
58;81;0
58;81;0
58;81;0
58;81;0
58;81;0
58;81;0
58;81;0
58;81;0
58;81;0
58;81;0
58;81;0
58;81;0
58;81;0
58;81;0
58;81;0
58;81;0
58;81;0
58;81;0
58;81;0
58;81;0
58;81;0
58;81;0
64;82;0
64;82;0
64;82;0
64;82;0
64;82;0
64;82;0
58;86;0
58;86;0
58;86;0
58;86;0
58;86;0
58;86;0
58;86;0
58;86;0
58;86;0
58;86;0
58;86;0
58;86;0
58;86;0
58;86;0
58;86;0
58;86;0
58;86;0
58;86;0
58;86;0
58;86;0
58;86;0
58;86;0
58;86;0
58;86;0
58;86;0
58;86;0
58;86;0
58;86;0
64;82;0
64;82;0
64;82;0
64;82;0
64;82;0
64;82;0
64;82;0
64;82;0
58;81;0
58;81;0
58;81;0
58;81;0
58;81;0
58;81;0
58;81;0
58;81;0
58;81;0
58;81;0
58;81;0
58;81;0
58;81;0
58;81;0
58;81;0
58;81;0
58;81;0
58;81;0
58;81;0
58;81;0
58;81;0
58;81;0
58;81;0
58;81;0
58;81;0
58;81;0
58;81;0
58;81;0
68;84;0
68;84;0
68;84;0
68;84;0
58;81;0
58;81;0
58;81;0
58;81;0
58;81;0
58;81;0
58;81;0
58;81;0
58;81;0
58;81;0
58;81;0
58;81;0
58;81;0
58;81;0
58;81;0
58;81;0
58;81;0
58;81;0
58;81;0
58;81;0
58;81;0
58;81;0
58;81;0
58;81;0
58;81;0
58;81;0
58;81;0
58;81;0
58;81;0
58;81;0
64;82;0
64;82;0
64;82;0
64;82;0
64;82;0
64;82;0
58;81;0
58;81;0
58;81;0
58;81;0
58;81;0
58;81;0
58;81;0
58;81;0
58;81;0
58;81;0
58;81;0
58;81;0
58;81;0
58;81;0
58;81;0
58;81;0
58;81;0
58;81;0
58;81;0
58;81;0
58;81;0
58;81;0
58;81;0
58;81;0
58;81;0
58;81;0
58;81;0
58;81;0
58;81;0
58;81;0
64;82;0
64;82;0
64;82;0
64;82;0
64;82;0
64;82;0
64;82;0
64;82;0
58;81;0
58;81;0
58;81;0
58;81;0
58;81;0
58;81;0
58;81;0
58;81;0
58;81;0
58;81;0
58;81;0
58;81;0
58;81;0
58;81;0
58;81;0
58;81;0
58;81;0
58;81;0
58;81;0
58;81;0
58;81;0
58;81;0
58;81;0
58;81;0
58;81;0
58;81;0
64;82;0
64;82;0
64;82;0
64;82;0
64;82;0
64;82;0
58;81;0
58;81;0
58;81;0
58;81;0
58;81;0
58;81;0
58;81;0
58;81;0
58;81;0
58;81;0
58;81;0
58;81;0
58;81;0
58;81;0
58;81;0
58;81;0
58;81;0
58;81;0
58;81;0
58;81;0
58;81;0
58;81;0
58;81;0
58;81;0
58;81;0
58;81;0
58;81;0
58;81;0
58;81;0
58;81;0
64;82;0
64;82;0
64;82;0
64;82;0
64;82;0
64;82;0
64;82;0
64;82;0
58;81;0
58;81;0
58;81;0
58;81;0
58;81;0
58;81;0
58;81;0
58;81;0
58;81;0
58;81;0
58;81;0
58;81;0
58;81;0
58;81;0
58;81;0
58;81;0
58;81;0
58;81;0
58;81;0
58;81;0
58;81;0
58;81;0
58;81;0
58;81;0
58;81;0
58;81;0
58;81;0
58;81;0
64;82;0
64;82;0
64;82;0
64;82;0
64;82;0
64;82;0
58;86;0
58;86;0
58;86;0
58;86;0
58;86;0
58;86;0
58;86;0
58;86;0
58;86;0
58;86;0
58;86;0
58;86;0
58;86;0
58;86;0
58;86;0
58;86;0
58;86;0
58;86;0
58;86;0
58;86;0
58;86;0
58;86;0
58;86;0
58;86;0
58;86;0
58;86;0
58;86;0
58;86;0
66;86;0
66;86;0
66;86;0
66;86;0
66;86;0
66;86;0
58;81;0
58;81;0
58;81;0
58;81;0
58;81;0
58;81;0
58;81;0
58;81;0
58;81;0
58;81;0
58;81;0
58;81;0
58;81;0
58;81;0
58;81;0
58;81;0
58;81;0
58;81;0
58;81;0
58;81;0
58;81;0
58;81;0
58;81;0
58;81;0
58;81;0
58;81;0
58;81;0
58;81;0
64;82;0
64;82;0
64;82;0
64;82;0
64;82;0
64;82;0
64;82;0
64;82;0
64;82;0
64;82;0
64;82;0
64;82;0
58;81;0
58;81;0
58;81;0
58;81;0
58;81;0
58;81;0
58;81;0
58;81;0
58;81;0
58;81;0
58;81;0
58;81;0
58;81;0
58;81;0
58;81;0
58;81;0
58;81;0
58;81;0
58;81;0
58;81;0
58;81;0
58;81;0
58;81;0
58;81;0
64;82;0
64;82;0
64;82;0
64;82;0
64;82;0
64;82;0
64;82;0
64;82;0
64;82;0
64;82;0
58;81;0
58;81;0
58;81;0
58;81;0
58;81;0
58;81;0
58;81;0
58;81;0
58;81;0
58;81;0
58;81;0
58;81;0
58;81;0
58;81;0
58;81;0
58;81;0
58;81;0
58;81;0
58;81;0
58;81;0
58;81;0
58;81;0
58;81;0
58;81;0
58;81;0
58;81;0
64;82;0
64;82;0
64;82;0
64;82;0
58;81;0
58;81;0
58;81;0
58;81;0
58;81;0
58;81;0
58;81;0
58;81;0
58;81;0
58;81;0
58;81;0
58;81;0
58;81;0
58;81;0
58;81;0
58;81;0
58;81;0
58;81;0
58;81;0
58;81;0
58;81;0
58;81;0
58;81;0
58;81;0
58;81;0
58;81;0
58;81;0
58;81;0
58;81;0
58;81;0
64;82;0
64;82;0
64;82;0
64;82;0
64;82;0
64;82;0
64;82;0
64;82;0
58;80;0
58;80;0
58;80;0
58;80;0
58;80;0
58;80;0
58;80;0
58;80;0
58;80;0
58;80;0
58;80;0
58;80;0
58;80;0
58;80;0
58;80;0
58;80;0
58;80;0
58;80;0
58;80;0
58;80;0
58;80;0
58;80;0
58;80;0
58;80;0
58;80;0
58;80;0
58;80;0
58;80;0
64;82;0
64;82;0
64;82;0
64;82;0
64;82;0
64;82;0
58;80;0
58;80;0
58;80;0
58;80;0
58;80;0
58;80;0
58;80;0
58;80;0
58;80;0
58;80;0
58;80;0
58;80;0
58;80;0
58;80;0
58;80;0
58;80;0
58;80;0
58;80;0
58;80;0
58;80;0
58;80;0
58;80;0
58;80;0
58;80;0
58;80;0
58;80;0
58;80;0
58;80;0
64;82;0
64;82;0
64;82;0
64;82;0
64;82;0
64;82;0
58;80;0
58;80;0
58;80;0
58;80;0
58;80;0
58;80;0
58;80;0
58;80;0
58;80;0
58;80;0
58;80;0
58;80;0
58;80;0
58;80;0
58;80;0
58;80;0
58;80;0
58;80;0
58;80;0
58;80;0
58;80;0
58;80;0
58;80;0
58;80;0
58;80;0
58;80;0
58;80;0
58;80;0
58;80;0
58;80;0
64;82;0
64;82;0
64;82;0
64;82;0
64;82;0
64;82;0
64;82;0
64;82;0
58;81;0
58;81;0
58;81;0
58;81;0
58;81;0
58;81;0
58;81;0
58;81;0
58;81;0
58;81;0
58;81;0
58;81;0
58;81;0
58;81;0
58;81;0
58;81;0
58;81;0
58;81;0
58;81;0
58;81;0
58;81;0
58;81;0
58;81;0
58;81;0
58;81;0
58;81;0
58;81;0
58;81;0
64;76;0
64;76;0
64;76;0
64;76;0
64;76;0
64;76;0
58;80;0
58;80;0
58;80;0
58;80;0
58;80;0
58;80;0
58;80;0
58;80;0
58;80;0
58;80;0
58;80;0
58;80;0
58;80;0
58;80;0
58;80;0
58;80;0
58;80;0
58;80;0
58;80;0
58;80;0
58;80;0
58;80;0
58;80;0
58;80;0
58;80;0
58;80;0
58;80;0
58;80;0
58;80;0
58;80;0
64;76;0
64;76;0
64;76;0
64;76;0
58;80;0
58;80;0
58;80;0
58;80;0
58;80;0
58;80;0
58;80;0
58;80;0
58;80;0
58;80;0
58;80;0
58;80;0
58;80;0
58;80;0
58;80;0
58;80;0
58;80;0
58;80;0
58;80;0
58;80;0
58;80;0
58;80;0
58;80;0
58;80;0
58;80;0
58;80;0
58;80;0
58;80;0
58;80;0
58;80;0
64;76;0
64;76;0
64;76;0
64;76;0
64;76;0
64;76;0
58;80;0
58;80;0
58;80;0
58;80;0
58;80;0
58;80;0
58;80;0
58;80;0
58;80;0
58;80;0
58;80;0
58;80;0
58;80;0
58;80;0
58;80;0
58;80;0
58;80;0
58;80;0
58;80;0
58;80;0
58;80;0
58;80;0
58;80;0
58;80;0
58;80;0
58;80;0
58;80;0
58;80;0
58;80;0
58;80;0
64;76;0
64;76;0
64;76;0
64;76;0
64;76;0
64;76;0
58;80;0
58;80;0
58;80;0
58;80;0
58;80;0
58;80;0
58;80;0
58;80;0
58;80;0
58;80;0
58;80;0
58;80;0
58;80;0
58;80;0
58;80;0
58;80;0
58;80;0
58;80;0
58;80;0
58;80;0
58;80;0
58;80;0
58;80;0
58;80;0
58;80;0
58;80;0
58;80;0
58;80;0
64;76;0
64;76;0
64;76;0
64;76;0
64;76;0
64;76;0
64;76;0
64;76;0
58;80;0
58;80;0
58;80;0
58;80;0
58;80;0
58;80;0
58;80;0
58;80;0
58;80;0
58;80;0
58;80;0
58;80;0
58;80;0
58;80;0
58;80;0
58;80;0
58;80;0
58;80;0
58;80;0
58;80;0
58;80;0
58;80;0
58;80;0
58;80;0
58;80;0
58;80;0
58;80;0
58;80;0
58;80;0
58;80;0
68;84;0
68;84;0
58;80;0
58;80;0
58;80;0
58;80;0
58;80;0
58;80;0
58;80;0
58;80;0
58;80;0
58;80;0
58;80;0
58;80;0
58;80;0
58;80;0
58;80;0
58;80;0
58;80;0
58;80;0
58;80;0
58;80;0
58;80;0
58;80;0
58;80;0
58;80;0
58;80;0
58;80;0
58;80;0
58;80;0
58;80;0
58;80;0
58;80;0
58;80;0
66;85;0
66;85;0
66;85;0
66;85;0
58;85;0
58;85;0
58;85;0
58;85;0
58;85;0
58;85;0
58;85;0
58;85;0
58;85;0
58;85;0
58;85;0
58;85;0
58;85;0
58;85;0
58;85;0
58;85;0
58;85;0
58;85;0
58;85;0
58;85;0
58;85;0
58;85;0
58;85;0
58;85;0
58;85;0
58;85;0
58;85;0
58;85;0
58;85;0
58;85;0
64;81;0
64;81;0
64;81;0
64;81;0
64;81;0
64;81;0
58;80;0
58;80;0
58;80;0
58;80;0
58;80;0
58;80;0
58;80;0
58;80;0
58;80;0
58;80;0
58;80;0
58;80;0
58;80;0
58;80;0
58;80;0
58;80;0
58;80;0
58;80;0
58;80;0
58;80;0
58;80;0
58;80;0
58;80;0
58;80;0
58;80;0
58;80;0
58;80;0
58;80;0
58;80;0
58;80;0
58;80;0
58;80;0
66;80;0
66;80;0
66;80;0
66;80;0
58;80;0
58;80;0
58;80;0
58;80;0
58;80;0
58;80;0
58;80;0
58;80;0
58;80;0
58;80;0
58;80;0
58;80;0
58;80;0
58;80;0
58;80;0
58;80;0
58;80;0
58;80;0
58;80;0
58;80;0
58;80;0
58;80;0
58;80;0
58;80;0
58;80;0
58;80;0
58;80;0
58;80;0
58;80;0
58;80;0
64;81;0
64;81;0
64;81;0
64;81;0
64;81;0
64;81;0
58;80;0
58;80;0
58;80;0
58;80;0
58;80;0
58;80;0
58;80;0
58;80;0
58;80;0
58;80;0
58;80;0
58;80;0
58;80;0
58;80;0
58;80;0
58;80;0
58;80;0
58;80;0
58;80;0
58;80;0
58;80;0
58;80;0
58;80;0
58;80;0
58;80;0
58;80;0
58;80;0
58;80;0
64;81;0
64;81;0
64;81;0
64;81;0
64;81;0
64;81;0
58;80;0
58;80;0
58;80;0
58;80;0
58;80;0
58;80;0
58;80;0
58;80;0
58;80;0
58;80;0
58;80;0
58;80;0
58;80;0
58;80;0
58;80;0
58;80;0
58;80;0
58;80;0
58;80;0
58;80;0
58;80;0
58;80;0
58;80;0
58;80;0
58;80;0
58;80;0
58;80;0
58;80;0
58;80;0
58;80;0
64;81;0
64;81;0
64;81;0
64;81;0
64;81;0
64;81;0
58;80;0
58;80;0
58;80;0
58;80;0
58;80;0
58;80;0
58;80;0
58;80;0
58;80;0
58;80;0
58;80;0
58;80;0
58;80;0
58;80;0
58;80;0
58;80;0
58;80;0
58;80;0
58;80;0
58;80;0
58;80;0
58;80;0
58;80;0
58;80;0
58;80;0
58;80;0
58;80;0
58;80;0
58;80;0
58;80;0
64;81;0
64;81;0
64;81;0
64;81;0
58;80;0
58;80;0
58;80;0
58;80;0
58;80;0
58;80;0
58;80;0
58;80;0
58;80;0
58;80;0
58;80;0
58;80;0
58;80;0
58;80;0
58;80;0
58;80;0
58;80;0
58;80;0
58;80;0
58;80;0
58;80;0
58;80;0
58;80;0
58;80;0
58;80;0
58;80;0
58;80;0
58;80;0
58;80;0
58;80;0
58;80;0
58;80;0
64;81;0
64;81;0
64;81;0
64;81;0
58;80;0
58;80;0
58;80;0
58;80;0
58;80;0
58;80;0
58;80;0
58;80;0
58;80;0
58;80;0
58;80;0
58;80;0
58;80;0
58;80;0
58;80;0
58;80;0
58;80;0
58;80;0
58;80;0
58;80;0
58;80;0
58;80;0
58;80;0
58;80;0
58;80;0
58;80;0
58;80;0
58;80;0
58;80;0
58;80;0
64;81;0
64;81;0
64;81;0
64;81;0
58;80;0
58;80;0
58;80;0
58;80;0
58;80;0
58;80;0
58;80;0
58;80;0
58;80;0
58;80;0
58;80;0
58;80;0
58;80;0
58;80;0
58;80;0
58;80;0
58;80;0
58;80;0
58;80;0
58;80;0
58;80;0
58;80;0
58;80;0
58;80;0
58;80;0
58;80;0
58;80;0
58;80;0
58;80;0
58;80;0
58;80;0
58;80;0
64;81;0
64;81;0
64;81;0
64;81;0
64;81;0
58;80;0
58;80;0
58;80;0
58;80;0
58;80;0
58;80;0
58;80;0
58;80;0
58;80;0
58;80;0
58;80;0
58;80;0
58;80;0
58;80;0
58;80;0
58;80;0
58;80;0
58;80;0
58;80;0
58;80;0
58;80;0
58;80;0
58;80;0
58;80;0
58;80;0
58;80;0
58;80;0
58;80;0
58;80;0
58;80;0
64;76;0
64;76;0
64;76;0
64;76;0
58;80;0
58;80;0
58;80;0
58;80;0
58;80;0
58;80;0
58;80;0
58;80;0
58;80;0
58;80;0
58;80;0
58;80;0
58;80;0
58;80;0
58;80;0
58;80;0
58;80;0
58;80;0
58;80;0
58;80;0
58;80;0
58;80;0
58;80;0
58;80;0
58;80;0
58;80;0
58;80;0
58;80;0
58;80;0
58;80;0
58;80;0
58;80;0
58;80;0
58;80;0
68;84;0
68;84;0
58;80;0
58;80;0
58;80;0
58;80;0
58;80;0
58;80;0
58;80;0
58;80;0
58;80;0
58;80;0
58;80;0
58;80;0
58;80;0
58;80;0
58;80;0
58;80;0
58;80;0
58;80;0
58;80;0
58;80;0
58;80;0
58;80;0
58;80;0
58;80;0
58;80;0
58;80;0
58;80;0
58;80;0
58;80;0
58;80;0
58;80;0
58;80;0
64;81;0
64;81;0
64;81;0
64;81;0
58;80;0
58;80;0
58;80;0
58;80;0
58;80;0
58;80;0
58;80;0
58;80;0
58;80;0
58;80;0
58;80;0
58;80;0
58;80;0
58;80;0
58;80;0
58;80;0
58;80;0
58;80;0
58;80;0
58;80;0
58;80;0
58;80;0
58;80;0
58;80;0
58;80;0
58;80;0
58;80;0
58;80;0
58;80;0
58;80;0
58;80;0
58;80;0
58;80;0
58;80;0
64;81;0
64;81;0
58;80;0
58;80;0
58;80;0
58;80;0
58;80;0
58;80;0
58;80;0
58;80;0
58;80;0
58;80;0
58;80;0
58;80;0
58;80;0
58;80;0
58;80;0
58;80;0
58;80;0
58;80;0
58;80;0
58;80;0
58;80;0
58;80;0
58;80;0
58;80;0
58;80;0
58;80;0
58;80;0
58;80;0
58;80;0
58;80;0
66;85;0
66;85;0
66;85;0
66;85;0
58;80;0
58;80;0
58;80;0
58;80;0
58;80;0
58;80;0
58;80;0
58;80;0
58;80;0
58;80;0
58;80;0
58;80;0
58;80;0
58;80;0
58;80;0
58;80;0
58;80;0
58;80;0
58;80;0
58;80;0
58;80;0
58;80;0
58;80;0
58;80;0
58;80;0
58;80;0
58;80;0
58;80;0
58;80;0
58;80;0
64;75;0
64;75;0
64;75;0
64;75;0
58;80;0
58;80;0
58;80;0
58;80;0
58;80;0
58;80;0
58;80;0
58;80;0
58;80;0
58;80;0
58;80;0
58;80;0
58;80;0
58;80;0
58;80;0
58;80;0
58;80;0
58;80;0
58;80;0
58;80;0
58;80;0
58;80;0
58;80;0
58;80;0
58;80;0
58;80;0
58;80;0
58;80;0
58;80;0
58;80;0
58;80;0
58;80;0
58;80;0
58;80;0
66;80;0
66;80;0
58;80;0
58;80;0
58;80;0
58;80;0
58;80;0
58;80;0
58;80;0
58;80;0
58;80;0
58;80;0
58;80;0
58;80;0
58;80;0
58;80;0
58;80;0
58;80;0
58;80;0
58;80;0
58;80;0
58;80;0
58;80;0
58;80;0
58;80;0
58;80;0
58;80;0
58;80;0
58;80;0
58;80;0
58;80;0
58;80;0
58;80;0
58;80;0
64;81;0
64;81;0
64;81;0
64;81;0
58;80;0
58;80;0
58;80;0
58;80;0
58;80;0
58;80;0
58;80;0
58;80;0
58;80;0
58;80;0
58;80;0
58;80;0
58;80;0
58;80;0
58;80;0
58;80;0
58;80;0
58;80;0
58;80;0
58;80;0
58;80;0
58;80;0
58;80;0
58;80;0
58;80;0
58;80;0
58;80;0
58;80;0
58;80;0
58;80;0
58;80;0
58;80;0
66;80;0
66;80;0
66;80;0
66;80;0
58;80;0
58;80;0
58;80;0
58;80;0
58;80;0
58;80;0
58;80;0
58;80;0
58;80;0
58;80;0
58;80;0
58;80;0
58;80;0
58;80;0
58;80;0
58;80;0
58;80;0
58;80;0
58;80;0
58;80;0
58;80;0
58;80;0
58;80;0
58;80;0
58;80;0
58;80;0
58;80;0
58;80;0
58;80;0
58;80;0
64;81;0
64;81;0
64;81;0
64;81;0
58;80;0
58;80;0
58;80;0
58;80;0
58;80;0
58;80;0
58;80;0
58;80;0
58;80;0
58;80;0
58;80;0
58;80;0
58;80;0
58;80;0
58;80;0
58;80;0
58;80;0
58;80;0
58;80;0
58;80;0
58;80;0
58;80;0
58;80;0
58;80;0
58;80;0
58;80;0
58;80;0
58;80;0
58;80;0
58;80;0
66;80;0
66;80;0
66;80;0
66;80;0
66;80;0
66;80;0
66;80;0
66;80;0
66;80;0
66;80;0
58;80;0
58;80;0
58;80;0
58;80;0
58;80;0
58;80;0
58;80;0
58;80;0
58;80;0
58;80;0
58;80;0
58;80;0
58;80;0
58;80;0
58;80;0
58;80;0
58;80;0
58;80;0
58;80;0
58;80;0
58;80;0
58;80;0
58;80;0
58;80;0
58;80;0
58;80;0
58;80;0
58;80;0
58;80;0
58;80;0
18;26;0
18;26;0
4;13;0
4;13;0
22;22;0
22;22;0
22;22;0
22;22;0
22;22;0
22;22;0
22;22;0
22;22;0
22;22;0
22;22;0
22;22;0
22;22;0
22;22;0
22;22;0
22;22;0
22;22;0
22;22;0
22;22;0
22;22;0
22;22;0
22;22;0
22;22;0
22;22;0
22;22;0
22;22;0
22;22;0
22;22;0
22;22;0
22;22;0
22;22;0
22;22;0
22;22;0
22;22;0
22;22;0
22;22;0
22;22;0
22;22;0
22;22;0
22;22;0
22;22;0
22;22;0
22;22;0
22;22;0
22;22;0
22;22;0
22;22;0
22;22;0
22;22;0
16;27;0
16;27;0
16;27;0
16;27;0
32;38;0
32;38;0
32;38;0
32;38;0
32;38;0
32;38;0
14;11;0
14;11;0
14;11;0
14;11;0
14;11;0
14;11;0
14;11;0
14;11;0
14;11;0
14;11;0
14;11;0
14;11;0
14;11;0
14;11;0
14;11;0
14;11;0
14;11;0
14;11;0
14;11;0
14;11;0
14;11;0
14;11;0
14;11;0
14;11;0
14;11;0
14;11;0
14;11;0
14;11;0
14;11;0
14;11;0
14;11;0
14;11;0
36;40;0
36;40;0
66;74;0
66;74;0
50;58;0
50;58;0
14;28;0
14;28;0
14;28;0
14;28;0
14;28;0
14;28;0
24;38;0
24;38;0
38;56;0
38;56;0
46;56;0
46;56;0
46;56;0
46;56;0
46;56;0
46;56;0
46;56;0
46;56;0
46;56;0
46;56;0
46;56;0
46;56;0
46;56;0
46;56;0
46;56;0
46;56;0
46;56;0
46;56;0
46;56;0
46;56;0
46;56;0
46;56;0
52;68;0
52;68;0
52;68;0
52;68;0
52;68;0
52;68;0
52;68;0
52;68;0
52;68;0
52;68;0
58;75;0
58;75;0
58;75;0
58;75;0
58;75;0
58;75;0
58;75;0
58;75;0
58;75;0
58;75;0
52;62;0
52;62;0
52;62;0
52;62;0
40;54;0
40;54;0
48;65;0
48;65;0
42;59;0
42;59;0
42;59;0
42;59;0
52;56;0
52;56;0
42;59;0
42;59;0
42;59;0
42;59;0
42;59;0
42;59;0
42;59;0
42;59;0
48;65;0
48;65;0
48;65;0
48;65;0
48;65;0
48;65;0
48;65;0
48;65;0
48;65;0
48;65;0
54;78;0
54;78;0
54;78;0
54;78;0
54;78;0
54;78;0
54;78;0
54;78;0
54;78;0
54;78;0
54;78;0
54;78;0
54;78;0
54;78;0
54;78;0
54;78;0
46;67;0
46;67;0
46;67;0
46;67;0
46;67;0
46;67;0
52;68;0
52;68;0
52;68;0
52;68;0
52;68;0
52;68;0
52;68;0
52;68;0
52;68;0
52;68;0
58;80;0
58;80;0
58;80;0
58;80;0
58;80;0
58;80;0
58;80;0
58;80;0
52;62;0
52;62;0
52;62;0
52;62;0
46;67;0
46;67;0
46;67;0
46;67;0
46;67;0
46;67;0
46;67;0
46;67;0
52;74;0
52;74;0
52;74;0
52;74;0
52;74;0
52;74;0
52;74;0
52;74;0
52;74;0
52;74;0
52;74;0
52;74;0
58;75;0
58;75;0
58;75;0
58;75;0
58;75;0
58;75;0
58;75;0
58;75;0
58;75;0
58;75;0
58;75;0
58;75;0
58;75;0
58;75;0
58;75;0
58;75;0
58;75;0
58;75;0
58;75;0
58;75;0
58;75;0
58;75;0
58;75;0
58;75;0
58;75;0
58;75;0
58;75;0
58;75;0
58;75;0
58;75;0
58;75;0
58;75;0
58;75;0
58;75;0
58;75;0
58;75;0
58;75;0
58;75;0
58;75;0
58;75;0
58;75;0
58;75;0
58;75;0
58;75;0
58;75;0
58;75;0
58;75;0
58;75;0
58;75;0
58;75;0
58;75;0
58;75;0
58;75;0
58;75;0
58;75;0
58;75;0
58;75;0
58;75;0
58;75;0
58;75;0
58;75;0
58;75;0
58;75;0
58;75;0
58;75;0
58;75;0
58;75;0
58;75;0
58;75;0
58;75;0
58;75;0
58;75;0
58;75;0
58;75;0
58;75;0
58;75;0
58;75;0
58;75;0
58;75;0
58;75;0
58;75;0
58;75;0
66;80;0
66;80;0
58;75;0
58;75;0
58;75;0
58;75;0
58;75;0
58;75;0
58;75;0
58;75;0
58;75;0
58;75;0
58;75;0
58;75;0
58;75;0
58;75;0
58;75;0
58;75;0
58;75;0
58;75;0
58;75;0
58;75;0
58;75;0
58;75;0
58;75;0
58;75;0
58;75;0
58;75;0
58;75;0
58;75;0
58;75;0
58;75;0
58;75;0
58;75;0
66;80;0
66;80;0
66;80;0
66;80;0
58;75;0
58;75;0
58;75;0
58;75;0
58;75;0
58;75;0
58;75;0
58;75;0
58;75;0
58;75;0
58;75;0
58;75;0
58;75;0
58;75;0
58;75;0
58;75;0
58;75;0
58;75;0
58;75;0
58;75;0
58;75;0
58;75;0
58;75;0
58;75;0
58;75;0
58;75;0
58;75;0
58;75;0
58;75;0
58;75;0
58;75;0
58;75;0
64;76;0
64;76;0
58;75;0
58;75;0
58;75;0
58;75;0
58;75;0
58;75;0
58;75;0
58;75;0
58;75;0
58;75;0
58;75;0
58;75;0
58;75;0
58;75;0
58;75;0
58;75;0
58;75;0
58;75;0
58;75;0
58;75;0
58;75;0
58;75;0
58;75;0
58;75;0
58;75;0
58;75;0
58;75;0
58;75;0
58;75;0
58;75;0
58;75;0
58;75;0
58;75;0
58;75;0
58;75;0
58;75;0
58;75;0
58;75;0
58;75;0
58;75;0
58;75;0
58;75;0
58;75;0
58;75;0
58;75;0
58;75;0
58;75;0
58;75;0
58;75;0
58;75;0
58;75;0
58;75;0
58;75;0
58;75;0
58;75;0
58;75;0
58;75;0
58;75;0
58;75;0
58;75;0
58;75;0
58;75;0
58;75;0
58;75;0
58;75;0
58;75;0
58;75;0
58;75;0
64;82;0
64;82;0
58;75;0
58;75;0
58;75;0
58;75;0
58;75;0
58;75;0
58;75;0
58;75;0
58;75;0
58;75;0
58;75;0
58;75;0
58;75;0
58;75;0
58;75;0
58;75;0
58;75;0
58;75;0
58;75;0
58;75;0
58;75;0
58;75;0
58;75;0
58;75;0
58;75;0
58;75;0
58;75;0
58;75;0
58;75;0
58;75;0
50;69;0
50;69;0
50;69;0
50;69;0
50;69;0
50;69;0
50;69;0
50;69;0
50;69;0
50;69;0
50;69;0
50;69;0
50;69;0
50;69;0
50;69;0
50;69;0
50;69;0
50;69;0
58;75;0
58;75;0
50;69;0
50;69;0
50;69;0
50;69;0
50;69;0
50;69;0
50;69;0
50;69;0
50;69;0
50;69;0
50;69;0
50;69;0
50;69;0
50;69;0
50;69;0
50;69;0
50;69;0
50;69;0
50;69;0
50;69;0
50;69;0
50;69;0
50;69;0
50;69;0
50;69;0
50;69;0
50;69;0
50;69;0
60;67;0
60;67;0
60;67;0
60;67;0
60;67;0
60;67;0
60;67;0
60;67;0
60;67;0
60;67;0
60;67;0
60;67;0
60;67;0
60;67;0
60;67;0
60;67;0
60;67;0
60;67;0
60;67;0
60;67;0
60;67;0
60;67;0
60;67;0
60;67;0
60;67;0
60;67;0
60;67;0
60;67;0
60;67;0
60;67;0
60;67;0
60;67;0
60;67;0
60;67;0
60;67;0
60;67;0
60;67;0
60;67;0
18;26;0
18;26;0
18;26;0
18;26;0
18;26;0
18;26;0
18;26;0
18;26;0
18;26;0
18;26;0
18;26;0
18;26;0
18;26;0
18;26;0
18;26;0
18;26;0
18;26;0
18;26;0
18;26;0
18;26;0
18;26;0
18;26;0
18;26;0
18;26;0
18;26;0
18;26;0
18;26;0
18;26;0
18;26;0
18;26;0
18;26;0
18;26;0
18;26;0
18;26;0
18;26;0
18;26;0
18;26;0
18;26;0
18;26;0
18;26;0
18;26;0
18;26;0
18;26;0
18;26;0
18;26;0
18;26;0
18;26;0
18;26;0
18;26;0
18;26;0
18;26;0
18;26;0
18;26;0
18;26;0
36;46;0
36;46;0
36;46;0
36;46;0
36;46;0
36;46;0
26;47;0
26;47;0
14;11;0
14;11;0
14;11;0
14;11;0
14;11;0
14;11;0
14;11;0
14;11;0
14;11;0
14;11;0
14;11;0
14;11;0
14;11;0
14;11;0
14;11;0
14;11;0
14;11;0
14;11;0
14;11;0
14;11;0
14;11;0
14;11;0
14;11;0
14;11;0
14;11;0
14;11;0
14;11;0
14;11;0
14;11;0
14;11;0
32;38;0
32;38;0
52;56;0
52;56;0
42;53;0
42;53;0
48;54;0
48;54;0
14;11;0
14;11;0
14;11;0
14;11;0
24;27;0
24;27;0
24;27;0
24;27;0
38;56;0
38;56;0
44;57;0
44;57;0
44;57;0
44;57;0
44;57;0
44;57;0
44;57;0
44;57;0
44;57;0
44;57;0
44;57;0
44;57;0
44;57;0
44;57;0
44;57;0
44;57;0
44;57;0
44;57;0
44;57;0
44;57;0
44;57;0
44;57;0
50;70;0
50;70;0
50;70;0
50;70;0
50;70;0
50;70;0
50;70;0
50;70;0
56;76;0
56;76;0
48;71;0
48;71;0
48;71;0
48;71;0
54;78;0
54;78;0
48;60;0
48;60;0
48;60;0
48;60;0
48;60;0
48;60;0
48;60;0
48;60;0
42;69;0
42;69;0
42;69;0
42;69;0
42;69;0
42;69;0
42;69;0
42;69;0
50;58;0
50;58;0
40;60;0
40;60;0
40;60;0
40;60;0
40;60;0
40;60;0
46;67;0
46;67;0
46;67;0
46;67;0
46;67;0
46;67;0
46;67;0
46;67;0
54;72;0
54;72;0
54;72;0
54;72;0
54;72;0
54;72;0
54;72;0
54;72;0
54;72;0
54;72;0
54;72;0
54;72;0
54;72;0
54;72;0
48;65;0
48;65;0
48;65;0
48;65;0
48;65;0
48;65;0
48;65;0
48;65;0
48;65;0
48;65;0
16;52;0
16;52;0
16;52;0
16;52;0
16;52;0
16;52;0
22;54;0
22;54;0
22;54;0
22;54;0
22;54;0
22;54;0
22;54;0
22;54;0
22;54;0
22;54;0
22;54;0
22;54;0
12;43;0
12;43;0
12;43;0
12;43;0
12;43;0
12;43;0
12;43;0
12;43;0
12;43;0
12;43;0
18;51;0
18;51;0
18;51;0
18;51;0
18;51;0
18;51;0
18;51;0
18;51;0
18;51;0
18;51;0
18;51;0
18;51;0
18;51;0
18;51;0
18;51;0
18;51;0
18;51;0
18;51;0
18;51;0
18;51;0
18;51;0
18;51;0
18;51;0
18;51;0
30;55;0
30;55;0
30;55;0
30;55;0
30;55;0
30;55;0
30;55;0
30;55;0
30;55;0
30;55;0
30;55;0
30;55;0
22;54;0
22;54;0
22;54;0
22;54;0
22;54;0
22;54;0
22;54;0
22;54;0
22;54;0
22;54;0
22;54;0
22;54;0
22;54;0
22;54;0
22;54;0
22;54;0
22;54;0
22;54;0
22;54;0
22;54;0
28;61;0
28;61;0
28;61;0
28;61;0
20;55;0
20;55;0
20;55;0
20;55;0
20;55;0
20;55;0
20;55;0
20;55;0
20;55;0
20;55;0
20;55;0
20;55;0
20;55;0
20;55;0
20;55;0
20;55;0
20;55;0
20;55;0
20;55;0
20;55;0
20;55;0
20;55;0
20;55;0
20;55;0
20;55;0
20;55;0
20;55;0
20;55;0
20;55;0
20;55;0
26;57;0
26;57;0
26;57;0
26;57;0
26;57;0
26;57;0
20;55;0
20;55;0
20;55;0
20;55;0
20;55;0
20;55;0
20;55;0
20;55;0
20;55;0
20;55;0
20;55;0
20;55;0
20;55;0
20;55;0
20;55;0
20;55;0
20;55;0
20;55;0
20;55;0
20;55;0
20;55;0
20;55;0
20;55;0
20;55;0
20;55;0
20;55;0
20;55;0
20;55;0
20;55;0
20;55;0
26;57;0
26;57;0
26;57;0
26;57;0
26;57;0
26;57;0
26;57;0
26;57;0
26;57;0
26;57;0
26;57;0
26;57;0
26;57;0
26;57;0
26;57;0
26;57;0
26;57;0
26;57;0
26;57;0
26;57;0
26;57;0
26;57;0
26;57;0
26;57;0
26;57;0
26;57;0
26;57;0
26;57;0
26;57;0
26;57;0
26;57;0
26;57;0
26;57;0
26;57;0
26;57;0
26;57;0
26;57;0
26;57;0
26;57;0
26;57;0
26;57;0
26;57;0
26;57;0
26;57;0
26;57;0
26;57;0
26;57;0
26;57;0
20;55;0
20;55;0
20;55;0
20;55;0
20;55;0
20;55;0
20;55;0
20;55;0
20;55;0
20;55;0
20;55;0
20;55;0
20;55;0
20;55;0
20;55;0
20;55;0
20;55;0
20;55;0
20;55;0
20;55;0
20;55;0
20;55;0
26;58;0
26;58;0
26;58;0
26;58;0
26;58;0
26;58;0
26;58;0
26;58;0
26;58;0
26;58;0
26;58;0
26;58;0
26;58;0
26;58;0
26;58;0
26;58;0
26;58;0
26;58;0
26;58;0
26;58;0
26;58;0
26;58;0
26;58;0
26;58;0
20;60;0
20;60;0
20;60;0
20;60;0
20;60;0
20;60;0
20;60;0
20;60;0
20;60;0
20;60;0
20;60;0
20;60;0
26;58;0
26;58;0
26;58;0
26;58;0
26;58;0
26;58;0
26;58;0
26;58;0
20;55;0
20;55;0
20;55;0
20;55;0
20;55;0
20;55;0
20;55;0
20;55;0
20;55;0
20;55;0
20;55;0
20;55;0
20;55;0
20;55;0
20;55;0
20;55;0
20;55;0
20;55;0
20;55;0
20;55;0
20;55;0
20;55;0
20;55;0
20;55;0
20;55;0
20;55;0
26;52;0
26;52;0
26;52;0
26;52;0
26;52;0
26;52;0
26;52;0
26;52;0
26;52;0
26;52;0
26;52;0
26;52;0
26;52;0
26;52;0
26;52;0
26;52;0
26;52;0
26;52;0
26;52;0
26;52;0
26;52;0
26;52;0
26;52;0
26;52;0
26;52;0
26;52;0
26;52;0
26;52;0
26;52;0
26;52;0
26;52;0
26;52;0
26;52;0
26;52;0
26;52;0
26;52;0
26;52;0
26;52;0
32;59;0
32;59;0
26;57;0
26;57;0
26;57;0
26;57;0
26;57;0
26;57;0
26;57;0
26;57;0
20;55;0
20;55;0
20;55;0
20;55;0
20;55;0
20;55;0
0;9;0
0;9;0
0;0;0
0;0;0
0;9;0
0;9;0
0;9;0
0;9;0
0;9;0
0;9;0
0;9;0
0;9;0
0;9;0
0;9;0
0;9;0
0;9;0
0;9;0
0;9;0
0;9;0
0;9;0
0;9;0
0;9;0
0;9;0
0;9;0
0;9;0
0;9;0
0;9;0
0;9;0
0;9;0
0;9;0
0;9;0
0;9;0
0;9;0
0;9;0
0;9;0
0;9;0
0;9;0
0;9;0
0;9;0
0;9;0
0;9;0
0;9;0
0;9;0
0;9;0
0;9;0
0;9;0
0;9;0
0;9;0
0;9;0
0;9;0
0;9;0
0;9;0
0;9;0
0;9;0
4;36;0
4;36;0
4;36;0
4;36;0
0;27;0
0;27;0
0;27;0
0;27;0
0;0;0
0;0;0
0;0;0
0;0;0
0;0;0
0;0;0
0;0;0
0;0;0
0;0;0
0;0;0
0;0;0
0;0;0
0;0;0
0;0;0
0;0;0
14;11;0
14;11;0
14;11;0
14;11;0
14;11;0
14;11;0
14;11;0
14;11;0
14;11;0
14;11;0
14;11;0
14;11;0
14;11;0
14;11;0
14;11;0
14;11;0
14;11;0
14;11;0
14;11;0
14;11;0
14;11;0
14;11;0
14;11;0
14;11;0
14;11;0
14;11;0
20;11;0
20;11;0
20;11;0
20;11;0
20;11;0
20;11;0
36;52;0
36;52;0
42;53;0
42;53;0
42;53;0
42;53;0
42;53;0
42;53;0
42;53;0
42;53;0
42;53;0
42;53;0
42;53;0
42;53;0
42;53;0
42;53;0
42;53;0
42;53;0
42;53;0
42;53;0
42;53;0
42;53;0
42;53;0
42;53;0
48;71;0
48;71;0
48;71;0
48;71;0
48;71;0
48;71;0
48;71;0
48;71;0
34;63;0
34;63;0
34;63;0
34;63;0
26;52;0
26;52;0
20;55;0
20;55;0
20;55;0
20;55;0
20;55;0
20;55;0
20;55;0
20;55;0
20;55;0
20;55;0
20;55;0
20;55;0
20;55;0
20;55;0
20;55;0
20;55;0
20;55;0
20;55;0
20;55;0
20;55;0
20;55;0
20;55;0
20;55;0
20;55;0
20;55;0
20;55;0
12;43;0
12;43;0
12;43;0
12;43;0
12;43;0
12;43;0
12;43;0
12;43;0
18;46;0
18;46;0
18;46;0
18;46;0
18;46;0
18;46;0
18;46;0
18;46;0
10;39;0
10;39;0
10;39;0
10;39;0
24;49;0
24;49;0
16;47;0
16;47;0
16;47;0
16;47;0
16;47;0
16;47;0
16;47;0
16;47;0
