16;16;0
16;16;0
16;16;0
16;16;0
16;16;0
16;16;0
16;16;0
16;16;0
16;16;0
16;16;0
16;16;0
16;16;0
16;16;0
16;16;0
16;16;0
16;16;0
16;16;0
16;16;0
16;16;0
16;16;0
16;16;0
16;16;0
16;16;0
16;16;0
16;16;0
16;16;0
16;16;0
16;16;0
16;16;0
16;16;0
16;16;0
16;16;0
16;16;0
94;111;0
94;111;0
28;36;0
28;36;0
52;63;0
52;63;0
18;37;0
18;37;0
34;54;0
34;54;0
6;27;0
6;27;0
6;27;0
6;27;0
6;27;0
6;27;0
64;77;0
64;77;0
56;77;0
56;77;0
48;55;0
48;55;0
70;71;0
70;71;0
32;50;0
32;50;0
4;27;0
4;27;0
4;27;0
4;27;0
4;27;0
4;27;0
22;40;0
22;40;0
86;100;0
86;100;0
32;44;0
32;44;0
48;66;0
48;66;0
84;89;0
84;89;0
56;66;0
56;66;0
38;39;0
38;39;0
44;46;0
44;46;0
44;46;0
44;46;0
86;94;0
86;94;0
78;83;0
78;83;0
78;83;0
78;83;0
62;67;0
62;67;0
48;48;0
48;48;0
84;83;0
84;83;0
54;55;0
54;55;0
54;55;0
54;55;0
48;66;0
48;66;0
90;108;0
90;108;0
58;76;0
58;76;0
58;76;0
58;76;0
36;68;0
36;68;0
6;27;0
6;27;0
6;27;0
6;27;0
80;99;0
80;99;0
68;79;0
68;79;0
76;84;0
76;84;0
76;84;0
76;84;0
70;95;0
70;95;0
6;27;0
6;27;0
6;27;0
6;27;0
6;27;0
6;27;0
66;81;0
66;81;0
74;92;0
74;92;0
56;77;0
56;77;0
74;86;0
74;86;0
58;70;0
58;70;0
6;27;0
6;27;0
6;27;0
6;27;0
6;27;0
6;27;0
72;88;0
72;88;0
72;88;0
72;88;0
78;112;0
78;112;0
58;64;0
58;64;0
110;109;0
110;109;0
68;67;0
68;67;0
94;92;0
94;92;0
72;70;0
72;70;0
94;93;0
94;93;0
94;93;0
94;93;0
94;93;0
94;93;0
82;72;0
82;72;0
88;85;0
88;85;0
88;85;0
88;85;0
122;122;0
122;122;0
90;108;0
90;108;0
2064;55;0
2064;55;0
2134;40;0
2134;40;0
2102;102;0
2102;102;0
2082;173;0
2082;173;0
2110;60;0
2110;60;0
2014;0;0
2014;0;0
2006;103;0
2006;103;0
2006;103;0
2006;103;0
2062;88;0
2062;88;0
2088;93;0
2088;93;0
2088;93;0
2088;93;0
2088;93;0
2088;93;0
2088;93;0
2088;93;0
2014;62;0
2014;62;0
2006;0;0
2006;0;0
2280;0;0
2280;0;0
2078;177;0
2078;177;0
2086;45;0
2086;45;0
2096;0;0
2096;0;0
2096;0;0
2096;0;0
2012;0;0
2012;0;0
2012;0;0
2012;0;0
2004;64;0
2004;64;0
2082;0;0
2082;0;0
2096;0;0
2096;0;0
2112;171;0
2112;171;0
2078;0;0
2078;0;0
2094;147;0
2094;147;0
2008;144;0
2008;144;0
2008;144;0
2008;144;0
1996;86;0
1996;86;0
2106;227;0
2106;227;0
2074;119;0
2074;119;0
2090;139;0
2090;139;0
2090;139;0
2090;139;0
2098;0;0
2098;0;0
2004;64;0
2004;64;0
2004;64;0
2004;64;0
2004;64;0
2004;64;0
2088;207;0
2088;207;0
2098;0;0
2098;0;0
2092;122;0
2092;122;0
2076;131;0
2076;131;0
2108;152;0
2108;152;0
2010;0;0
2010;0;0
2004;64;0
2004;64;0
1998;0;0
1998;0;0
2064;0;0
2064;0;0
2098;141;0
2098;141;0
2080;205;0
2080;205;0
2080;205;0
2080;205;0
2080;205;0
2080;205;0
2004;0;0
2004;0;0
2004;0;0
2004;0;0
2118;63;0
2118;63;0
2076;0;0
2076;0;0
2100;60;0
2100;60;0
2076;226;0
2076;226;0
2090;139;0
2090;139;0
2006;0;0
2006;0;0
2000;0;0
2000;0;0
1992;73;0
1992;73;0
2060;0;0
2060;0;0
2088;141;0
2088;141;0
2078;166;0
2078;166;0
2084;181;0
2084;181;0
2108;0;0
2108;0;0
2052;210;0
2052;210;0
2002;0;0
2002;0;0
2134;0;0
2134;0;0
2074;191;0
2074;191;0
2088;32;0
2088;32;0
2032;67;0
2032;67;0
2078;111;0
2078;111;0
2102;0;0
2102;0;0
2030;238;0
2030;238;0
2006;0;0
2006;0;0
2090;184;0
2090;184;0
2050;0;0
2050;0;0
2072;40;0
2072;40;0
2028;129;0
2028;129;0
2040;279;0
2040;279;0
2052;0;0
2052;0;0
1960;73;0
1960;73;0
2076;0;0
2076;0;0
2052;0;0
2052;0;0
2052;0;0
2052;0;0
2052;0;0
2052;0;0
2040;162;0
2040;162;0
2066;0;0
2066;0;0
1972;0;0
1972;0;0
2026;118;0
2026;118;0
2062;0;0
2062;0;0
2030;126;0
2030;126;0
2052;133;0
2052;133;0
2060;0;0
2060;0;0
2040;184;0
2040;184;0
1966;79;0
1966;79;0
2152;0;0
2152;0;0
2032;107;0
2032;107;0
2048;70;0
2048;70;0
2028;76;0
2028;76;0
2046;142;0
2046;142;0
2054;76;0
2054;76;0
1968;0;0
1968;0;0
2110;185;0
2110;185;0
2064;0;0
2064;0;0
2064;0;0
2064;0;0
2044;144;0
2044;144;0
2036;78;0
2036;78;0
2046;128;0
2046;128;0
2062;116;0
2062;116;0
1968;0;0
1968;0;0
2126;92;0
2126;92;0
2048;140;0
2048;140;0
2048;140;0
2048;140;0
2048;140;0
2048;140;0
2056;187;0
2056;187;0
2056;187;0
2056;187;0
1974;0;0
1974;0;0
2156;277;0
2156;277;0
2042;122;0
2042;122;0
2048;153;0
2048;153;0
2058;0;0
2058;0;0
2094;11;0
2094;11;0
2082;0;0
2082;0;0
2006;263;0
2006;263;0
1968;73;0
1968;73;0
2078;136;0
2078;136;0
2078;136;0
2078;136;0
2084;0;0
2084;0;0
2042;0;0
2042;0;0
2036;188;0
2036;188;0
2092;0;0
2092;0;0
1972;0;0
1972;0;0
2044;146;0
2044;146;0
2062;80;0
2062;80;0
2042;105;0
2042;105;0
2064;177;0
2064;177;0
2064;177;0
2064;177;0
2038;73;0
2038;73;0
1966;129;0
1966;129;0
2050;172;0
2050;172;0
2072;78;0
2072;78;0
2038;142;0
2038;142;0
2094;0;0
2094;0;0
2072;132;0
2072;132;0
2082;168;0
2082;168;0
2068;203;0
2068;203;0
2040;0;0
2040;0;0
2040;0;0
2040;0;0
2068;88;0
2068;88;0
2048;111;0
2048;111;0
2062;0;0
2062;0;0
2062;0;0
2062;0;0
2084;0;0
2084;0;0
2084;0;0
2084;0;0
1970;0;0
1970;0;0
2108;76;0
2108;76;0
2054;100;0
2054;100;0
2054;100;0
2054;100;0
2080;158;0
2080;158;0
2080;158;0
2080;158;0
2060;0;0
2060;0;0
2060;0;0
2060;0;0
2048;93;0
2048;93;0
2040;0;0
2040;0;0
2050;0;0
2050;0;0
2044;0;0
2044;0;0
2044;0;0
2044;0;0
2038;0;0
2038;0;0
2048;70;0
2048;70;0
2048;70;0
2048;70;0
1990;158;0
1990;158;0
1962;66;0
1962;66;0
2044;146;0
2044;146;0
2078;0;0
2078;0;0
2050;123;0
2050;123;0
2064;129;0
2064;129;0
2084;23;0
2084;23;0
2052;159;0
2052;159;0
2018;188;0
2018;188;0
2064;0;0
2064;0;0
2056;94;0
2056;94;0
2056;94;0
2056;94;0
2078;0;0
2078;0;0
2060;210;0
2060;210;0
2048;0;0
2048;0;0
2028;0;0
2028;0;0
2038;165;0
2038;165;0
1968;94;0
1968;94;0
2036;0;0
2036;0;0
2054;115;0
2054;115;0
2030;140;0
2030;140;0
2064;95;0
2064;95;0
2046;0;0
2046;0;0
2074;140;0
2074;140;0
2018;0;0
2018;0;0
2048;0;0
2048;0;0
2038;154;0
2038;154;0
2052;0;0
2052;0;0
2060;104;0
2060;104;0
2060;104;0
2060;104;0
2060;104;0
2060;104;0
2034;170;0
2034;170;0
2026;56;0
2026;56;0
1970;0;0
1970;0;0
2054;189;0
2054;189;0
2062;145;0
2062;145;0
2046;0;0
2046;0;0
2072;115;0
2072;115;0
2072;115;0
2072;115;0
2072;115;0
2072;115;0
2052;159;0
2052;159;0
2024;171;0
2024;171;0
2058;0;0
2058;0;0
2058;0;0
2052;83;0
2052;83;0
2052;83;0
2052;83;0
2044;0;0
2044;0;0
2066;152;0
2066;152;0
2060;121;0
2060;121;0
2060;121;0
2060;121;0
1964;133;0
1964;133;0
2064;0;0
2064;0;0
2078;171;0
2078;171;0
2054;115;0
2054;115;0
2054;115;0
2054;115;0
2066;125;0
2066;125;0
2060;0;0
2060;0;0
2080;59;0
2080;59;0
2072;227;0
2072;227;0
2082;85;0
2082;85;0
2082;85;0
2082;85;0
2096;156;0
2096;156;0
2096;156;0
2096;156;0
2060;0;0
2060;0;0
2048;176;0
2048;176;0
2074;171;0
2074;171;0
2074;171;0
2074;171;0
1994;0;0
1994;0;0
2066;179;0
2066;179;0
2086;129;0
2086;129;0
2086;129;0
2086;129;0
2086;129;0
2086;129;0
2086;129;0
2086;129;0
2094;158;0
2094;158;0
2070;0;0
2070;0;0
2070;0;0
2070;0;0
2080;0;0
2080;0;0
2102;0;0
2102;0;0
2068;154;0
2068;154;0
2082;0;0
2082;0;0
2096;38;0
2096;38;0
2066;116;0
2066;116;0
2042;124;0
2042;124;0
1994;0;0
1994;0;0
2092;171;0
2092;171;0
2064;119;0
2064;119;0
2072;0;0
2072;0;0
2092;171;0
2092;171;0
2108;124;0
2108;124;0
2086;0;0
2086;0;0
2054;191;0
2054;191;0
2048;0;0
2048;0;0
2092;102;0
2092;102;0
2044;180;0
2044;180;0
2044;180;0
2044;180;0
2044;180;0
2044;180;0
2106;207;0
2106;207;0
2060;90;0
2060;90;0
2074;146;0
2074;146;0
1996;0;0
1996;0;0
2074;79;0
2074;79;0
2094;210;0
2094;210;0
2088;0;0
2088;0;0
2094;145;0
2094;145;0
2094;145;0
2094;145;0
2094;145;0
2094;145;0
2080;63;0
2080;63;0
2064;119;0
2064;119;0
2064;119;0
2064;119;0
2100;0;0
2100;0;0
2088;0;0
2088;0;0
2074;0;0
2074;0;0
2100;0;0
2100;0;0
2072;0;0
2072;0;0
2086;0;0
2086;0;0
1992;0;0
1992;0;0
2056;0;0
2056;0;0
2094;0;0
2094;0;0
2094;0;0
2094;0;0
2084;0;0
2084;0;0
2084;0;0
2084;0;0
2084;0;0
2084;0;0
2090;0;0
2090;0;0
2046;178;0
2046;178;0
2056;0;0
2056;0;0
2044;0;0
2044;0;0
2044;0;0
2044;0;0
2056;0;0
2056;0;0
2062;158;0
2062;158;0
2034;170;0
2034;170;0
2040;0;0
2040;0;0
2054;157;0
2054;157;0
1972;0;0
1972;0;0
2040;163;0
2040;163;0
2084;0;0
2084;0;0
2064;168;0
2064;168;0
2040;126;0
2040;126;0
2080;118;0
2080;118;0
2054;217;0
2054;217;0
2094;235;0
2094;235;0
2082;0;0
2082;0;0
2070;185;0
2070;185;0
2086;0;0
2086;0;0
2078;127;0
2078;127;0
2066;0;0
2066;0;0
2098;165;0
2098;165;0
2072;149;0
2072;149;0
2072;149;0
2072;149;0
1994;0;0
1994;0;0
2100;151;0
2100;151;0
2090;0;0
2090;0;0
2078;154;0
2078;154;0
2094;170;0
2094;170;0
2082;0;0
2082;0;0
2058;140;0
2058;140;0
2064;0;0
2064;0;0
2072;0;0
2072;0;0
2044;159;0
2044;159;0
2062;0;0
2062;0;0
2062;0;0
2062;0;0
2052;136;0
2052;136;0
2092;0;0
2092;0;0
2048;165;0
2048;165;0
2108;165;0
2108;165;0
1994;0;0
1994;0;0
2078;240;0
2078;240;0
2066;0;0
2066;0;0
2110;150;0
2110;150;0
2086;168;0
2086;168;0
2102;135;0
2102;135;0
2074;0;0
2074;0;0
2100;196;0
2100;196;0
2078;0;0
2078;0;0
2070;0;0
2070;0;0
2056;79;0
2056;79;0
2096;0;0
2096;0;0
2078;0;0
2078;0;0
2078;0;0
2078;0;0
2078;0;0
2078;0;0
2078;0;0
2078;0;0
1998;100;0
1998;100;0
2044;0;0
2044;0;0
2072;137;0
2072;137;0
2086;0;0
2086;0;0
2072;0;0
2072;0;0
2072;0;0
2072;0;0
2072;0;0
2072;0;0
2050;221;0
2050;221;0
2058;165;0
2058;165;0
2058;165;0
2058;165;0
2048;0;0
2048;0;0
2088;0;0
2088;0;0
2102;55;0
2102;55;0
2082;105;0
2082;105;0
2066;157;0
2066;157;0
2100;0;0
2100;0;0
2070;152;0
2070;152;0
1996;0;0
1996;0;0
2094;147;0
2094;147;0
2100;223;0
2100;223;0
2084;201;0
2084;201;0
2112;162;0
2112;162;0
2068;129;0
2068;129;0
2068;129;0
2068;129;0
2076;145;0
2076;145;0
2082;221;0
2082;221;0
2088;70;0
2088;70;0
2074;0;0
2074;0;0
2062;11;0
2062;11;0
2054;135;0
2054;135;0
2072;122;0
2072;122;0
2106;37;0
2106;37;0
2100;87;0
2100;87;0
1996;0;0
1996;0;0
2072;0;0
2072;0;0
2052;0;0
2052;0;0
2072;159;0
2072;159;0
2060;64;0
2060;64;0
2048;0;0
2048;0;0
2084;0;0
2084;0;0
2056;224;0
2056;224;0
2044;54;0
2044;54;0
2050;0;0
2050;0;0
2050;0;0
2050;0;0
2044;119;0
2044;119;0
2088;0;0
2088;0;0
2058;187;0
2058;187;0
2078;34;0
2078;34;0
2106;0;0
2106;0;0
1990;0;0
1990;0;0
2096;129;0
2096;129;0
2046;52;0
2046;52;0
2074;81;0
2074;81;0
2074;81;0
2074;81;0
2088;127;0
2088;127;0
2104;44;0
2104;44;0
2078;166;0
2078;166;0
2072;0;0
2072;0;0
2092;0;0
2092;0;0
2068;142;0
2068;142;0
2106;156;0
2106;156;0
2070;26;0
2070;26;0
2064;134;0
2064;134;0
2072;122;0
2072;122;0
2072;122;0
2072;122;0
2052;210;0
2052;210;0
1974;0;0
1974;0;0
2044;0;0
2044;0;0
2062;0;0
2062;0;0
2062;0;0
2062;0;0
2062;0;0
2062;0;0
2062;0;0
2062;0;0
2054;179;0
2054;179;0
2054;179;0
2054;179;0
2080;12;0
2080;12;0
2040;141;0
2040;141;0
2062;0;0
2062;0;0
2074;101;0
2074;101;0
2082;120;0
2082;120;0
2082;120;0
2082;120;0
2058;166;0
2058;166;0
2080;0;0
2080;0;0
1990;0;0
1990;0;0
2110;247;0
2110;247;0
2110;247;0
2110;247;0
2080;124;0
2080;124;0
2104;0;0
2104;0;0
2084;78;0
2084;78;0
2058;40;0
2058;40;0
88;110;0
88;110;0
98;113;0
98;113;0
68;85;0
68;85;0
88;98;0
88;98;0
78;94;0
78;94;0
86;100;0
86;100;0
76;84;0
76;84;0
100;110;0
100;110;0
108;115;0
108;115;0
36;73;0
36;73;0
6;26;0
6;26;0
84;94;0
84;94;0
84;94;0
84;94;0
114;122;0
114;122;0
92;123;0
92;123;0
92;123;0
92;123;0
86;111;0
86;111;0
80;93;0
80;93;0
70;83;0
70;83;0
100;117;0
100;117;0
80;104;0
80;104;0
102;115;0
102;115;0
108;129;0
108;129;0
70;78;0
70;78;0
80;99;0
80;99;0
10;35;0
10;35;0
20;25;0
20;25;0
94;92;0
94;92;0
78;95;0
78;95;0
118;120;0
118;120;0
106;106;0
106;106;0
112;132;0
112;132;0
98;114;0
98;114;0
92;107;0
92;107;0
64;77;0
64;77;0
86;100;0
86;100;0
98;120;0
98;120;0
98;120;0
98;120;0
88;98;0
88;98;0
88;98;0
88;98;0
88;98;0
88;98;0
98;107;0
98;107;0
6;26;0
6;26;0
86;99;0
86;99;0
100;105;0
100;105;0
110;120;0
110;120;0
122;129;0
122;129;0
104;102;0
104;102;0
88;105;0
88;105;0
94;111;0
94;111;0
76;97;0
76;97;0
92;101;0
92;101;0
92;101;0
92;101;0
100;112;0
100;112;0
100;112;0
100;112;0
86;100;0
86;100;0
72;82;0
72;82;0
96;104;0
96;104;0
6;27;0
6;27;0
82;126;0
82;126;0
102;117;0
102;117;0
102;117;0
102;117;0
118;120;0
118;120;0
124;140;0
124;140;0
124;140;0
124;140;0
124;140;0
124;140;0
102;104;0
102;104;0
88;105;0
88;105;0
60;80;0
60;80;0
60;80;0
60;80;0
80;99;0
80;99;0
88;97;0
88;97;0
88;97;0
88;97;0
80;86;0
80;86;0
86;99;0
86;99;0
100;98;0
100;98;0
100;98;0
100;98;0
100;98;0
100;98;0
110;120;0
110;120;0
98;119;0
98;119;0
108;128;0
108;128;0
84;107;0
84;107;0
92;100;0
92;100;0
92;100;0
92;100;0
72;87;0
72;87;0
102;115;0
102;115;0
96;102;0
96;102;0
84;89;0
84;89;0
90;113;0
90;113;0
100;123;0
100;123;0
100;123;0
100;123;0
6;27;0
6;27;0
100;112;0
100;112;0
112;120;0
112;120;0
94;117;0
94;117;0
94;117;0
94;117;0
94;117;0
94;117;0
94;117;0
94;117;0
86;93;0
86;93;0
86;93;0
86;93;0
86;93;0
86;93;0
114;122;0
114;122;0
84;106;0
84;106;0
112;136;0
112;136;0
86;99;0
86;99;0
68;84;0
68;84;0
120;123;0
120;123;0
6;26;0
6;26;0
108;139;0
108;139;0
120;135;0
120;135;0
120;135;0
120;135;0
98;124;0
98;124;0
104;113;0
104;113;0
138;130;0
138;130;0
120;135;0
120;135;0
88;110;0
88;110;0
74;80;0
74;80;0
96;97;0
96;97;0
116;134;0
116;134;0
76;85;0
76;85;0
56;66;0
56;66;0
108;117;0
108;117;0
108;117;0
108;117;0
6;27;0
6;27;0
120;143;0
120;143;0
102;116;0
102;116;0
124;133;0
124;133;0
94;111;0
94;111;0
124;107;0
124;107;0
124;107;0
124;107;0
98;119;0
98;119;0
76;101;0
76;101;0
76;101;0
76;101;0
94;104;0
94;104;0
94;104;0
94;104;0
94;104;0
94;104;0
100;117;0
100;117;0
106;129;0
106;129;0
76;118;0
76;118;0
14;33;0
14;33;0
6;26;0
6;26;0
102;109;0
102;109;0
84;106;0
84;106;0
132;131;0
132;131;0
124;139;0
124;139;0
96;109;0
96;109;0
80;105;0
80;105;0
88;121;0
88;121;0
98;120;0
98;120;0
92;113;0
92;113;0
82;103;0
82;103;0
82;103;0
82;103;0
116;128;0
116;128;0
86;106;0
86;106;0
86;106;0
86;106;0
114;117;0
114;117;0
6;27;0
6;27;0
74;86;0
74;86;0
102;116;0
102;116;0
112;118;0
112;118;0
90;107;0
90;107;0
90;107;0
90;107;0
90;107;0
90;107;0
78;88;0
78;88;0
90;101;0
90;101;0
90;101;0
90;101;0
104;119;0
104;119;0
104;119;0
104;119;0
112;118;0
112;118;0
90;113;0
90;113;0
82;96;0
82;96;0
90;95;0
90;95;0
6;26;0
6;26;0
68;96;0
68;96;0
106;111;0
106;111;0
82;91;0
82;91;0
120;136;0
120;136;0
92;100;0
92;100;0
120;124;0
120;124;0
72;99;0
72;99;0
72;99;0
72;99;0
94;123;0
94;123;0
76;96;0
76;96;0
84;95;0
84;95;0
92;113;0
92;113;0
92;113;0
92;113;0
114;130;0
114;130;0
78;94;0
78;94;0
6;27;0
6;27;0
108;74;0
108;74;0
78;105;0
78;105;0
116;132;0
116;132;0
110;113;0
110;113;0
104;112;0
104;112;0
92;99;0
92;99;0
92;99;0
92;99;0
92;99;0
92;99;0
74;97;0
74;97;0
82;102;0
82;102;0
92;105;0
92;105;0
102;114;0
102;114;0
92;111;0
92;111;0
102;114;0
102;114;0
102;114;0
102;114;0
102;114;0
102;114;0
6;27;0
6;27;0
66;81;0
66;81;0
116;127;0
116;127;0
108;116;0
108;116;0
96;115;0
96;115;0
102;133;0
102;133;0
84;101;0
84;101;0
90;90;0
90;90;0
56;71;0
56;71;0
82;91;0
82;91;0
76;84;0
76;84;0
98;113;0
98;113;0
112;119;0
112;119;0
82;97;0
82;97;0
88;104;0
88;104;0
88;104;0
88;104;0
6;26;0
6;26;0
104;125;0
104;125;0
96;108;0
96;108;0
96;108;0
96;108;0
110;125;0
110;125;0
110;125;0
110;125;0
126;135;0
126;135;0
98;112;0
98;112;0
98;112;0
98;112;0
98;112;0
98;112;0
80;103;0
80;103;0
66;80;0
66;80;0
94;103;0
94;103;0
102;115;0
102;115;0
94;122;0
94;122;0
70;83;0
70;83;0
6;27;0
6;27;0
252;162;0
252;162;0
114;129;0
114;129;0
120;136;0
120;136;0
90;108;0
90;108;0
108;122;0
108;122;0
108;122;0
108;122;0
90;114;0
90;114;0
90;114;0
90;114;0
72;88;0
72;88;0
72;88;0
72;88;0
58;76;0
58;76;0
88;104;0
88;104;0
106;117;0
106;117;0
106;117;0
106;117;0
84;112;0
84;112;0
98;100;0
98;100;0
6;26;0
6;26;0
78;94;0
78;94;0
86;99;0
86;99;0
86;99;0
86;99;0
108;121;0
108;121;0
108;121;0
108;121;0
114;128;0
114;128;0
92;105;0
92;105;0
84;100;0
84;100;0
84;100;0
84;100;0
90;107;0
90;107;0
76;90;0
76;90;0
82;91;0
82;91;0
114;135;0
114;135;0
70;83;0
70;83;0
114;129;0
114;129;0
6;27;0
6;27;0
102;116;0
102;116;0
122;140;0
122;140;0
104;114;0
104;114;0
104;114;0
104;114;0
104;114;0
104;114;0
114;129;0
114;129;0
100;111;0
100;111;0
86;99;0
86;99;0
86;99;0
86;99;0
104;108;0
104;108;0
78;105;0
78;105;0
100;104;0
100;104;0
84;100;0
84;100;0
108;121;0
108;121;0
68;84;0
68;84;0
6;26;0
6;26;0
64;76;0
64;76;0
112;118;0
112;118;0
102;108;0
102;108;0
126;129;0
126;129;0
104;125;0
104;125;0
112;118;0
112;118;0
100;110;0
100;110;0
92;118;0
92;118;0
82;97;0
82;97;0
100;117;0
100;117;0
78;82;0
78;82;0
90;90;0
90;90;0
84;101;0
84;101;0
84;101;0
84;101;0
84;101;0
84;101;0
72;82;0
72;82;0
96;97;0
96;97;0
130;139;0
130;139;0
88;110;0
88;110;0
102;110;0
102;110;0
102;110;0
102;110;0
94;111;0
94;111;0
94;111;0
94;111;0
94;111;0
94;111;0
102;115;0
102;115;0
102;115;0
102;115;0
88;103;0
88;103;0
96;102;0
96;102;0
84;94;0
84;94;0
78;94;0
78;94;0
114;128;0
114;128;0
74;85;0
74;85;0
6;26;0
6;26;0
78;99;0
78;99;0
108;121;0
108;121;0
92;105;0
92;105;0
104;113;0
104;113;0
112;130;0
112;130;0
120;124;0
120;124;0
120;124;0
120;124;0
66;87;0
66;87;0
52;57;0
52;57;0
84;101;0
84;101;0
76;90;0
76;90;0
102;122;0
102;122;0
86;87;0
86;87;0
86;87;0
86;87;0
68;79;0
68;79;0
6;27;0
6;27;0
90;108;0
90;108;0
114;123;0
114;123;0
102;122;0
102;122;0
114;123;0
114;123;0
108;122;0
108;122;0
108;122;0
108;122;0
102;126;0
102;126;0
72;87;0
72;87;0
82;96;0
82;96;0
74;85;0
74;85;0
74;85;0
74;85;0
96;108;0
96;108;0
96;108;0
96;108;0
106;140;0
106;140;0
124;137;0
124;137;0
6;26;0
6;26;0
6;26;0
6;26;0
82;96;0
82;96;0
120;136;0
120;136;0
132;149;0
132;149;0
148;147;0
148;147;0
130;145;0
130;145;0
106;112;0
106;112;0
98;125;0
98;125;0
66;81;0
66;81;0
102;115;0
102;115;0
84;101;0
84;101;0
90;108;0
90;108;0
108;122;0
108;122;0
82;97;0
82;97;0
88;91;0
88;91;0
6;27;0
6;27;0
200;263;0
200;263;0
118;138;0
118;138;0
112;119;0
112;119;0
100;117;0
100;117;0
118;131;0
118;131;0
92;99;0
92;99;0
92;99;0
92;99;0
92;99;0
92;99;0
92;99;0
92;99;0
76;83;0
76;83;0
90;101;0
90;101;0
96;114;0
96;114;0
90;101;0
90;101;0
90;101;0
90;101;0
96;102;0
96;102;0
80;79;0
80;79;0
6;27;0
6;27;0
116;145;0
116;145;0
142;152;0
142;152;0
94;116;0
94;116;0
116;101;0
116;101;0
96;126;0
96;126;0
74;92;0
74;92;0
74;92;0
74;92;0
98;119;0
98;119;0
58;76;0
58;76;0
78;88;0
78;88;0
88;104;0
88;104;0
88;104;0
88;104;0
88;104;0
88;104;0
88;104;0
88;104;0
102;109;0
102;109;0
4;27;0
4;27;0
130;145;0
130;145;0
124;132;0
124;132;0
104;106;0
104;106;0
116;144;0
116;144;0
116;144;0
116;144;0
108;150;0
108;150;0
86;110;0
86;110;0
94;103;0
94;103;0
106;123;0
106;123;0
80;92;0
80;92;0
92;105;0
92;105;0
80;86;0
80;86;0
80;86;0
80;86;0
106;135;0
106;135;0
94;98;0
94;98;0
60;101;0
60;101;0
4;27;0
4;27;0
104;120;0
104;120;0
110;114;0
110;114;0
122;140;0
122;140;0
86;105;0
86;105;0
98;113;0
98;113;0
98;113;0
98;113;0
98;113;0
98;113;0
92;112;0
92;112;0
66;81;0
66;81;0
72;99;0
72;99;0
72;99;0
72;99;0
104;120;0
104;120;0
96;121;0
96;121;0
86;99;0
86;99;0
14;38;0
14;38;0
6;26;0
6;26;0
86;87;0
86;87;0
116;139;0
116;139;0
92;111;0
92;111;0
102;115;0
102;115;0
92;145;0
92;145;0
92;145;0
92;145;0
92;145;0
92;145;0
82;102;0
82;102;0
76;90;0
76;90;0
108;115;0
108;115;0
96;108;0
96;108;0
82;85;0
82;85;0
72;82;0
72;82;0
84;107;0
84;107;0
84;107;0
84;107;0
6;27;0
6;27;0
100;118;0
100;118;0
106;124;0
106;124;0
122;128;0
122;128;0
88;116;0
88;116;0
110;121;0
110;121;0
110;121;0
110;121;0
94;105;0
94;105;0
80;93;0
80;93;0
94;105;0
94;105;0
94;105;0
94;105;0
88;110;0
88;110;0
88;110;0
88;110;0
98;107;0
98;107;0
110;115;0
110;115;0
116;126;0
116;126;0
6;26;0
6;26;0
72;109;0
72;109;0
140;147;0
140;147;0
104;107;0
104;107;0
114;122;0
114;122;0
100;116;0
100;116;0
84;100;0
84;100;0
70;83;0
70;83;0
94;98;0
94;98;0
94;98;0
104;119;0
74;91;0
74;91;0
74;91;0
74;91;0
74;91;0
74;91;0
74;91;0
74;91;0
74;91;0
94;117;0
94;117;0
104;120;0
104;120;0
82;103;0
82;103;0
6;27;0
6;27;0
94;111;0
94;111;0
128;141;0
128;141;0
88;110;0
88;110;0
110;133;0
110;133;0
124;139;0
124;139;0
72;88;0
72;88;0
92;94;0
92;94;0
102;110;0
102;110;0
74;92;0
74;92;0
74;92;0
74;92;0
98;107;0
98;107;0
78;82;0
78;82;0
78;82;0
78;82;0
94;110;0
94;110;0
82;102;0
82;102;0
6;26;0
6;26;0
116;132;0
116;132;0
98;112;0
98;112;0
98;112;0
98;112;0
98;112;0
98;112;0
98;112;0
98;112;0
110;132;0
110;132;0
64;88;0
64;88;0
84;76;0
84;76;0
84;76;0
84;76;0
94;111;0
94;111;0
88;98;0
88;98;0
88;98;0
88;98;0
94;105;0
94;105;0
88;104;0
88;104;0
96;109;0
96;109;0
6;27;0
6;27;0
292;259;0
292;259;0
112;125;0
112;125;0
112;125;0
112;125;0
126;131;0
126;131;0
88;116;0
88;116;0
88;116;0
88;116;0
102;97;0
102;97;0
108;117;0
108;117;0
108;117;0
108;117;0
72;105;0
72;105;0
90;107;0
90;107;0
90;107;0
90;107;0
98;113;0
98;113;0
98;113;0
98;113;0
98;113;0
98;113;0
4;27;0
4;27;0
86;87;0
86;87;0
94;104;0
94;104;0
94;104;0
94;104;0
94;104;0
94;104;0
120;135;0
120;135;0
128;135;0
128;135;0
114;117;0
114;117;0
88;98;0
88;98;0
74;86;0
74;86;0
66;69;0
66;69;0
106;119;0
106;119;0
94;99;0
94;99;0
78;101;0
78;101;0
88;92;0
88;92;0
98;108;0
98;108;0
78;101;0
78;101;0
6;27;0
6;27;0
82;92;0
82;92;0
118;139;0
118;139;0
118;139;0
118;139;0
98;108;0
98;108;0
88;92;0
88;92;0
88;92;0
88;92;0
88;92;0
88;92;0
78;94;0
78;94;0
90;102;0
90;102;0
104;119;0
104;119;0
96;114;0
96;114;0
118;131;0
118;131;0
98;107;0
98;107;0
76;96;0
76;96;0
110;114;0
110;114;0
6;26;0
6;26;0
126;124;0
126;124;0
108;116;0
108;116;0
98;124;0
98;124;0
66;75;0
66;75;0
98;114;0
98;114;0
86;106;0
86;106;0
74;92;0
74;92;0
74;92;0
74;92;0
92;107;0
92;107;0
92;107;0
92;107;0
98;120;0
98;120;0
98;120;0
98;120;0
98;120;0
98;120;0
116;140;0
116;140;0
100;118;0
100;118;0
112;138;0
112;138;0
6;27;0
6;27;0
74;92;0
74;92;0
134;143;0
134;143;0
104;121;0
104;121;0
94;111;0
94;111;0
100;118;0
100;118;0
92;106;0
92;106;0
116;120;0
116;120;0
96;120;0
96;120;0
72;81;0
72;81;0
84;101;0
84;101;0
102;121;0
102;121;0
116;127;0
116;127;0
82;96;0
82;96;0
70;89;0
70;89;0
12;34;0
12;34;0
12;34;0
12;34;0
76;84;0
76;84;0
140;143;0
140;143;0
104;114;0
104;114;0
132;138;0
132;138;0
132;138;0
132;138;0
102;116;0
102;116;0
108;129;0
108;129;0
74;80;0
74;80;0
86;100;0
86;100;0
86;100;0
86;100;0
114;130;0
114;130;0
104;115;0
104;115;0
88;92;0
88;92;0
106;125;0
106;125;0
116;128;0
116;128;0
6;27;0
6;27;0
94;105;0
94;105;0
102;116;0
102;116;0
114;130;0
114;130;0
104;119;0
104;119;0
104;119;0
104;119;0
80;98;0
80;98;0
80;98;0
80;98;0
80;98;0
80;98;0
80;98;0
80;98;0
80;98;0
80;98;0
92;112;0
92;112;0
104;119;0
104;119;0
80;92;0
80;92;0
98;118;0
98;118;0
132;149;0
132;149;0
6;27;0
6;27;0
146;256;0
146;256;0
104;108;0
104;108;0
90;96;0
90;96;0
90;96;0
90;96;0
114;130;0
114;130;0
114;130;0
114;130;0
70;89;0
70;89;0
70;89;0
70;89;0
62;73;0
62;73;0
92;88;0
92;88;0
92;88;0
92;88;0
108;123;0
108;123;0
108;123;0
108;123;0
100;112;0
100;112;0
84;102;0
84;102;0
84;102;0
84;102;0
6;27;0
6;27;0
102;110;0
102;110;0
120;129;0
120;129;0
106;111;0
106;111;0
94;104;0
94;104;0
112;118;0
112;118;0
112;118;0
112;118;0
94;116;0
94;116;0
84;100;0
84;100;0
98;94;0
98;94;0
90;113;0
90;113;0
102;109;0
102;109;0
78;89;0
78;89;0
114;123;0
114;123;0
94;99;0
94;99;0
112;119;0
112;119;0
6;27;0
6;27;0
118;138;0
118;138;0
76;84;0
76;84;0
128;148;0
128;148;0
118;132;0
118;132;0
104;108;0
104;108;0
92;107;0
92;107;0
92;107;0
92;107;0
126;131;0
126;131;0
86;106;0
86;106;0
72;82;0
72;82;0
80;93;0
80;93;0
98;119;0
98;119;0
90;108;0
90;108;0
82;91;0
82;91;0
82;91;0
82;91;0
6;26;0
6;26;0
126;142;0
126;142;0
86;105;0
86;105;0
102;121;0
102;121;0
102;121;0
102;121;0
30;10;0
30;10;0
30;10;0
30;10;0
30;10;0
30;10;0
30;10;0
30;10;0
30;10;0
30;10;0
22;5;0
22;5;0
16;16;0
16;16;0
16;16;0
16;16;0
16;16;0
16;16;0
16;16;0
16;16;0
16;16;0
16;16;0
16;16;0
16;16;0
16;16;0
16;16;0
6;27;0
6;27;0
6;27;0
6;27;0
6;27;0
6;27;0
6;27;0
6;27;0
6;27;0
6;27;0
6;27;0
6;27;0
6;27;0
6;27;0
6;27;0
6;27;0
6;27;0
6;27;0
6;27;0
6;27;0
6;27;0
6;27;0
6;27;0
6;27;0
68;46;0
68;46;0
90;89;0
90;89;0
104;107;0
104;107;0
94;98;0
94;98;0
116;114;0
116;114;0
84;95;0
84;95;0
84;95;0
84;95;0
84;95;0
84;95;0
84;95;0
84;95;0
74;66;0
74;66;0
394;324;0
394;324;0
22;16;0
22;16;0
22;16;0
22;16;0
22;16;0
22;16;0
22;16;0
22;16;0
16;9;0
16;9;0
16;9;0
16;9;0
16;9;0
16;9;0
16;9;0
16;9;0
16;9;0
16;9;0
120;142;0
120;142;0
72;69;0
72;69;0
64;77;0
64;77;0
76;84;0
76;84;0
92;101;0
92;101;0
72;82;0
72;82;0
60;68;0
60;68;0
86;81;0
86;81;0
76;72;0
76;72;0
76;72;0
76;72;0
76;72;0
76;72;0
70;71;0
70;71;0
58;63;0
58;63;0
72;62;0
72;62;0
72;62;0
72;62;0
84;88;0
84;88;0
372;406;0
372;406;0
116;94;0
116;94;0
140;121;0
140;121;0
204;185;0
204;185;0
218;253;0
218;253;0
274;243;0
274;243;0
308;109;0
308;109;0
264;318;0
264;318;0
350;393;0
350;393;0
410;349;0
410;349;0
236;282;0
236;282;0
286;209;0
286;209;0
500;413;0
500;413;0
418;403;0
418;403;0
308;301;0
308;301;0
354;261;0
354;261;0
642;546;0
642;546;0
486;435;0
486;435;0
438;408;0
438;408;0
416;392;0
416;392;0
272;261;0
272;261;0
302;261;0
302;261;0
282;277;0
282;277;0
276;276;0
276;276;0
276;276;0
276;276;0
276;276;0
276;276;0
268;256;0
268;256;0
278;258;0
278;258;0
262;262;0
262;262;0
250;273;0
250;273;0
264;259;0
264;259;0
256;273;0
256;273;0
256;273;0
256;273;0
276;240;0
276;240;0
262;274;0
262;274;0
262;274;0
262;274;0
248;259;0
248;259;0
264;247;0
264;247;0
264;247;0
264;247;0
258;253;0
258;253;0
264;247;0
264;247;0
256;248;0
256;248;0
262;242;0
262;242;0
262;242;0
262;242;0
248;256;0
248;256;0
260;251;0
260;251;0
244;248;0
244;248;0
258;227;0
258;227;0
270;233;0
270;233;0
248;257;0
248;257;0
248;257;0
248;257;0
248;257;0
248;257;0
234;266;0
234;266;0
252;249;0
252;249;0
252;249;0
252;249;0
252;249;0
252;249;0
238;259;0
238;259;0
258;246;0
258;246;0
252;245;0
252;245;0
252;245;0
252;245;0
252;245;0
252;245;0
238;259;0
238;259;0
256;248;0
256;248;0
248;244;0
248;244;0
234;263;0
234;263;0
256;228;0
256;228;0
256;228;0
256;228;0
240;258;0
240;258;0
250;250;0
250;250;0
232;255;0
232;255;0
16;16;0
16;16;0
16;16;0
16;16;0
16;16;0
16;16;0
16;16;0
16;16;0
16;16;0
16;16;0
16;16;0
16;16;0
16;16;0
16;16;0
16;16;0
16;16;0
16;16;0
16;16;0
16;16;0
16;16;0
16;16;0
16;16;0
16;16;0
16;16;0
16;16;0
16;16;0
16;16;0
16;16;0
16;16;0
16;16;0
16;16;0
16;16;0
16;16;0
16;16;0
16;16;0
16;16;0
16;16;0
16;16;0
16;16;0
16;16;0
16;16;0
16;16;0
16;16;0
16;16;0
16;16;0
16;16;0
16;16;0
16;16;0
16;16;0
16;16;0
16;16;0
16;16;0
16;16;0
16;16;0
16;16;0
16;16;0
16;16;0
16;16;0
16;16;0
16;16;0
16;16;0
16;16;0
16;16;0
16;16;0
290;297;0
290;297;0
50;52;0
50;52;0
38;32;0
38;32;0
50;46;0
50;46;0
50;46;0
50;46;0
50;46;0
50;46;0
14;18;0
14;18;0
14;18;0
14;18;0
14;18;0
14;18;0
54;61;0
54;61;0
60;62;0
60;62;0
60;62;0
60;62;0
54;55;0
54;55;0
54;55;0
54;55;0
16;16;0
16;16;0
16;16;0
16;16;0
78;81;0
78;81;0
58;57;0
58;57;0
80;80;0
80;80;0
64;70;0
64;70;0
72;81;0
72;81;0
14;18;0
14;18;0
14;18;0
14;18;0
14;18;0
14;18;0
64;64;0
64;64;0
64;64;0
64;64;0
64;64;0
64;64;0
80;86;0
80;86;0
72;75;0
72;75;0
14;18;0
14;18;0
14;18;0
14;18;0
134;164;0
134;164;0
60;68;0
60;68;0
94;92;0
94;92;0
72;76;0
72;76;0
100;99;0
100;99;0
80;87;0
80;87;0
14;18;0
14;18;0
14;18;0
14;18;0
168;220;0
168;220;0
100;105;0
100;105;0
108;104;0
108;104;0
102;97;0
102;97;0
102;97;0
102;97;0
14;18;0
14;18;0
14;18;0
14;18;0
14;18;0
14;18;0
116;144;0
116;144;0
104;94;0
104;94;0
110;120;0
110;120;0
146;148;0
146;148;0
104;113;0
104;113;0
14;18;0
14;18;0
6;26;0
6;26;0
6;26;0
6;26;0
88;103;0
88;103;0
132;142;0
132;142;0
96;102;0
96;102;0
96;102;0
96;102;0
136;138;0
136;138;0
6;26;0
6;26;0
6;26;0
6;26;0
6;26;0
6;26;0
138;151;0
138;151;0
80;99;0
80;99;0
94;122;0
94;122;0
160;161;0
160;161;0
28;57;0
28;57;0
4;27;0
4;27;0
4;27;0
4;27;0
156;171;0
156;171;0
86;106;0
86;106;0
76;102;0
76;102;0
140;155;0
140;155;0
124;133;0
124;133;0
88;110;0
88;110;0
4;27;0
4;27;0
4;27;0
4;27;0
192;203;0
192;203;0
68;78;0
68;78;0
136;151;0
136;151;0
130;138;0
130;138;0
82;96;0
82;96;0
6;26;0
6;26;0
6;26;0
6;26;0
6;26;0
6;26;0
72;68;0
72;68;0
114;122;0
114;122;0
132;142;0
132;142;0
76;95;0
76;95;0
100;116;0
100;116;0
6;26;0
6;26;0
6;26;0
6;26;0
126;124;0
126;124;0
102;122;0
102;122;0
118;138;0
118;138;0
82;97;0
82;97;0
82;97;0
82;97;0
112;131;0
112;131;0
6;27;0
6;27;0
6;27;0
6;27;0
286;271;0
286;271;0
116;139;0
116;139;0
150;151;0
150;151;0
90;102;0
90;102;0
120;136;0
120;136;0
8;26;0
8;26;0
8;26;0
8;26;0
8;26;0
8;26;0
146;154;0
146;154;0
132;136;0
132;136;0
88;109;0
88;109;0
122;139;0
122;139;0
122;139;0
122;139;0
4;27;0
4;27;0
4;27;0
4;27;0
4;27;0
4;27;0
150;130;0
150;130;0
90;107;0
90;107;0
116;132;0
116;132;0
122;121;0
122;121;0
106;112;0
106;112;0
6;27;0
6;27;0
6;27;0
6;27;0
184;176;0
184;176;0
74;80;0
74;80;0
122;147;0
122;147;0
110;127;0
110;127;0
110;127;0
110;127;0
110;127;0
110;127;0
8;26;0
8;26;0
8;26;0
8;26;0
146;162;0
146;162;0
94;117;0
94;117;0
124;133;0
124;133;0
102;116;0
102;116;0
94;105;0
94;105;0
8;26;0
8;26;0
8;26;0
8;26;0
8;26;0
8;26;0
106;118;0
106;118;0
132;143;0
132;143;0
114;129;0
114;129;0
92;106;0
92;106;0
132;130;0
132;130;0
6;27;0
6;27;0
6;27;0
6;27;0
6;27;0
6;27;0
112;136;0
112;136;0
122;128;0
122;128;0
108;116;0
108;116;0
108;116;0
108;116;0
122;135;0
122;135;0
6;27;0
6;27;0
6;27;0
6;27;0
6;27;0
6;27;0
124;133;0
124;133;0
110;122;0
110;122;0
124;127;0
124;127;0
124;127;0
124;127;0
44;80;0
44;80;0
6;27;0
6;27;0
6;27;0
6;27;0
190;203;0
190;203;0
110;122;0
110;122;0
96;122;0
96;122;0
124;138;0
124;138;0
114;127;0
114;127;0
6;26;0
6;26;0
6;26;0
6;26;0
6;26;0
6;26;0
194;194;0
194;194;0
74;96;0
74;96;0
130;143;0
130;143;0
120;134;0
120;134;0
88;114;0
88;114;0
6;26;0
6;26;0
6;26;0
6;26;0
6;26;0
6;26;0
64;75;0
64;75;0
116;131;0
116;131;0
124;142;0
124;142;0
110;119;0
110;119;0
98;106;0
98;106;0
4;27;0
4;27;0
4;27;0
4;27;0
156;187;0
156;187;0
102;115;0
102;115;0
124;138;0
124;138;0
102;89;0
102;89;0
110;126;0
110;126;0
6;26;0
6;26;0
6;26;0
6;26;0
6;26;0
6;26;0
116;127;0
116;127;0
116;127;0
116;127;0
116;127;0
116;127;0
104;113;0
104;113;0
104;113;0
104;113;0
6;26;0
6;26;0
6;26;0
6;26;0
6;26;0
6;26;0
116;131;0
116;131;0
128;138;0
128;138;0
106;110;0
106;110;0
126;140;0
126;140;0
110;130;0
110;130;0
8;26;0
8;26;0
8;26;0
8;26;0
8;26;0
8;26;0
160;157;0
160;157;0
94;103;0
94;103;0
120;127;0
120;127;0
128;132;0
128;132;0
46;122;0
46;122;0
6;26;0
6;26;0
6;26;0
6;26;0
6;26;0
6;26;0
120;123;0
120;123;0
112;130;0
112;130;0
128;134;0
128;134;0
128;134;0
128;134;0
118;137;0
118;137;0
6;26;0
6;26;0
6;26;0
6;26;0
162;150;0
162;150;0
84;106;0
84;106;0
120;141;0
120;141;0
106;122;0
106;122;0
112;129;0
112;129;0
6;26;0
6;26;0
6;26;0
6;26;0
6;26;0
6;26;0
80;91;0
80;91;0
142;150;0
142;150;0
98;105;0
98;105;0
120;139;0
120;139;0
136;143;0
136;143;0
4;27;0
4;27;0
4;27;0
4;27;0
4;27;0
4;27;0
108;126;0
108;126;0
118;124;0
118;124;0
112;130;0
112;130;0
140;153;0
140;153;0
110;126;0
110;126;0
6;26;0
6;26;0
6;26;0
6;26;0
250;178;0
250;178;0
122;145;0
122;145;0
112;130;0
112;130;0
112;130;0
112;130;0
112;130;0
112;130;0
8;26;0
8;26;0
8;26;0
8;26;0
8;26;0
8;26;0
134;153;0
134;153;0
120;129;0
120;129;0
102;120;0
102;120;0
102;120;0
110;125;0
110;125;0
116;131;0
116;131;0
6;26;0
6;26;0
6;26;0
6;26;0
6;26;0
6;26;0
128;144;0
128;144;0
104;118;0
104;118;0
104;118;0
104;118;0
112;116;0
112;116;0
98;111;0
98;111;0
4;27;0
4;27;0
4;27;0
4;27;0
4;27;0
4;27;0
106;116;0
106;116;0
94;115;0
94;115;0
132;142;0
132;142;0
102;109;0
102;109;0
102;109;0
102;109;0
8;26;0
8;26;0
8;26;0
8;26;0
152;155;0
152;155;0
102;109;0
102;109;0
136;151;0
136;151;0
128;140;0
128;140;0
102;115;0
102;115;0
6;26;0
6;26;0
6;26;0
6;26;0
6;26;0
6;26;0
104;125;0
104;125;0
104;125;0
104;125;0
124;123;0
124;123;0
100;115;0
100;115;0
136;149;0
136;149;0
6;26;0
6;26;0
6;26;0
6;26;0
6;26;0
6;26;0
110;130;0
110;130;0
124;136;0
124;136;0
104;105;0
104;105;0
104;105;0
104;105;0
104;105;0
104;105;0
6;26;0
6;26;0
6;26;0
6;26;0
42;0;0
42;0;0
140;141;0
140;141;0
104;107;0
104;107;0
90;107;0
90;107;0
128;140;0
128;140;0
12;29;0
12;29;0
6;26;0
6;26;0
6;26;0
6;26;0
76;0;0
76;0;0
122;133;0
122;133;0
114;128;0
114;128;0
104;125;0
104;125;0
104;125;0
104;125;0
46;78;0
46;78;0
6;26;0
6;26;0
6;26;0
6;26;0
164;148;0
164;148;0
96;119;0
96;119;0
96;119;0
96;119;0
130;136;0
130;136;0
32;0;0
32;0;0
136;137;0
136;137;0
118;123;0
118;123;0
118;123;0
118;123;0
136;137;0
136;137;0
28;14;0
28;14;0
28;14;0
28;14;0
20;10;0
20;10;0
98;105;0
98;105;0
112;123;0
112;123;0
104;99;0
104;99;0
116;125;0
116;125;0
88;83;0
88;83;0
16;16;0
16;16;0
16;16;0
16;16;0
16;16;0
16;16;0
118;131;0
118;131;0
92;99;0
92;99;0
78;75;0
78;75;0
106;123;0
106;123;0
106;123;0
106;123;0
16;8;0
16;8;0
16;8;0
16;8;0
282;240;0
282;240;0
248;156;0
248;156;0
108;109;0
108;109;0
120;122;0
120;122;0
102;120;0
102;120;0
108;120;0
108;120;0
82;77;0
82;77;0
68;72;0
68;72;0
68;72;0
68;72;0
68;72;0
68;72;0
68;72;0
68;72;0
68;72;0
68;72;0
736;585;0
736;585;0
112;103;0
112;103;0
22;4;0
22;4;0
22;4;0
22;4;0
22;4;0
22;4;0
22;4;0
22;4;0
22;4;0
22;4;0
22;4;0
22;4;0
22;4;0
22;4;0
22;4;0
22;4;0
14;11;0
14;11;0
14;11;0
14;11;0
14;11;0
14;11;0
20;10;0
20;10;0
12;13;0
12;13;0
56;52;0
56;52;0
62;71;0
62;71;0
62;71;0
62;71;0
74;85;0
74;85;0
66;74;0
66;74;0
12;24;0
12;24;0
12;24;0
12;24;0
12;24;0
12;24;0
54;66;0
54;66;0
64;75;0
64;75;0
64;75;0
64;75;0
64;75;0
64;75;0
64;75;0
64;75;0
16;16;0
16;16;0
16;16;0
16;16;0
16;16;0
16;16;0
72;74;0
72;74;0
46;49;0
46;49;0
96;94;0
96;94;0
56;58;0
56;58;0
92;104;0
92;104;0
14;18;0
14;18;0
14;18;0
14;18;0
116;126;0
116;126;0
68;72;0
68;72;0
82;77;0
82;77;0
98;93;0
98;93;0
64;63;0
64;63;0
78;75;0
78;75;0
16;16;0
16;16;0
16;16;0
16;16;0
138;130;0
138;130;0
98;100;0
98;100;0
104;119;0
104;119;0
78;75;0
78;75;0
86;86;0
86;86;0
14;18;0
14;18;0
14;18;0
14;18;0
14;18;0
14;18;0
88;96;0
88;96;0
98;99;0
98;99;0
116;119;0
116;119;0
108;114;0
108;114;0
102;101;0
102;101;0
14;17;0
14;17;0
14;17;0
14;17;0
14;17;0
14;17;0
130;148;0
130;148;0
120;133;0
120;133;0
98;105;0
98;105;0
160;157;0
160;157;0
128;132;0
128;132;0
16;16;0
16;16;0
16;16;0
16;16;0
84;0;0
84;0;0
164;154;0
164;154;0
100;128;0
100;128;0
94;115;0
94;115;0
168;170;0
168;170;0
10;30;0
10;30;0
10;30;0
10;30;0
10;30;0
10;30;0
194;207;0
194;207;0
118;124;0
118;124;0
112;136;0
112;136;0
124;143;0
124;143;0
124;143;0
124;143;0
6;26;0
6;26;0
6;26;0
6;26;0
6;26;0
6;26;0
96;107;0
96;107;0
114;139;0
114;139;0
142;168;0
142;168;0
178;164;0
178;164;0
94;126;0
94;126;0
6;26;0
6;26;0
6;26;0
6;26;0
6;26;0
6;26;0
108;120;0
108;120;0
136;155;0
136;155;0
108;132;0
108;132;0
120;139;0
120;139;0
128;138;0
128;138;0
4;27;0
4;27;0
4;27;0
4;27;0
154;192;0
154;192;0
140;158;0
140;158;0
176;173;0
176;173;0
102;120;0
102;120;0
132;148;0
132;148;0
6;26;0
6;26;0
6;26;0
6;26;0
6;26;0
6;26;0
140;159;0
140;159;0
150;168;0
150;168;0
122;107;0
122;107;0
94;103;0
94;103;0
142;151;0
142;151;0
10;30;0
10;30;0
10;30;0
10;30;0
10;30;0
10;30;0
136;161;0
136;161;0
126;122;0
126;122;0
108;114;0
108;114;0
116;137;0
116;137;0
154;169;0
154;169;0
6;26;0
6;26;0
6;26;0
6;26;0
6;26;0
6;26;0
134;151;0
134;151;0
120;128;0
120;128;0
114;133;0
114;133;0
126;146;0
126;146;0
146;164;0
146;164;0
6;26;0
6;26;0
6;26;0
6;26;0
196;205;0
196;205;0
142;139;0
142;139;0
92;99;0
92;99;0
116;138;0
116;138;0
136;157;0
136;157;0
100;116;0
100;116;0
6;26;0
6;26;0
6;26;0
6;26;0
214;207;0
214;207;0
116;126;0
116;126;0
106;117;0
106;117;0
136;145;0
136;145;0
124;143;0
124;143;0
6;26;0
6;26;0
6;26;0
6;26;0
6;26;0
6;26;0
92;110;0
92;110;0
114;133;0
114;133;0
126;134;0
126;134;0
110;118;0
110;118;0
102;120;0
102;120;0
6;26;0
6;26;0
6;26;0
6;26;0
6;26;0
6;26;0
86;109;0
86;109;0
120;140;0
120;140;0
132;135;0
132;135;0
106;122;0
106;122;0
120;145;0
120;145;0
6;26;0
6;26;0
6;26;0
6;26;0
234;287;0
234;287;0
116;133;0
116;133;0
148;152;0
148;152;0
114;128;0
114;128;0
142;139;0
142;139;0
6;26;0
6;26;0
6;26;0
6;26;0
6;26;0
6;26;0
152;161;0
152;161;0
152;161;0
152;161;0
108;115;0
108;115;0
136;151;0
136;151;0
156;163;0
156;163;0
6;26;0
6;26;0
6;26;0
6;26;0
6;26;0
6;26;0
152;177;0
152;177;0
128;132;0
128;132;0
104;112;0
104;112;0
120;134;0
120;134;0
120;134;0
120;134;0
4;27;0
4;27;0
4;27;0
4;27;0
4;27;0
4;27;0
156;155;0
156;155;0
120;134;0
120;134;0
120;134;0
120;134;0
142;162;0
142;162;0
38;71;0
38;71;0
6;26;0
6;26;0
6;26;0
6;26;0
166;185;0
166;185;0
108;133;0
108;133;0
100;116;0
100;116;0
148;152;0
148;152;0
122;139;0
122;139;0
110;120;0
110;120;0
6;26;0
6;26;0
6;26;0
6;26;0
216;218;0
216;218;0
100;104;0
100;104;0
114;140;0
114;140;0
138;149;0
138;149;0
110;114;0
110;114;0
6;26;0
6;26;0
6;26;0
6;26;0
6;26;0
6;26;0
92;110;0
92;110;0
136;155;0
136;155;0
146;146;0
146;146;0
106;122;0
106;122;0
120;134;0
120;134;0
6;26;0
6;26;0
6;26;0
6;26;0
146;171;0
146;171;0
146;171;0
146;171;0
120;128;0
120;128;0
126;140;0
126;140;0
110;131;0
110;131;0
148;152;0
148;152;0
6;26;0
6;26;0
6;26;0
6;26;0
158;161;0
158;161;0
158;161;0
158;161;0
122;121;0
122;121;0
148;146;0
148;146;0
148;146;0
148;146;0
28;15;0
28;15;0
28;15;0
28;15;0
28;15;0
28;15;0
140;141;0
140;141;0
110;101;0
110;101;0
110;101;0
110;101;0
110;101;0
110;101;0
66;91;0
66;91;0
18;13;0
18;13;0
18;13;0
18;13;0
18;13;0
18;13;0
124;124;0
124;124;0
78;87;0
78;87;0
130;137;0
130;137;0
118;117;0
118;117;0
86;92;0
86;92;0
86;92;0
86;92;0
76;83;0
76;83;0
76;83;0
76;83;0
76;83;0
76;83;0
284;213;0
284;213;0
24;12;0
24;12;0
24;12;0
24;12;0
16;8;0
16;8;0
22;16;0
22;16;0
22;16;0
22;16;0
16;16;0
16;16;0
16;16;0
16;16;0
16;16;0
16;16;0
16;16;0
16;16;0
16;16;0
16;16;0
50;46;0
50;46;0
64;76;0
64;76;0
72;87;0
72;87;0
78;94;0
78;94;0
86;99;0
86;99;0
86;99;0
86;99;0
70;64;0
70;64;0
76;77;0
76;77;0
70;57;0
70;57;0
84;68;0
84;68;0
78;81;0
78;81;0
78;81;0
78;81;0
70;76;0
70;76;0
62;71;0
62;71;0
62;71;0
62;71;0
62;71;0
62;71;0
554;492;0
554;492;0
112;104;0
112;104;0
102;102;0
102;102;0
164;191;0
164;191;0
188;227;0
188;227;0
194;215;0
194;215;0
296;198;0
296;198;0
296;198;0
296;198;0
288;328;0
288;328;0
356;398;0
356;398;0
190;275;0
190;275;0
240;219;0
240;219;0
444;391;0
444;391;0
562;472;0
562;472;0
264;283;0
264;283;0
332;262;0
332;262;0
592;518;0
592;518;0
456;404;0
456;404;0
476;388;0
476;388;0
440;415;0
440;415;0
214;239;0
214;239;0
248;263;0
248;263;0
256;259;0
256;259;0
246;256;0
246;256;0
258;224;0
258;224;0
228;254;0
228;254;0
256;246;0
256;246;0
248;241;0
248;241;0
240;237;0
240;237;0
234;236;0
234;236;0
234;236;0
234;236;0
234;236;0
234;236;0
234;236;0
234;236;0
234;236;0
234;236;0
248;248;0
248;248;0
232;253;0
232;253;0
226;246;0
226;246;0
226;246;0
226;246;0
240;245;0
240;245;0
234;239;0
234;239;0
228;245;0
228;245;0
240;233;0
240;233;0
232;247;0
232;247;0
232;247;0
232;247;0
232;247;0
232;247;0
232;247;0
232;247;0
232;247;0
232;247;0
232;247;0
232;247;0
224;242;0
224;242;0
78;94;0
78;94;0
20;11;0
20;11;0
14;11;0
14;11;0
14;11;0
14;11;0
14;11;0
14;11;0
14;11;0
14;11;0
14;11;0
14;11;0
14;11;0
14;11;0
14;11;0
14;11;0
20;10;0
20;10;0
14;11;0
14;11;0
14;11;0
14;11;0
14;11;0
14;11;0
14;11;0
14;11;0
14;11;0
14;11;0
14;11;0
14;11;0
14;11;0
14;11;0
14;11;0
14;11;0
14;11;0
14;11;0
14;11;0
14;11;0
14;11;0
14;11;0
20;10;0
20;10;0
14;11;0
14;11;0
14;11;0
14;11;0
14;11;0
14;11;0
14;11;0
14;11;0
14;11;0
14;11;0
14;11;0
14;11;0
14;11;0
14;11;0
14;11;0
14;11;0
20;10;0
20;10;0
12;13;0
12;13;0
12;13;0
12;13;0
12;13;0
12;13;0
18;13;0
18;13;0
30;39;0
30;39;0
30;39;0
30;39;0
56;70;0
56;70;0
26;37;0
26;37;0
48;53;0
48;53;0
16;16;0
16;16;0
16;16;0
16;16;0
16;16;0
16;16;0
46;43;0
46;43;0
58;63;0
58;63;0
48;53;0
48;53;0
48;53;0
48;53;0
54;54;0
54;54;0
14;18;0
14;18;0
14;18;0
14;18;0
68;78;0
68;78;0
58;63;0
58;63;0
58;63;0
58;63;0
58;63;0
58;63;0
58;63;0
58;63;0
58;63;0
58;63;0
16;16;0
16;16;0
16;16;0
16;16;0
80;92;0
80;92;0
58;69;0
58;69;0
58;69;0
58;69;0
66;74;0
66;74;0
60;68;0
60;68;0
10;25;0
10;25;0
10;25;0
10;25;0
10;25;0
10;25;0
54;60;0
54;60;0
54;60;0
54;60;0
54;60;0
54;60;0
82;77;0
82;77;0
82;77;0
82;77;0
16;16;0
16;16;0
16;16;0
16;16;0
16;16;0
16;16;0
84;94;0
84;94;0
84;94;0
84;94;0
84;94;0
84;94;0
68;72;0
68;72;0
46;72;0
46;72;0
14;18;0
14;18;0
14;18;0
14;18;0
14;18;0
14;18;0
102;121;0
102;121;0
82;84;0
82;84;0
92;99;0
92;99;0
92;99;0
92;99;0
38;50;0
38;50;0
16;16;0
16;16;0
16;16;0
16;16;0
142;151;0
142;151;0
102;96;0
102;96;0
130;144;0
130;144;0
90;95;0
90;95;0
100;98;0
100;98;0
14;18;0
14;18;0
14;18;0
14;18;0
14;18;0
14;18;0
112;104;0
112;104;0
104;112;0
104;112;0
110;118;0
110;118;0
130;136;0
130;136;0
116;112;0
116;112;0
14;18;0
14;18;0
14;18;0
14;18;0
14;18;0
14;18;0
98;92;0
98;92;0
148;144;0
148;144;0
168;157;0
168;157;0
158;161;0
158;161;0
132;142;0
132;142;0
16;16;0
16;16;0
16;16;0
16;16;0
146;154;0
146;154;0
146;154;0
146;154;0
158;161;0
158;161;0
144;168;0
144;168;0
152;160;0
152;160;0
6;26;0
6;26;0
6;26;0
6;26;0
6;26;0
6;26;0
164;180;0
164;180;0
156;150;0
156;150;0
144;162;0
144;162;0
120;129;0
120;129;0
150;192;0
150;192;0
6;26;0
6;26;0
6;26;0
6;26;0
6;26;0
6;26;0
144;172;0
144;172;0
168;168;0
168;168;0
134;151;0
134;151;0
116;119;0
116;119;0
144;160;0
144;160;0
6;26;0
6;26;0
6;26;0
6;26;0
6;26;0
6;26;0
130;148;0
130;148;0
130;148;0
130;148;0
156;169;0
156;169;0
148;158;0
148;158;0
52;95;0
52;95;0
6;26;0
6;26;0
6;26;0
6;26;0
6;26;0
6;26;0
128;134;0
128;134;0
138;143;0
138;143;0
138;143;0
138;143;0
138;143;0
138;143;0
152;160;0
152;160;0
6;26;0
6;26;0
6;26;0
6;26;0
176;168;0
176;168;0
128;146;0
128;146;0
146;160;0
146;160;0
146;160;0
146;160;0
120;121;0
120;121;0
6;26;0
6;26;0
6;26;0
6;26;0
6;26;0
6;26;0
130;156;0
130;156;0
120;129;0
120;129;0
162;163;0
162;163;0
138;147;0
138;147;0
118;135;0
118;135;0
6;26;0
6;26;0
6;26;0
6;26;0
190;209;0
190;209;0
122;144;0
122;144;0
166;183;0
166;183;0
132;141;0
132;141;0
126;140;0
126;140;0
168;187;0
168;187;0
6;26;0
6;26;0
6;26;0
6;26;0
264;212;0
264;212;0
172;179;0
172;179;0
130;150;0
130;150;0
118;131;0
118;131;0
132;160;0
132;160;0
16;37;0
16;37;0
6;26;0
6;26;0
6;26;0
6;26;0
134;164;0
134;164;0
118;131;0
118;131;0
134;146;0
134;146;0
146;172;0
146;172;0
124;136;0
124;136;0
6;26;0
6;26;0
6;26;0
6;26;0
6;26;0
6;26;0
218;219;0
218;219;0
126;134;0
126;134;0
152;165;0
152;165;0
140;152;0
140;152;0
132;147;0
132;147;0
6;26;0
6;26;0
6;26;0
6;26;0
6;26;0
6;26;0
110;125;0
110;125;0
130;137;0
130;137;0
170;186;0
170;186;0
124;137;0
124;137;0
152;160;0
152;160;0
6;26;0
6;26;0
6;26;0
6;26;0
160;177;0
160;177;0
134;146;0
134;146;0
158;179;0
158;179;0
148;158;0
148;158;0
128;140;0
128;140;0
6;26;0
6;26;0
6;26;0
6;26;0
6;26;0
6;26;0
134;146;0
134;146;0
144;174;0
144;174;0
160;165;0
160;165;0
136;144;0
136;144;0
144;160;0
144;160;0
6;26;0
6;26;0
6;26;0
6;26;0
6;26;0
6;26;0
116;143;0
116;143;0
154;181;0
154;181;0
120;127;0
120;127;0
128;151;0
128;151;0
148;139;0
148;139;0
6;26;0
6;26;0
6;26;0
6;26;0
6;26;0
6;26;0
176;181;0
176;181;0
124;149;0
124;149;0
148;151;0
148;151;0
168;188;0
168;188;0
132;136;0
132;136;0
6;26;0
6;26;0
6;26;0
6;26;0
6;26;0
6;26;0
124;143;0
124;143;0
156;163;0
156;163;0
132;148;0
132;148;0
122;133;0
122;133;0
136;144;0
136;144;0
6;26;0
6;26;0
6;26;0
6;26;0
142;145;0
142;145;0
134;152;0
134;152;0
154;171;0
154;171;0
146;170;0
146;170;0
146;170;0
146;170;0
6;26;0
6;26;0
6;26;0
6;26;0
6;26;0
6;26;0
124;130;0
124;130;0
148;156;0
148;156;0
130;136;0
130;136;0
130;136;0
130;136;0
130;136;0
130;136;0
6;26;0
6;26;0
6;26;0
6;26;0
262;286;0
262;286;0
150;174;0
150;174;0
164;174;0
164;174;0
140;127;0
140;127;0
134;146;0
134;146;0
148;158;0
148;158;0
6;26;0
6;26;0
6;26;0
6;26;0
66;0;0
66;0;0
146;147;0
146;147;0
128;146;0
128;146;0
136;151;0
136;151;0
146;160;0
146;160;0
62;105;0
62;105;0
6;26;0
6;26;0
6;26;0
6;26;0
232;240;0
232;240;0
114;145;0
114;145;0
160;164;0
160;164;0
126;134;0
126;134;0
126;134;0
126;134;0
6;26;0
6;26;0
6;26;0
6;26;0
6;26;0
6;26;0
228;209;0
228;209;0
128;150;0
128;150;0
162;180;0
162;180;0
138;153;0
138;153;0
138;153;0
138;153;0
6;26;0
6;26;0
6;26;0
6;26;0
6;26;0
6;26;0
124;131;0
124;131;0
132;148;0
132;148;0
138;148;0
138;148;0
110;131;0
110;131;0
152;160;0
152;160;0
6;26;0
6;26;0
6;26;0
6;26;0
162;182;0
162;182;0
120;140;0
120;140;0
144;143;0
144;143;0
144;143;0
144;143;0
112;141;0
112;141;0
6;26;0
6;26;0
6;26;0
6;26;0
6;26;0
6;26;0
126;147;0
126;147;0
158;167;0
158;167;0
140;139;0
140;139;0
124;136;0
124;136;0
170;185;0
170;185;0
6;26;0
6;26;0
6;26;0
6;26;0
6;26;0
6;26;0
132;158;0
132;158;0
148;162;0
148;162;0
158;154;0
158;154;0
132;123;0
132;123;0
160;159;0
160;159;0
6;26;0
6;26;0
6;26;0
6;26;0
6;26;0
6;26;0
156;162;0
156;162;0
128;133;0
128;133;0
146;160;0
146;160;0
138;161;0
138;161;0
106;157;0
106;157;0
6;26;0
6;26;0
6;26;0
6;26;0
224;228;0
224;228;0
114;115;0
114;115;0
114;115;0
114;115;0
164;167;0
164;167;0
116;119;0
116;119;0
140;199;0
140;199;0
6;26;0
6;26;0
6;26;0
6;26;0
152;160;0
152;160;0
128;156;0
128;156;0
166;176;0
166;176;0
146;181;0
146;181;0
112;128;0
112;128;0
6;26;0
6;26;0
6;26;0
6;26;0
6;26;0
6;26;0
122;131;0
122;131;0
140;157;0
140;157;0
126;141;0
126;141;0
144;155;0
144;155;0
130;161;0
130;161;0
4;27;0
4;27;0
4;27;0
4;27;0
286;267;0
286;267;0
178;191;0
178;191;0
152;153;0
152;153;0
138;148;0
138;148;0
138;148;0
138;148;0
22;16;0
22;16;0
172;165;0
172;165;0
152;153;0
152;153;0
152;153;0
152;153;0
164;154;0
164;154;0
28;14;0
28;14;0
28;14;0
28;14;0
28;14;0
28;14;0
142;131;0
142;131;0
142;131;0
142;131;0
110;106;0
110;106;0
122;113;0
122;113;0
116;124;0
116;124;0
18;13;0
18;13;0
18;13;0
18;13;0
18;13;0
18;13;0
104;117;0
104;117;0
116;118;0
116;118;0
18;13;0
18;13;0
100;115;0
100;115;0
128;137;0
128;137;0
120;128;0
120;128;0
120;128;0
120;128;0
96;113;0
96;113;0
78;61;0
78;61;0
70;63;0
70;63;0
78;68;0
78;68;0
68;78;0
68;78;0
60;67;0
60;67;0
898;718;0
898;718;0
62;65;0
62;65;0
22;5;0
22;5;0
22;5;0
22;5;0
16;16;0
16;16;0
16;16;0
16;16;0
16;16;0
16;16;0
22;16;0
22;16;0
22;16;0
22;16;0
30;27;0
30;27;0
14;11;0
14;11;0
14;11;0
14;11;0
14;11;0
14;11;0
74;79;0
74;79;0
16;8;0
16;8;0
16;8;0
16;8;0
140;169;0
140;169;0
74;72;0
74;72;0
74;72;0
74;72;0
74;72;0
74;72;0
84;93;0
84;93;0
78;67;0
78;67;0
64;75;0
64;75;0
64;75;0
64;75;0
72;74;0
72;74;0
66;73;0
66;73;0
400;351;0
400;351;0
862;616;0
862;616;0
52;62;0
52;62;0
22;4;0
22;4;0
22;4;0
22;4;0
22;4;0
22;4;0
16;16;0
16;16;0
16;16;0
16;16;0
16;16;0
16;16;0
6;26;0
6;26;0
6;26;0
6;26;0
6;26;0
6;26;0
6;26;0
6;26;0
6;26;0
6;26;0
6;26;0
6;26;0
6;26;0
6;26;0
6;26;0
6;26;0
6;26;0
6;26;0
6;26;0
6;26;0
6;26;0
6;26;0
6;26;0
6;26;0
6;26;0
6;26;0
6;26;0
6;26;0
276;242;0
276;242;0
66;79;0
66;79;0
6;26;0
6;26;0
6;26;0
6;26;0
6;26;0
6;26;0
48;65;0
48;65;0
142;151;0
142;151;0
58;63;0
58;63;0
58;63;0
58;63;0
58;63;0
58;63;0
64;70;0
64;70;0
64;70;0
64;70;0
72;68;0
72;68;0
62;77;0
62;77;0
68;72;0
68;72;0
56;59;0
56;59;0
56;59;0
56;59;0
644;582;0
644;582;0
482;406;0
482;406;0
82;84;0
82;84;0
18;14;0
18;14;0
18;14;0
18;14;0
18;14;0
18;14;0
18;14;0
18;14;0
18;14;0
18;14;0
18;14;0
18;14;0
12;13;0
12;13;0
6;26;0
6;26;0
6;26;0
6;26;0
6;26;0
6;26;0
6;26;0
6;26;0
6;26;0
6;26;0
6;26;0
6;26;0
6;26;0
6;26;0
6;26;0
6;26;0
6;26;0
6;26;0
6;26;0
6;26;0
6;26;0
6;26;0
6;26;0
6;26;0
36;51;0
36;51;0
36;51;0
36;51;0
4;27;0
4;27;0
4;27;0
4;27;0
48;65;0
48;65;0
58;75;0
58;75;0
6;26;0
6;26;0
6;26;0
6;26;0
70;0;0
70;0;0
56;71;0
56;71;0
234;106;0
234;106;0
44;45;0
44;45;0
72;68;0
72;68;0
72;68;0
72;68;0
72;68;0
72;68;0
54;61;0
54;61;0
54;61;0
54;61;0
70;76;0
70;76;0
62;77;0
62;77;0
68;59;0
68;59;0
54;60;0
54;60;0
590;422;0
590;422;0
426;410;0
426;410;0
208;259;0
208;259;0
216;269;0
216;269;0
338;340;0
338;340;0
680;561;0
680;561;0
252;261;0
252;261;0
278;328;0
278;328;0
642;509;0
642;509;0
436;406;0
436;406;0
462;396;0
462;396;0
440;388;0
440;388;0
452;387;0
452;387;0
434;382;0
434;382;0
410;375;0
410;375;0
422;407;0
422;407;0
422;407;0
422;407;0
458;422;0
458;422;0
478;399;0
478;399;0
484;464;0
484;464;0
484;464;0
484;464;0
338;311;0
338;311;0
352;335;0
352;335;0
362;325;0
362;325;0
352;335;0
352;335;0
358;329;0
358;329;0
352;329;0
352;329;0
338;328;0
338;328;0
354;317;0
354;317;0
342;336;0
342;336;0
336;329;0
336;329;0
326;333;0
326;333;0
336;323;0
336;323;0
342;330;0
342;330;0
342;330;0
342;330;0
394;359;0
394;359;0
326;301;0
326;301;0
548;482;0
548;482;0
542;476;0
542;476;0
564;491;0
564;491;0
584;509;0
584;509;0
624;538;0
624;538;0
648;549;0
648;549;0
670;553;0
670;553;0
688;573;0
688;573;0
708;592;0
708;592;0
708;592;0
708;592;0
726;611;0
726;611;0
756;626;0
756;626;0
780;638;0
780;638;0
772;640;0
772;640;0
794;649;0
794;649;0
760;627;0
760;627;0
614;535;0
614;535;0
588;517;0
588;517;0
624;543;0
624;543;0
630;536;0
630;536;0
624;529;0
624;529;0
618;523;0
618;523;0
618;523;0
618;523;0
618;523;0
618;523;0
618;523;0
618;523;0
602;520;0
602;520;0
602;520;0
602;520;0
596;528;0
596;528;0
596;528;0
596;528;0
596;528;0
596;528;0
596;528;0
596;528;0
588;530;0
588;530;0
594;489;0
594;489;0
594;489;0
594;489;0
594;489;0
594;489;0
588;502;0
588;502;0
594;515;0
594;515;0
588;503;0
588;503;0
594;497;0
594;497;0
572;514;0
572;514;0
578;508;0
578;508;0
578;508;0
578;508;0
578;508;0
578;508;0
578;508;0
578;508;0
578;508;0
578;508;0
578;508;0
578;508;0
566;501;0
566;501;0
572;508;0
572;508;0
572;508;0
572;508;0
572;508;0
572;508;0
572;508;0
572;508;0
584;502;0
584;502;0
584;502;0
584;502;0
566;495;0
566;495;0
576;491;0
576;491;0
566;508;0
566;508;0
572;502;0
572;502;0
572;502;0
572;502;0
584;494;0
584;494;0
576;497;0
576;497;0
576;497;0
576;497;0
576;497;0
576;497;0
576;497;0
576;497;0
570;497;0
570;497;0
562;493;0
562;493;0
580;499;0
580;499;0
574;504;0
574;504;0
574;504;0
574;504;0
574;504;0
574;504;0
566;494;0
566;494;0
572;481;0
572;481;0
566;494;0
566;494;0
566;494;0
566;494;0
576;483;0
576;483;0
564;503;0
564;503;0
564;503;0
564;503;0
564;503;0
564;503;0
572;507;0
572;507;0
566;494;0
566;494;0
576;489;0
576;489;0
554;499;0
554;499;0
554;499;0
554;499;0
566;495;0
566;495;0
554;488;0
554;488;0
562;485;0
562;485;0
562;485;0
562;485;0
562;485;0
562;485;0
554;482;0
554;482;0
554;482;0
554;482;0
554;482;0
554;482;0
560;480;0
560;480;0
548;487;0
548;487;0
548;487;0
548;487;0
548;487;0
548;487;0
560;494;0
560;494;0
568;477;0
568;477;0
546;481;0
546;481;0
36;34;0
36;34;0
16;8;0
16;8;0
16;8;0
16;8;0
16;8;0
16;8;0
16;8;0
16;8;0
16;8;0
16;8;0
16;8;0
16;8;0
16;8;0
16;8;0
16;8;0
16;8;0
16;8;0
16;8;0
16;8;0
16;8;0
16;8;0
16;8;0
16;8;0
16;8;0
16;8;0
16;8;0
16;8;0
16;8;0
16;8;0
16;8;0
16;8;0
16;8;0
16;8;0
16;8;0
16;8;0
16;8;0
16;8;0
16;8;0
16;8;0
16;8;0
16;8;0
16;8;0
16;8;0
16;8;0
16;8;0
16;8;0
16;8;0
16;8;0
16;8;0
16;8;0
16;8;0
16;8;0
16;8;0
16;8;0
16;8;0
16;8;0
16;8;0
16;8;0
16;8;0
16;8;0
6;26;0
6;26;0
6;26;0
6;26;0
6;26;0
6;26;0
6;26;0
6;26;0
6;26;0
6;26;0
6;26;0
6;26;0
6;26;0
6;26;0
6;26;0
6;26;0
6;26;0
6;26;0
6;26;0
6;26;0
6;26;0
6;26;0
6;26;0
6;26;0
6;26;0
6;26;0
6;26;0
6;26;0
48;91;0
48;91;0
28;41;0
28;41;0
6;26;0
6;26;0
6;26;0
6;26;0
6;26;0
6;26;0
18;31;0
18;31;0
44;57;0
44;57;0
4;27;0
4;27;0
4;27;0
4;27;0
32;43;0
32;43;0
38;50;0
38;50;0
30;45;0
30;45;0
8;26;0
8;26;0
8;26;0
8;26;0
8;26;0
8;26;0
38;56;0
38;56;0
38;56;0
38;56;0
6;26;0
6;26;0
6;26;0
6;26;0
36;52;0
36;52;0
36;52;0
36;52;0
6;26;0
6;26;0
6;26;0
6;26;0
280;273;0
280;273;0
40;54;0
40;54;0
4;27;0
4;27;0
4;27;0
4;27;0
4;27;0
4;27;0
42;53;0
42;53;0
32;44;0
32;44;0
4;27;0
4;27;0
4;27;0
4;27;0
34;47;0
34;47;0
40;54;0
40;54;0
4;27;0
4;27;0
4;27;0
4;27;0
130;209;0
130;209;0
38;50;0
38;50;0
6;26;0
6;26;0
6;26;0
6;26;0
6;26;0
6;26;0
38;55;0
38;55;0
4;27;0
4;27;0
4;27;0
4;27;0
4;27;0
4;27;0
34;47;0
34;47;0
42;53;0
42;53;0
6;26;0
6;26;0
6;26;0
6;26;0
128;43;0
128;43;0
42;58;0
42;58;0
6;26;0
6;26;0
6;26;0
6;26;0
6;26;0
6;26;0
30;39;0
30;39;0
4;27;0
4;27;0
4;27;0
4;27;0
4;27;0
4;27;0
42;53;0
42;53;0
6;26;0
6;26;0
6;26;0
6;26;0
6;26;0
6;26;0
36;51;0
36;51;0
28;46;0
28;46;0
6;26;0
6;26;0
6;26;0
6;26;0
42;58;0
42;58;0
42;58;0
42;58;0
4;26;0
4;26;0
4;26;0
4;26;0
4;26;0
4;26;0
34;52;0
34;52;0
6;26;0
6;26;0
6;26;0
6;26;0
6;26;0
6;26;0
34;47;0
34;47;0
26;47;0
26;47;0
6;26;0
6;26;0
6;26;0
6;26;0
44;57;0
44;57;0
38;56;0
38;56;0
6;26;0
6;26;0
6;26;0
6;26;0
78;137;0
78;137;0
42;58;0
42;58;0
6;26;0
6;26;0
6;26;0
6;26;0
34;12;0
34;12;0
44;62;0
44;62;0
4;27;0
4;27;0
4;27;0
4;27;0
4;27;0
4;27;0
42;58;0
42;58;0
34;47;0
34;47;0
4;27;0
4;27;0
4;27;0
4;27;0
36;51;0
36;51;0
36;51;0
36;51;0
6;26;0
6;26;0
6;26;0
6;26;0
256;180;0
256;180;0
50;63;0
50;63;0
4;27;0
4;27;0
4;27;0
4;27;0
4;27;0
4;27;0
36;52;0
36;52;0
6;26;0
6;26;0
6;26;0
6;26;0
6;26;0
6;26;0
44;57;0
44;57;0
44;57;0
44;57;0
6;26;0
6;26;0
6;26;0
6;26;0
82;24;0
82;24;0
32;54;0
32;54;0
4;22;0
