96;119;0
96;119;0
36;52;0
36;52;0
52;56;0
52;56;0
32;44;0
32;44;0
42;47;0
42;47;0
16;16;0
16;16;0
16;16;0
16;16;0
16;16;0
16;16;0
16;16;0
16;16;0
16;16;0
16;16;0
16;16;0
16;16;0
16;16;0
16;16;0
16;16;0
16;16;0
16;16;0
16;16;0
16;16;0
16;16;0
16;16;0
16;16;0
16;16;0
16;16;0
16;16;0
16;16;0
16;16;0
16;16;0
16;16;0
16;16;0
16;16;0
16;16;0
16;16;0
16;16;0
16;16;0
16;16;0
60;61;0
60;61;0
42;53;0
42;53;0
42;53;0
42;53;0
36;57;0
36;57;0
24;48;0
24;48;0
6;26;0
6;26;0
6;26;0
6;26;0
62;88;0
62;88;0
42;47;0
42;47;0
78;87;0
78;87;0
44;57;0
44;57;0
76;95;0
76;95;0
30;10;0
30;10;0
72;68;0
72;68;0
46;43;0
46;43;0
76;77;0
76;77;0
56;65;0
56;65;0
86;86;0
86;86;0
48;65;0
48;65;0
78;81;0
78;81;0
44;45;0
44;45;0
92;99;0
92;99;0
82;84;0
82;84;0
90;95;0
90;95;0
82;84;0
82;84;0
6;26;0
6;26;0
110;119;0
110;119;0
86;98;0
86;98;0
92;111;0
92;111;0
74;96;0
74;96;0
6;26;0
6;26;0
6;26;0
6;26;0
104;0;0
104;0;0
98;123;0
98;123;0
98;123;0
98;123;0
92;105;0
92;105;0
92;105;0
92;105;0
8;26;0
8;26;0
8;26;0
8;26;0
122;139;0
122;139;0
100;110;0
100;110;0
86;86;0
86;86;0
100;104;0
100;104;0
100;104;0
100;104;0
100;104;0
100;104;0
92;93;0
92;93;0
116;132;0
116;132;0
78;99;0
78;99;0
116;132;0
116;132;0
122;132;0
122;132;0
114;121;0
114;121;0
114;121;0
114;121;0
106;88;2500
106;88;2500
216;141;2500
216;141;2500
188;143;2500
188;143;2500
172;176;2500
172;176;2500
202;0;2500
202;0;2500
70;0;2500
70;0;2500
70;0;2500
70;0;2500
180;41;2500
180;41;2500
180;41;2500
180;41;2500
194;0;2500
194;0;2500
180;207;2500
180;207;2500
166;122;2500
166;122;2500
194;148;2500
194;148;2500
66;116;2500
66;116;2500
66;116;2500
66;116;2500
170;208;2500
170;208;2500
176;60;2500
176;60;2500
176;60;2500
176;60;2500
176;60;2500
176;60;2500
184;0;2500
184;0;2500
68;127;2500
68;127;2500
68;127;2500
68;127;2500
62;0;2500
62;0;2500
226;153;2500
226;153;2500
192;125;2500
192;125;2500
174;109;2500
174;109;2500
174;109;2500
174;109;2500
190;0;2500
190;0;2500
68;96;2500
68;96;2500
68;96;2500
68;96;2500
68;96;2500
68;96;2500
180;115;2500
180;115;2500
198;96;2500
198;96;2500
190;240;2500
190;240;2500
170;0;2500
170;0;2500
180;97;2500
180;97;2500
62;0;2500
62;0;2500
62;0;2500
62;0;2500
316;279;2500
316;279;2500
174;125;2500
174;125;2500
214;201;2500
214;201;2500
198;96;2500
198;96;2500
198;96;2500
198;96;2500
68;96;2500
68;96;2500
68;96;2500
68;96;2500
60;0;2500
60;0;2500
150;243;2500
150;243;2500
188;190;2500
188;190;2500
182;141;2500
182;141;2500
182;141;2500
182;141;2500
200;153;2500
200;153;2500
80;199;2500
80;199;2500
64;0;2500
64;0;2500
64;0;2500
64;0;2500
180;304;2500
180;304;2500
180;304;2500
180;304;2500
180;304;2500
180;304;2500
180;304;2500
180;304;2500
200;0;2500
200;0;2500
66;0;2500
66;0;2500
66;0;2500
66;0;2500
66;0;2500
66;0;2500
168;161;2500
168;161;2500
168;161;2500
168;161;2500
190;155;2500
190;155;2500
180;234;2500
180;234;2500
180;234;2500
180;234;2500
180;234;2500
180;234;2500
58;115;2500
58;115;2500
260;207;2500
260;207;2500
194;0;2500
194;0;2500
168;192;2500
168;192;2500
202;152;2500
202;152;2500
202;152;2500
202;152;2500
190;207;2500
190;207;2500
76;0;2500
76;0;2500
272;0;2500
272;0;2500
178;171;2500
178;171;2500
172;167;2500
172;167;2500
172;167;2500
172;167;2500
178;210;2500
178;210;2500
190;114;2500
190;114;2500
62;0;2500
62;0;2500
222;183;2500
222;183;2500
156;0;2500
156;0;2500
178;182;2500
178;182;2500
162;134;2500
162;134;2500
202;33;2500
202;33;2500
180;134;2500
180;134;2500
206;182;2500
206;182;2500
344;0;2500
344;0;2500
164;0;2500
164;0;2500
192;207;2500
192;207;2500
192;207;2500
192;207;2500
176;0;2500
176;0;2500
176;0;2500
176;0;2500
200;0;2500
200;0;2500
64;0;2500
64;0;2500
172;115;2500
172;115;2500
196;171;2500
196;171;2500
180;189;2500
180;189;2500
170;102;2500
170;102;2500
188;0;2500
188;0;2500
188;0;2500
188;0;2500
78;110;2500
78;110;2500
216;44;2500
216;44;2500
190;216;2500
190;216;2500
180;189;2500
180;189;2500
136;168;2500
136;168;2500
176;106;2500
176;106;2500
176;106;2500
176;106;2500
186;0;2500
186;0;2500
62;88;2500
62;88;2500
196;210;2500
196;210;2500
196;210;2500
196;210;2500
186;172;2500
186;172;2500
186;172;2500
186;172;2500
176;161;2500
176;161;2500
176;161;2500
176;161;2500
66;53;2500
66;53;2500
192;68;2500
192;68;2500
170;0;2500
170;0;2500
176;173;2500
176;173;2500
176;173;2500
176;173;2500
168;105;2500
168;105;2500
192;205;2500
192;205;2500
64;0;2500
64;0;2500
248;269;2500
248;269;2500
208;154;2500
208;154;2500
208;154;2500
208;154;2500
180;0;2500
180;0;2500
180;0;2500
180;0;2500
174;205;2500
174;205;2500
66;79;2500
66;79;2500
262;0;2500
262;0;2500
182;71;2500
182;71;2500
188;210;2500
188;210;2500
158;124;2500
158;124;2500
204;183;2500
204;183;2500
204;183;2500
204;183;2500
62;88;2500
62;88;2500
182;255;2500
182;255;2500
168;105;2500
168;105;2500
174;196;2500
174;196;2500
158;107;2500
158;107;2500
186;0;2500
186;0;2500
174;196;2500
174;196;2500
194;230;2500
194;230;2500
66;0;2500
66;0;2500
142;86;2500
142;86;2500
154;0;2500
154;0;2500
180;0;2500
180;0;2500
180;0;2500
180;0;2500
162;116;2500
162;116;2500
174;140;2500
174;140;2500
66;0;2500
66;0;2500
200;248;2500
200;248;2500
192;139;2500
192;139;2500
192;139;2500
192;139;2500
192;139;2500
192;139;2500
192;139;2500
192;139;2500
172;155;2500
172;155;2500
68;0;2500
68;0;2500
68;0;2500
68;0;2500
180;49;2500
180;49;2500
190;95;2500
190;95;2500
190;95;2500
190;95;2500
176;173;2500
176;173;2500
160;201;2500
160;201;2500
176;238;2500
176;238;2500
158;107;2500
158;107;2500
122;184;2500
122;184;2500
184;174;2500
184;174;2500
162;116;2500
162;116;2500
182;34;2500
182;34;2500
182;34;2500
182;34;2500
170;53;2500
170;53;2500
170;53;2500
170;53;2500
62;66;2500
62;66;2500
314;369;2500
314;369;2500
192;139;2500
192;139;2500
176;184;2500
176;184;2500
176;184;2500
176;184;2500
168;85;2500
168;85;2500
168;85;2500
168;85;2500
168;85;2500
168;85;2500
162;0;2500
162;0;2500
150;161;2500
150;161;2500
158;0;2500
158;0;2500
188;0;2500
188;0;2500
188;0;2500
188;0;2500
210;66;2500
210;66;2500
164;0;2500
164;0;2500
156;246;2500
156;246;2500
176;123;2500
176;123;2500
66;0;2500
66;0;2500
180;131;2500
180;131;2500
208;94;2500
208;94;2500
208;94;2500
208;94;2500
196;52;2500
196;52;2500
152;0;2500
152;0;2500
172;207;2500
172;207;2500
186;104;2500
186;104;2500
148;125;2500
148;125;2500
136;99;2500
136;99;2500
154;0;2500
154;0;2500
140;0;2500
140;0;2500
196;132;2500
196;132;2500
172;0;2500
172;0;2500
180;207;2500
180;207;2500
168;85;2500
168;85;2500
60;0;2500
60;0;2500
180;156;2500
180;156;2500
180;156;2500
180;156;2500
190;207;2500
190;207;2500
196;81;2500
196;81;2500
180;0;2500
180;0;2500
180;0;2500
180;0;2500
168;148;2500
168;148;2500
126;81;2500
126;81;2500
126;81;2500
126;81;2500
140;90;2500
140;90;2500
170;0;2500
170;0;2500
184;150;2500
184;150;2500
210;106;2500
210;106;2500
182;141;2500
182;141;2500
172;40;2500
172;40;2500
74;56;2500
74;56;2500
74;56;2500
74;56;2500
180;0;2500
180;0;2500
156;141;2500
156;141;2500
176;161;2500
176;161;2500
192;125;2500
192;125;2500
174;109;2500
174;109;2500
188;226;2500
188;226;2500
124;191;2500
124;191;2500
150;62;2500
150;62;2500
138;127;2500
138;127;2500
166;0;2500
166;0;2500
172;142;2500
172;142;2500
172;142;2500
172;142;2500
172;142;2500
172;142;2500
166;174;2500
166;174;2500
158;0;2500
158;0;2500
62;0;2500
62;0;2500
172;155;2500
172;155;2500
160;0;2500
160;0;2500
196;201;2500
196;201;2500
168;201;2500
168;201;2500
204;82;2500
204;82;2500
174;230;2500
174;230;2500
190;95;2500
190;95;2500
168;0;2500
168;0;2500
176;173;2500
176;173;2500
196;0;2500
196;0;2500
196;0;2500
196;0;2500
180;115;2500
180;115;2500
180;115;2500
180;115;2500
168;201;2500
168;201;2500
200;166;2500
200;166;2500
64;0;2500
64;0;2500
168;85;2500
168;85;2500
190;114;2500
190;114;2500
164;166;2500
164;166;2500
220;138;2500
220;138;2500
204;121;2500
204;121;2500
190;178;2500
190;178;2500
222;102;2500
222;102;2500
168;259;2500
168;259;2500
162;132;2500
162;132;2500
170;53;2500
170;53;2500
176;194;2500
176;194;2500
198;131;2500
198;131;2500
198;131;2500
198;131;2500
162;132;2500
162;132;2500
174;0;2500
174;0;2500
62;106;2500
62;106;2500
142;250;2500
142;250;2500
202;205;2500
202;205;2500
212;122;2500
212;122;2500
204;82;2500
204;82;2500
204;82;2500
204;82;2500
204;82;2500
204;82;2500
220;89;2500
220;89;2500
156;254;2500
156;254;2500
134;0;2500
134;0;2500
202;123;2500
202;123;2500
186;172;2500
186;172;2500
200;153;2500
200;153;2500
186;84;2500
186;84;2500
186;84;2500
186;84;2500
212;0;2500
212;0;2500
180;0;2500
180;0;2500
62;121;2500
62;121;2500
212;137;2500
212;137;2500
184;205;2500
184;205;2500
184;205;2500
184;205;2500
184;205;2500
184;205;2500
192;177;2500
192;177;2500
210;177;2500
210;177;2500
182;0;2500
182;0;2500
140;151;2500
140;151;2500
178;83;2500
178;83;2500
178;83;2500
178;83;2500
178;83;2500
178;83;2500
186;122;2500
186;122;2500
186;122;2500
186;122;2500
160;0;2500
160;0;2500
160;0;2500
160;0;2500
64;0;2500
64;0;2500
176;204;2500
176;204;2500
194;164;2500
194;164;2500
188;119;2500
188;119;2500
188;119;2500
188;119;2500
188;119;2500
188;119;2500
176;20;2500
176;20;2500
228;110;2500
228;110;2500
140;203;2500
140;203;2500
148;0;2500
148;0;2500
168;0;2500
168;0;2500
178;104;2500
178;104;2500
172;0;2500
172;0;2500
154;208;2500
154;208;2500
196;229;2500
196;229;2500
174;0;2500
174;0;2500
68;0;2500
68;0;2500
204;229;2500
204;229;2500
170;102;2500
170;102;2500
170;102;2500
170;102;2500
170;102;2500
170;102;2500
194;151;2500
194;151;2500
202;0;2500
202;0;2500
192;177;2500
192;177;2500
116;104;2500
116;104;2500
134;0;2500
134;0;2500
188;80;2500
188;80;2500
204;183;2500
204;183;2500
204;183;2500
204;183;2500
194;173;2500
194;173;2500
166;185;2500
166;185;2500
188;51;2500
188;51;2500
66;53;2500
66;53;2500
56;117;2500
56;117;2500
174;196;2500
174;196;2500
186;84;2500
186;84;2500
180;131;2500
180;131;2500
180;131;2500
180;131;2500
158;184;2500
158;184;2500
180;0;2500
180;0;2500
166;139;2500
166;139;2500
148;140;2500
148;140;2500
162;0;2500
162;0;2500
170;82;2500
170;82;2500
188;210;2500
188;210;2500
210;0;2500
210;0;2500
186;150;2500
186;150;2500
168;183;2500
168;183;2500
168;183;2500
168;183;2500
66;0;2500
66;0;2500
192;232;2500
192;232;2500
180;79;2500
180;79;2500
180;79;2500
180;79;2500
180;79;2500
180;79;2500
166;92;2500
166;92;2500
202;0;2500
202;0;2500
178;136;2500
178;136;2500
156;128;2500
156;128;2500
146;46;2500
146;46;2500
116;170;2500
116;170;2500
166;176;2500
166;176;2500
184;91;2500
184;91;2500
164;198;2500
164;198;2500
172;199;2500
172;199;2500
166;92;2500
166;92;2500
74;143;2500
74;143;2500
58;113;2500
58;113;2500
214;0;2500
214;0;2500
214;0;2500
214;0;2500
188;135;2500
188;135;2500
178;149;2500
178;149;2500
190;218;2500
190;218;2500
190;218;2500
190;218;2500
172;117;2500
172;117;2500
152;135;2500
152;135;2500
176;0;2500
176;0;2500
194;186;2500
194;186;2500
194;186;2500
194;186;2500
186;108;2500
186;108;2500
186;108;2500
186;108;2500
186;108;2500
186;108;2500
80;86;2500
80;86;2500
128;0;2500
128;0;2500
194;89;2500
194;89;2500
194;89;2500
194;89;2500
194;89;2500
194;89;2500
180;0;2500
180;0;2500
186;0;2500
186;0;2500
216;148;2500
216;148;2500
172;257;2500
172;257;2500
138;96;2500
138;96;2500
188;0;2500
188;0;2500
202;197;2500
202;197;2500
190;180;2500
190;180;2500
190;180;2500
190;180;2500
190;180;2500
190;180;2500
166;196;2500
166;196;2500
154;225;2500
154;225;2500
68;0;2500
68;0;2500
174;74;2500
174;74;2500
218;258;2500
218;258;2500
188;148;2500
188;148;2500
214;0;2500
214;0;2500
214;0;2500
214;0;2500
208;181;2500
208;181;2500
182;116;2500
182;116;2500
206;84;2500
206;84;2500
160;0;2500
160;0;2500
180;55;2500
180;55;2500
188;85;2500
188;85;2500
202;155;2500
202;155;2500
202;155;2500
202;155;2500
166;154;2500
166;154;2500
188;173;2500
188;173;2500
72;0;2500
72;0;2500
142;183;2500
142;183;2500
204;175;2500
204;175;2500
182;190;2500
182;190;2500
182;190;2500
182;190;2500
182;190;2500
182;190;2500
182;190;2500
182;190;2500
202;141;2500
202;141;2500
166;36;2500
166;36;2500
140;34;2500
140;34;2500
164;76;2500
164;76;2500
192;73;2500
192;73;2500
208;98;2500
208;98;2500
184;232;2500
184;232;2500
184;232;2500
184;232;2500
158;0;2500
158;0;2500
66;0;2500
66;0;2500
60;109;2500
60;109;2500
188;135;2500
188;135;2500
172;47;2500
172;47;2500
192;177;2500
192;177;2500
192;177;2500
192;177;2500
204;0;2500
204;0;2500
214;150;2500
214;150;2500
186;245;2500
186;245;2500
178;86;2500
178;86;2500
124;106;2500
124;106;2500
162;101;2500
162;101;2500
210;156;2500
210;156;2500
180;118;2500
180;118;2500
172;169;2500
172;169;2500
194;214;2500
194;214;2500
200;168;2500
200;168;2500
66;0;2500
66;0;2500
172;99;2500
172;99;2500
198;170;2500
198;170;2500
172;217;2500
172;217;2500
186;150;2500
186;150;2500
186;150;2500
186;150;2500
164;188;2500
164;188;2500
148;175;2500
148;175;2500
172;208;2500
172;208;2500
148;222;2500
148;222;2500
158;163;2500
158;163;2500
152;181;2500
152;181;2500
174;112;2500
174;112;2500
186;194;2500
186;194;2500
180;199;2500
180;199;2500
190;199;2500
190;199;2500
62;23;2500
62;23;2500
202;223;2500
202;223;2500
194;0;2500
194;0;2500
162;80;2500
162;80;2500
182;42;2500
182;42;2500
158;66;2500
158;66;2500
188;0;2500
188;0;2500
168;228;2500
168;228;2500
152;171;2500
152;171;2500
152;171;2500
152;171;2500
162;145;2500
162;145;2500
180;131;2500
180;131;2500
180;131;2500
180;131;2500
192;0;2500
192;0;2500
176;138;2500
176;138;2500
176;138;2500
176;138;2500
64;0;2500
64;0;2500
56;117;2500
56;117;2500
144;146;2500
144;146;2500
176;184;2500
176;184;2500
176;184;2500
176;184;2500
206;0;2500
206;0;2500
188;286;2500
188;286;2500
164;45;2500
164;45;2500
146;0;2500
146;0;2500
156;205;2500
156;205;2500
156;205;2500
156;205;2500
174;32;2500
174;32;2500
174;32;2500
174;32;2500
184;107;2500
184;107;2500
170;133;2500
170;133;2500
154;0;2500
154;0;2500
164;127;2500
164;127;2500
46;104;2500
46;104;2500
178;0;2500
178;0;2500
186;134;2500
186;134;2500
196;208;2500
196;208;2500
196;208;2500
196;208;2500
176;192;2500
176;192;2500
198;187;2500
198;187;2500
128;267;2500
128;267;2500
158;182;2500
158;182;2500
168;0;2500
168;0;2500
196;265;2500
196;265;2500
176;103;2500
176;103;2500
166;203;2500
166;203;2500
166;203;2500
166;203;2500
166;203;2500
166;203;2500
166;203;2500
166;203;2500
58;0;2500
58;0;2500
200;240;2500
200;240;2500
186;0;2500
186;0;2500
196;132;2500
196;132;2500
166;185;2500
166;185;2500
200;0;2500
200;0;2500
178;272;2500
178;272;2500
144;0;2500
144;0;2500
162;0;2500
162;0;2500
152;145;2500
152;145;2500
152;145;2500
152;145;2500
186;0;2500
186;0;2500
194;0;2500
194;0;2500
158;173;2500
158;173;2500
166;139;2500
166;139;2500
172;167;2500
172;167;2500
50;0;2500
50;0;2500
196;233;2500
196;233;2500
154;131;2500
154;131;2500
164;196;2500
164;196;2500
186;252;2500
186;252;2500
164;176;2500
164;176;2500
210;196;2500
210;196;2500
164;95;2500
164;95;2500
140;0;2500
140;0;2500
162;0;2500
162;0;2500
138;205;2500
138;205;2500
152;0;2500
152;0;2500
166;150;2500
166;150;2500
154;113;2500
154;113;2500
170;180;2500
170;180;2500
180;216;2500
180;216;2500
158;0;2500
158;0;2500
46;87;2500
46;87;2500
160;134;2500
160;134;2500
170;256;2500
170;256;2500
170;256;2500
170;256;2500
192;125;2500
192;125;2500
166;203;2500
166;203;2500
166;203;2500
166;203;2500
150;0;2500
150;0;2500
150;0;2500
150;0;2500
188;180;2500
188;180;2500
174;275;2500
174;275;2500
174;275;2500
174;275;2500
166;125;2500
166;125;2500
154;0;2500
154;0;2500
168;161;2500
168;161;2500
152;156;2500
152;156;2500
50;0;2500
50;0;2500
154;268;2500
154;268;2500
182;141;2500
182;141;2500
176;149;2500
176;149;2500
188;180;2500
188;180;2500
188;180;2500
188;180;2500
160;278;2500
160;278;2500
166;29;2500
166;29;2500
186;220;2500
186;220;2500
168;82;2500
168;82;2500
192;0;2500
192;0;2500
178;180;2500
178;180;2500
164;206;2500
164;206;2500
164;206;2500
164;206;2500
174;253;2500
174;253;2500
190;72;2500
190;72;2500
56;0;2500
56;0;2500
260;502;2500
260;502;2500
160;148;2500
160;148;2500
160;148;2500
160;148;2500
184;174;2500
184;174;2500
170;0;2500
170;0;2500
160;119;2500
160;119;2500
174;0;2500
174;0;2500
208;197;2500
208;197;2500
126;169;2500
126;169;2500
172;128;2500
172;128;2500
130;212;2500
130;212;2500
152;180;2500
152;180;2500
160;199;2500
160;199;2500
140;88;2500
140;88;2500
152;80;2500
152;80;2500
48;0;2500
48;0;2500
104;211;2500
104;211;2500
190;197;2500
190;197;2500
178;0;2500
178;0;2500
178;0;2500
178;0;2500
214;227;2500
214;227;2500
192;281;2500
192;281;2500
106;226;2500
106;226;2500
150;0;2500
150;0;2500
122;68;2500
122;68;2500
114;137;2500
114;137;2500
156;110;2500
156;110;2500
188;168;2500
188;168;2500
166;122;2500
166;122;2500
160;218;2500
160;218;2500
166;125;2500
166;125;2500
166;125;2500
166;125;2500
44;124;2500
44;124;2500
170;169;2500
170;169;2500
170;169;2500
170;169;2500
162;263;2500
162;263;2500
188;0;2500
188;0;2500
182;110;2500
182;110;2500
176;212;2500
176;212;2500
120;0;2500
120;0;2500
186;84;2500
186;84;2500
158;211;2500
158;211;2500
158;211;2500
158;211;2500
128;114;2500
128;114;2500
144;79;2500
144;79;2500
178;191;2500
178;191;2500
168;146;2500
168;146;2500
154;73;2500
154;73;2500
46;0;2500
46;0;2500
206;190;2500
206;190;2500
164;95;2500
164;95;2500
198;225;2500
198;225;2500
182;166;2500
182;166;2500
206;190;2500
206;190;2500
184;139;2500
184;139;2500
176;229;2500
176;229;2500
158;0;2500
158;0;2500
124;87;2500
124;87;2500
124;87;2500
124;87;2500
182;0;2500
182;0;2500
182;0;2500
182;0;2500
170;169;2500
170;169;2500
170;169;2500
170;169;2500
164;0;2500
164;0;2500
70;209;2500
70;209;2500
70;209;2500
70;209;2500
168;105;2500
168;105;2500
156;246;2500
156;246;2500
174;177;2500
174;177;2500
174;177;2500
174;177;2500
174;177;2500
174;177;2500
160;192;2500
160;192;2500
202;214;2500
202;214;2500
130;213;2500
130;213;2500
164;0;2500
164;0;2500
154;0;2500
154;0;2500
174;153;2500
174;153;2500
186;104;2500
186;104;2500
170;0;2500
170;0;2500
170;0;2500
170;0;2500
50;46;2500
50;46;2500
284;404;2500
284;404;2500
156;205;2500
156;205;2500
156;205;2500
156;205;2500
188;146;2500
188;146;2500
178;147;2500
178;147;2500
178;147;2500
178;147;2500
200;177;2500
200;177;2500
160;201;2500
160;201;2500
170;159;2500
170;159;2500
158;0;2500
158;0;2500
178;83;2500
178;83;2500
192;165;2500
192;165;2500
218;166;2500
218;166;2500
176;106;2500
176;106;2500
176;106;2500
176;106;2500
164;95;2500
164;95;2500
48;100;2500
48;100;2500
198;0;2500
198;0;2500
168;193;2500
168;193;2500
186;237;2500
186;237;2500
204;183;2500
204;183;2500
212;122;2500
212;122;2500
150;266;2500
150;266;2500
164;143;2500
164;143;2500
164;143;2500
164;143;2500
146;222;2500
146;222;2500
146;222;2500
146;222;2500
152;248;2500
152;248;2500
152;248;2500
152;248;2500
176;173;2500
176;173;2500
166;125;2500
166;125;2500
160;0;2500
160;0;2500
38;145;2500
38;145;2500
102;0;2500
102;0;2500
152;242;2500
152;242;2500
186;160;2500
186;160;2500
194;0;2500
194;0;2500
194;0;2500
194;0;2500
194;0;2500
194;0;2500
174;90;2500
174;90;2500
146;155;2500
146;155;2500
108;133;2500
108;133;2500
154;0;2500
154;0;2500
154;0;2500
154;0;2500
164;0;2500
164;0;2500
182;141;2500
182;141;2500
172;199;2500
172;199;2500
172;199;2500
172;199;2500
172;199;2500
172;199;2500
44;35;2500
44;35;2500
160;0;2500
160;0;2500
170;226;2500
170;226;2500
192;92;2500
192;92;2500
200;188;2500
200;188;2500
200;188;2500
200;188;2500
154;49;2500
154;49;2500
142;0;2500
142;0;2500
142;0;2500
142;0;2500
170;200;2500
170;200;2500
194;151;2500
194;151;2500
164;215;2500
164;215;2500
178;251;2500
178;251;2500
178;251;2500
178;251;2500
186;0;2500
186;0;2500
142;122;2500
142;122;2500
48;0;2500
48;0;2500
132;0;2500
132;0;2500
176;238;2500
176;238;2500
182;113;2500
182;113;2500
164;0;2500
164;0;2500
194;194;2500
194;194;2500
156;0;2500
156;0;2500
186;0;2500
186;0;2500
186;0;2500
186;0;2500
126;0;2500
126;0;2500
114;0;2500
114;0;2500
150;137;2500
150;137;2500
172;96;2500
172;96;2500
192;125;2500
192;125;2500
158;184;2500
158;184;2500
168;85;2500
168;85;2500
48;100;2500
48;100;2500
130;0;2500
130;0;2500
172;263;2500
172;263;2500
190;178;2500
190;178;2500
190;178;2500
190;178;2500
162;0;2500
162;0;2500
162;0;2500
162;0;2500
204;220;2500
204;220;2500
176;212;2500
176;212;2500
92;0;2500
92;0;2500
142;60;2500
142;60;2500
192;196;2500
192;196;2500
154;156;2500
154;156;2500
174;185;2500
174;185;2500
154;0;2500
154;0;2500
168;211;2500
168;211;2500
152;147;2500
152;147;2500
48;0;2500
48;0;2500
160;210;2500
160;210;2500
160;210;2500
160;210;2500
184;139;2500
184;139;2500
184;139;2500
184;139;2500
158;124;2500
158;124;2500
164;114;2500
164;114;2500
130;71;2500
130;71;2500
194;122;2500
194;122;2500
150;0;2500
150;0;2500
162;145;2500
162;145;2500
168;172;2500
168;172;2500
168;172;2500
168;172;2500
168;172;2500
168;172;2500
162;116;2500
162;116;2500
162;116;2500
162;116;2500
46;145;2500
46;145;2500
192;205;2500
192;205;2500
154;0;2500
154;0;2500
194;230;2500
194;230;2500
200;166;2500
200;166;2500
200;166;2500
200;166;2500
192;215;2500
192;215;2500
162;145;2500
162;145;2500
142;105;2500
142;105;2500
168;203;2500
168;203;2500
146;143;2500
146;143;2500
178;121;2500
178;121;2500
166;0;2500
166;0;2500
184;223;2500
184;223;2500
172;99;2500
172;99;2500
172;99;2500
172;99;2500
6;26;0
6;26;0
6;26;0
6;26;0
122;133;0
122;133;0
122;133;0
122;133;0
152;161;0
152;161;0
172;179;0
172;179;0
160;172;0
160;172;0
118;165;0
118;165;0
128;134;0
128;134;0
84;94;0
84;94;0
100;110;0
100;110;0
122;139;0
122;139;0
142;151;0
142;151;0
110;125;0
110;125;0
130;150;0
130;150;0
122;139;0
122;139;0
58;102;0
58;102;0
6;26;0
6;26;0
122;133;0
122;133;0
122;133;0
122;133;0
162;157;0
162;157;0
162;157;0
162;157;0
162;157;0
162;157;0
144;143;0
144;143;0
76;90;0
76;90;0
88;103;0
88;103;0
106;117;0
106;117;0
124;149;0
124;149;0
108;122;0
108;122;0
132;149;0
132;149;0
116;133;0
116;133;0
88;109;0
88;109;0
108;109;0
108;109;0
4;27;0
4;27;0
108;121;0
108;121;0
154;171;0
154;171;0
120;135;0
120;135;0
142;151;0
142;151;0
142;151;0
142;151;0
98;124;0
98;124;0
104;119;0
104;119;0
136;145;0
136;145;0
136;145;0
136;145;0
130;150;0
130;150;0
136;145;0
136;145;0
126;142;0
126;142;0
136;157;0
136;157;0
136;157;0
136;157;0
120;129;0
120;129;0
6;26;0
6;26;0
108;0;0
108;0;0
120;135;0
120;135;0
136;145;0
136;145;0
154;158;0
154;158;0
146;172;0
146;172;0
146;172;0
146;172;0
146;172;0
146;172;0
134;158;0
134;158;0
56;71;0
56;71;0
134;134;0
134;134;0
134;134;0
134;134;0
144;168;0
144;168;0
144;168;0
144;168;0
144;168;0
144;168;0
108;121;0
108;121;0
10;30;0
10;30;0
10;30;0
10;30;0
118;137;0
118;137;0
138;149;0
138;149;0
144;156;0
144;156;0
144;156;0
144;156;0
150;169;0
150;169;0
126;142;0
126;142;0
138;161;0
138;161;0
92;111;0
92;111;0
92;111;0
92;111;0
118;143;0
118;143;0
124;137;0
124;137;0
124;137;0
124;137;0
148;171;0
148;171;0
114;128;0
114;128;0
104;125;0
104;125;0
6;26;0
6;26;0
128;146;0
128;146;0
114;122;0
114;122;0
122;139;0
122;139;0
132;149;0
132;149;0
138;162;0
138;162;0
138;162;0
138;162;0
138;162;0
138;162;0
128;152;0
128;152;0
84;101;0
84;101;0
136;158;0
136;158;0
136;158;0
136;158;0
124;138;0
124;138;0
124;138;0
124;138;0
124;138;0
124;138;0
98;113;0
98;113;0
6;26;0
6;26;0
6;26;0
6;26;0
108;122;0
108;122;0
114;123;0
114;123;0
152;179;0
152;179;0
136;169;0
136;169;0
128;140;0
128;140;0
104;125;0
104;125;0
146;160;0
146;160;0
62;89;0
62;89;0
86;99;0
86;99;0
136;151;0
136;151;0
148;152;0
148;152;0
148;152;0
148;152;0
92;123;0
92;123;0
112;142;0
112;142;0
6;26;0
6;26;0
78;105;0
78;105;0
134;153;0
134;153;0
134;153;0
134;153;0
154;172;0
154;172;0
132;155;0
132;155;0
150;163;0
150;163;0
96;114;0
96;114;0
88;91;0
88;91;0
88;91;0
88;91;0
106;117;0
106;117;0
112;118;0
112;118;0
122;140;0
122;140;0
128;152;0
128;152;0
122;151;0
122;151;0
122;151;0
122;151;0
106;124;0
106;124;0
4;27;0
4;27;0
116;133;0
116;133;0
150;169;0
150;169;0
162;183;0
162;183;0
130;162;0
130;162;0
130;162;0
130;162;0
130;162;0
130;162;0
130;162;0
130;162;0
94;110;0
94;110;0
94;110;0
94;110;0
120;123;0
120;123;0
140;153;0
140;153;0
156;176;0
156;176;0
114;134;0
114;134;0
114;134;0
114;134;0
100;128;0
100;128;0
6;26;0
6;26;0
146;141;0
146;141;0
124;149;0
124;149;0
158;168;0
158;168;0
142;158;0
142;158;0
162;188;0
162;188;0
108;122;0
108;122;0
108;122;0
108;122;0
118;137;0
118;137;0
60;79;0
60;79;0
122;121;0
122;121;0
134;141;0
134;141;0
142;152;0
142;152;0
148;164;0
148;164;0
148;164;0
148;164;0
110;132;0
110;132;0
6;26;0
6;26;0
6;26;0
6;26;0
122;139;0
122;139;0
162;170;0
162;170;0
162;170;0
162;170;0
144;156;0
144;156;0
150;169;0
150;169;0
138;155;0
138;155;0
102;127;0
102;127;0
122;133;0
122;133;0
144;150;0
144;150;0
164;168;0
164;168;0
120;129;0
120;129;0
128;140;0
128;140;0
128;140;0
128;140;0
128;140;0
128;140;0
30;61;0
30;61;0
50;58;0
50;58;0
122;157;0
122;157;0
122;157;0
122;157;0
130;144;0
130;144;0
156;163;0
156;163;0
130;132;0
130;132;0
158;180;0
158;180;0
108;121;0
108;121;0
92;106;0
92;106;0
92;106;0
92;106;0
126;129;0
126;129;0
126;129;0
126;129;0
120;147;0
120;147;0
144;150;0
144;150;0
132;155;0
132;155;0
120;135;0
120;135;0
6;26;0
6;26;0
106;129;0
106;129;0
156;163;0
156;163;0
110;126;0
110;126;0
162;170;0
162;170;0
132;136;0
132;136;0
124;138;0
124;138;0
124;138;0
124;138;0
96;108;0
96;108;0
80;92;0
80;92;0
110;126;0
110;126;0
110;126;0
110;126;0
110;126;0
110;126;0
110;126;0
110;126;0
128;146;0
128;146;0
142;158;0
142;158;0
8;26;0
8;26;0
256;222;0
256;222;0
122;140;0
122;140;0
138;156;0
138;156;0
170;188;0
170;188;0
130;151;0
130;151;0
130;151;0
130;151;0
140;148;0
140;148;0
140;148;0
140;148;0
114;122;0
114;122;0
124;144;0
124;144;0
124;144;0
124;144;0
138;143;0
138;143;0
92;112;0
92;112;0
124;150;0
124;150;0
116;126;0
116;126;0
6;26;0
6;26;0
68;101;0
68;101;0
140;154;0
140;154;0
130;150;0
130;150;0
130;150;0
130;150;0
158;167;0
158;167;0
164;174;0
164;174;0
140;177;0
140;177;0
146;154;0
146;154;0
78;99;0
78;99;0
106;117;0
106;117;0
138;167;0
138;167;0
154;171;0
154;171;0
136;157;0
136;157;0
128;140;0
128;140;0
142;151;0
142;151;0
142;151;0
142;151;0
6;26;0
6;26;0
132;155;0
132;155;0
140;159;0
140;159;0
112;130;0
112;130;0
136;157;0
136;157;0
142;158;0
142;158;0
142;158;0
142;158;0
98;112;0
98;112;0
108;128;0
108;128;0
92;112;0
92;112;0
142;158;0
142;158;0
106;129;0
106;129;0
124;178;0
124;178;0
132;155;0
132;155;0
124;149;0
124;149;0
124;149;0
124;149;0
6;26;0
6;26;0
162;170;0
162;170;0
116;133;0
116;133;0
138;155;0
138;155;0
138;155;0
138;155;0
138;155;0
138;155;0
156;175;0
156;175;0
122;140;0
122;140;0
98;112;0
98;112;0
98;112;0
98;112;0
110;114;0
110;114;0
96;114;0
96;114;0
118;131;0
118;131;0
118;131;0
118;131;0
118;131;0
118;131;0
102;115;0
102;115;0
6;26;0
6;26;0
6;26;0
6;26;0
114;128;0
114;128;0
148;165;0
148;165;0
134;135;0
134;135;0
156;163;0
156;163;0
148;165;0
148;165;0
108;139;0
108;139;0
34;22;0
34;22;0
28;15;0
28;15;0
28;15;0
28;15;0
28;15;0
28;15;0
28;15;0
28;15;0
28;15;0
28;15;0
16;16;0
16;16;0
16;16;0
16;16;0
16;16;0
16;16;0
16;16;0
16;16;0
16;16;0
16;16;0
16;16;0
16;16;0
16;16;0
16;16;0
6;26;0
6;26;0
6;26;0
6;26;0
6;26;0
6;26;0
6;26;0
6;26;0
6;26;0
6;26;0
6;26;0
6;26;0
6;26;0
6;26;0
6;26;0
6;26;0
6;26;0
6;26;0
6;26;0
6;26;0
6;26;0
6;26;0
6;26;0
6;26;0
296;272;0
296;272;0
124;138;0
124;138;0
136;145;0
136;145;0
124;125;0
124;125;0
134;147;0
134;147;0
86;80;0
86;80;0
38;32;0
38;32;0
38;32;0
38;32;0
16;16;0
16;16;0
16;16;0
16;16;0
16;16;0
16;16;0
16;16;0
16;16;0
114;122;0
114;122;0
124;125;0
124;125;0
116;120;0
116;120;0
108;109;0
108;109;0
108;109;0
108;109;0
130;126;0
130;126;0
120;129;0
120;129;0
108;122;0
108;122;0
138;149;0
138;149;0
126;165;0
126;165;0
126;165;0
126;165;0
114;116;0
114;116;0
114;116;0
114;116;0
120;117;0
120;117;0
140;141;0
140;141;0
140;141;0
140;141;0
114;134;0
114;134;0
130;145;0
130;145;0
118;125;0
118;125;0
90;95;0
90;95;0
102;115;0
102;115;0
138;143;0
138;143;0
116;133;0
116;133;0
108;128;0
108;128;0
90;95;0
90;95;0
70;0;0
70;0;0
16;16;0
16;16;0
16;16;0
16;16;0
16;16;0
16;16;0
146;153;0
146;153;0
128;139;0
128;139;0
16;16;0
16;16;0
16;16;0
16;16;0
140;159;0
140;159;0
112;112;0
112;112;0
130;132;0
130;132;0
20;11;0
20;11;0
126;130;0
126;130;0
120;135;0
120;135;0
106;117;0
106;117;0
106;117;0
106;117;0
96;114;0
96;114;0
56;53;0
56;53;0
50;64;0
50;64;0
94;104;0
94;104;0
20;11;0
20;11;0
14;18;0
14;18;0
14;18;0
14;18;0
160;178;0
160;178;0
126;142;0
126;142;0
126;142;0
126;142;0
14;11;0
14;11;0
14;11;0
14;11;0
120;135;0
120;135;0
94;104;0
94;104;0
12;14;0
12;14;0
12;14;0
12;14;0
100;110;0
100;110;0
120;129;0
120;129;0
106;123;0
106;123;0
128;140;0
128;140;0
128;140;0
128;140;0
102;108;0
102;108;0
72;75;0
72;75;0
72;75;0
72;75;0
62;72;0
62;72;0
62;72;0
62;72;0
366;328;0
366;328;0
60;96;0
60;96;0
102;132;0
102;132;0
102;132;0
102;132;0
142;111;0
142;111;0
86;127;0
86;127;0
116;144;0
116;144;0
132;109;0
132;109;0
102;154;0
102;154;0
94;132;0
94;132;0
138;190;0
138;190;0
172;132;0
172;132;0
108;161;0
108;161;0
148;118;0
148;118;0
124;131;0
124;131;0
114;157;0
114;157;0
178;146;0
178;146;0
172;139;0
172;139;0
172;139;0
172;139;0
202;166;0
202;166;0
172;215;0
172;215;0
190;229;0
190;229;0
190;229;0
190;229;0
196;180;0
196;180;0
214;256;0
214;256;0
246;205;0
246;205;0
194;237;0
194;237;0
212;202;0
212;202;0
232;221;0
232;221;0
262;241;0
262;241;0
252;258;0
252;258;0
266;270;0
266;270;0
274;261;0
274;261;0
284;290;0
284;290;0
248;249;0
248;249;0
220;220;0
220;220;0
294;259;0
294;259;0
310;314;0
310;314;0
316;322;0
316;322;0
362;319;0
362;319;0
362;319;0
362;319;0
396;362;0
396;362;0
212;228;0
212;228;0
238;221;0
238;221;0
238;221;0
238;221;0
232;234;0
232;234;0
238;221;0
238;221;0
220;227;0
220;227;0
232;234;0
232;234;0
226;233;0
226;233;0
226;233;0
226;233;0
238;221;0
238;221;0
218;229;0
218;229;0
232;207;0
232;207;0
216;236;0
216;236;0
222;243;0
222;243;0
216;230;0
216;230;0
216;230;0
216;230;0
216;230;0
216;230;0
232;227;0
232;227;0
226;214;0
226;214;0
212;240;0
212;240;0
212;240;0
212;240;0
218;229;0
218;229;0
228;232;0
228;232;0
214;220;0
214;220;0
214;220;0
214;220;0
214;220;0
214;220;0
214;220;0
214;220;0
224;216;0
224;216;0
224;216;0
224;216;0
210;224;0
210;224;0
230;223;0
230;223;0
216;236;0
216;236;0
222;212;0
222;212;0
222;212;0
222;212;0
214;232;0
214;232;0
228;212;0
228;212;0
212;234;0
212;234;0
212;234;0
212;234;0
206;233;0
206;233;0
220;214;0
220;214;0
212;228;0
212;228;0
212;228;0
212;228;0
218;203;0
218;203;0
208;237;0
208;237;0
216;236;0
216;236;0
202;231;0
202;231;0
228;212;0
228;212;0
222;224;0
222;224;0
222;224;0
222;224;0
74;97;0
74;97;0
16;16;0
16;16;0
16;16;0
16;16;0
16;16;0
16;16;0
16;16;0
16;16;0
16;16;0
16;16;0
16;16;0
16;16;0
16;16;0
16;16;0
16;16;0
16;16;0
16;16;0
16;16;0
16;16;0
16;16;0
16;16;0
16;16;0
16;16;0
16;16;0
16;16;0
16;16;0
16;16;0
16;16;0
16;16;0
16;16;0
16;16;0
16;16;0
16;16;0
16;16;0
16;16;0
16;16;0
16;16;0
16;16;0
16;16;0
16;16;0
16;16;0
16;16;0
16;16;0
16;16;0
16;16;0
16;16;0
16;16;0
16;16;0
16;16;0
16;16;0
16;16;0
16;16;0
16;16;0
16;16;0
16;16;0
16;16;0
16;16;0
16;16;0
16;16;0
16;16;0
16;16;0
16;16;0
16;16;0
16;16;0
32;32;0
32;32;0
42;41;0
42;41;0
36;40;0
36;40;0
36;40;0
36;40;0
36;40;0
36;40;0
14;18;0
14;18;0
14;18;0
14;18;0
132;188;0
132;188;0
52;56;0
52;56;0
52;56;0
52;56;0
58;75;0
58;75;0
58;75;0
58;75;0
16;16;0
16;16;0
16;16;0
16;16;0
16;16;0
16;16;0
76;83;0
76;83;0
76;83;0
76;83;0
76;83;0
76;83;0
58;63;0
58;63;0
82;84;0
82;84;0
18;20;0
18;20;0
18;20;0
18;20;0
18;20;0
18;20;0
108;115;0
108;115;0
88;91;0
88;91;0
72;75;0
72;75;0
80;86;0
80;86;0
92;105;0
92;105;0
14;18;0
14;18;0
14;18;0
14;18;0
14;18;0
14;18;0
100;98;0
100;98;0
78;88;0
78;88;0
114;122;0
114;122;0
98;106;0
98;106;0
98;106;0
98;106;0
16;16;0
16;16;0
16;16;0
16;16;0
166;159;0
166;159;0
106;111;0
106;111;0
106;111;0
106;111;0
120;129;0
120;129;0
112;118;0
112;118;0
142;138;0
142;138;0
16;16;0
16;16;0
16;16;0
16;16;0
150;162;0
150;162;0
128;133;0
128;133;0
112;130;0
112;130;0
132;148;0
132;148;0
132;148;0
132;148;0
8;26;0
8;26;0
8;26;0
8;26;0
8;26;0
8;26;0
146;160;0
146;160;0
168;182;0
168;182;0
158;167;0
158;167;0
142;157;0
142;157;0
156;169;0
156;169;0
6;26;0
6;26;0
6;26;0
6;26;0
132;46;0
132;46;0
158;161;0
158;161;0
158;161;0
158;161;0
138;143;0
138;143;0
150;150;0
150;150;0
18;41;0
18;41;0
6;26;0
6;26;0
6;26;0
6;26;0
6;26;0
6;26;0
168;189;0
168;189;0
142;157;0
142;157;0
132;142;0
132;142;0
126;142;0
126;142;0
148;170;0
148;170;0
6;26;0
6;26;0
6;26;0
6;26;0
222;231;0
222;231;0
146;172;0
146;172;0
146;172;0
146;172;0
132;149;0
132;149;0
124;150;0
124;150;0
6;26;0
6;26;0
6;26;0
6;26;0
6;26;0
6;26;0
196;187;0
196;187;0
116;133;0
116;133;0
142;152;0
142;152;0
134;147;0
134;147;0
134;147;0
134;147;0
6;26;0
6;26;0
6;26;0
6;26;0
6;26;0
6;26;0
148;159;0
148;159;0
154;165;0
154;165;0
142;164;0
142;164;0
132;155;0
132;155;0
132;155;0
132;155;0
6;26;0
6;26;0
6;26;0
6;26;0
154;177;0
154;177;0
136;157;0
136;157;0
162;182;0
162;182;0
162;182;0
162;182;0
150;163;0
150;163;0
150;163;0
150;163;0
6;26;0
6;26;0
6;26;0
6;26;0
126;142;0
126;142;0
148;158;0
148;158;0
158;180;0
158;180;0
148;164;0
148;164;0
160;172;0
160;172;0
16;37;0
16;37;0
4;27;0
4;27;0
4;27;0
4;27;0
132;154;0
132;154;0
144;156;0
144;156;0
138;149;0
138;149;0
118;148;0
118;148;0
130;138;0
130;138;0
6;26;0
6;26;0
6;26;0
6;26;0
6;26;0
6;26;0
172;173;0
172;173;0
132;148;0
132;148;0
132;148;0
132;148;0
124;137;0
124;137;0
138;161;0
138;161;0
6;26;0
6;26;0
6;26;0
6;26;0
6;26;0
6;26;0
156;175;0
156;175;0
136;145;0
136;145;0
142;169;0
142;169;0
142;169;0
142;169;0
142;169;0
142;169;0
6;26;0
6;26;0
6;26;0
6;26;0
208;194;0
208;194;0
158;167;0
158;167;0
134;153;0
134;153;0
154;165;0
154;165;0
136;157;0
136;157;0
6;26;0
6;26;0
6;26;0
6;26;0
6;26;0
6;26;0
158;180;0
158;180;0
152;167;0
152;167;0
130;149;0
130;149;0
130;149;0
130;149;0
130;149;0
130;149;0
6;26;0
6;26;0
6;26;0
6;26;0
6;26;0
6;26;0
154;165;0
154;165;0
154;165;0
154;165;0
154;165;0
154;165;0
154;165;0
154;165;0
136;157;0
136;157;0
6;26;0
6;26;0
6;26;0
6;26;0
252;205;0
252;205;0
170;168;0
170;168;0
170;168;0
170;168;0
154;165;0
154;165;0
140;165;0
140;165;0
16;37;0
16;37;0
6;26;0
6;26;0
6;26;0
6;26;0
170;205;0
170;205;0
146;195;0
146;195;0
164;180;0
164;180;0
148;170;0
148;170;0
148;170;0
148;170;0
4;27;0
4;27;0
4;27;0
4;27;0
4;27;0
4;27;0
162;182;0
162;182;0
130;138;0
130;138;0
154;165;0
154;165;0
146;160;0
146;160;0
136;157;0
136;157;0
6;26;0
6;26;0
6;26;0
6;26;0
6;26;0
6;26;0
132;160;0
132;160;0
132;160;0
132;160;0
140;147;0
140;147;0
126;135;0
126;135;0
126;135;0
126;135;0
6;26;0
6;26;0
6;26;0
6;26;0
6;26;0
6;26;0
150;162;0
150;162;0
150;162;0
150;162;0
150;162;0
150;162;0
150;162;0
150;162;0
132;148;0
132;148;0
6;26;0
6;26;0
6;26;0
6;26;0
136;157;0
136;157;0
146;166;0
146;166;0
146;166;0
146;166;0
156;163;0
156;163;0
146;166;0
146;166;0
6;26;0
6;26;0
6;26;0
6;26;0
6;26;0
6;26;0
136;151;0
136;151;0
154;177;0
154;177;0
138;161;0
138;161;0
114;128;0
114;128;0
114;128;0
114;128;0
6;26;0
6;26;0
6;26;0
6;26;0
72;0;0
72;0;0
168;182;0
168;182;0
158;167;0
158;167;0
144;156;0
144;156;0
152;179;0
152;179;0
132;149;0
132;149;0
6;26;0
6;26;0
6;26;0
6;26;0
6;26;0
6;26;0
174;196;0
174;196;0
130;144;0
130;144;0
136;175;0
136;175;0
136;175;0
136;175;0
94;143;0
94;143;0
6;26;0
6;26;0
6;26;0
6;26;0
196;187;0
196;187;0
138;155;0
138;155;0
138;155;0
138;155;0
138;155;0
138;155;0
138;155;0
138;155;0
6;26;0
6;26;0
6;26;0
6;26;0
6;26;0
6;26;0
126;148;0
126;148;0
152;167;0
152;167;0
146;166;0
146;166;0
154;165;0
154;165;0
146;160;0
146;160;0
6;26;0
6;26;0
6;26;0
6;26;0
6;26;0
6;26;0
142;158;0
142;158;0
158;180;0
158;180;0
158;180;0
158;180;0
158;180;0
158;180;0
134;153;0
134;153;0
6;26;0
6;26;0
6;26;0
6;26;0
160;202;0
160;202;0
134;159;0
134;159;0
158;174;0
158;174;0
168;177;0
168;177;0
150;163;0
150;163;0
6;26;0
6;26;0
6;26;0
6;26;0
6;26;0
6;26;0
114;152;0
114;152;0
154;171;0
154;171;0
132;155;0
132;155;0
142;158;0
142;158;0
132;143;0
132;143;0
32;60;0
32;60;0
6;26;0
6;26;0
6;26;0
6;26;0
166;179;0
166;179;0
116;126;0
116;126;0
126;148;0
126;148;0
132;155;0
132;155;0
142;158;0
142;158;0
6;26;0
6;26;0
6;26;0
6;26;0
6;26;0
6;26;0
142;145;0
142;145;0
142;145;0
142;145;0
134;146;0
134;146;0
134;146;0
134;146;0
160;178;0
160;178;0
6;26;0
6;26;0
6;26;0
6;26;0
174;171;0
174;171;0
152;160;0
152;160;0
152;160;0
152;160;0
152;160;0
152;160;0
142;145;0
142;145;0
132;142;0
132;142;0
4;27;0
4;27;0
4;27;0
4;27;0
126;142;0
126;142;0
114;134;0
114;134;0
132;149;0
132;149;0
138;155;0
138;155;0
26;8;0
26;8;0
184;186;0
184;186;0
156;151;0
156;151;0
150;150;0
150;150;0
162;157;0
162;157;0
26;8;0
26;8;0
26;8;0
26;8;0
268;228;0
268;228;0
142;145;0
142;145;0
124;138;0
124;138;0
118;125;0
118;125;0
118;125;0
118;125;0
132;136;0
132;136;0
16;16;0
16;16;0
16;16;0
16;16;0
16;16;0
16;16;0
156;163;0
156;163;0
136;151;0
136;151;0
118;131;0
118;131;0
136;151;0
136;151;0
142;151;0
142;151;0
136;139;0
136;139;0
128;127;0
128;127;0
150;163;0
150;163;0
124;144;0
124;144;0
108;139;0
108;139;0
138;149;0
138;149;0
150;169;0
150;169;0
124;119;0
124;119;0
124;119;0
124;119;0
134;134;0
134;134;0
124;132;0
124;132;0
114;122;0
114;122;0
134;141;0
134;141;0
134;141;0
134;141;0
122;139;0
122;139;0
136;145;0
136;145;0
146;148;0
146;148;0
146;148;0
146;148;0
146;148;0
146;148;0
96;108;0
96;108;0
74;79;0
74;79;0
58;63;0
58;63;0
72;75;0
72;75;0
54;61;0
54;61;0
118;149;0
118;149;0
144;131;0
144;131;0
98;100;0
98;100;0
98;100;0
98;100;0
98;100;0
98;100;0
132;117;0
132;117;0
102;109;0
102;109;0
152;106;0
152;106;0
166;125;0
166;125;0
108;122;0
108;122;0
128;100;0
128;100;0
112;148;0
112;148;0
126;177;0
126;177;0
182;201;0
182;201;0
182;201;0
182;201;0
202;174;0
202;174;0
202;174;0
202;174;0
162;223;0
162;223;0
212;161;0
212;161;0
218;169;0
218;169;0
212;210;0
212;210;0
212;210;0
212;210;0
234;239;0
234;239;0
188;260;0
188;260;0
236;217;0
236;217;0
246;199;0
246;199;0
234;257;0
234;257;0
220;221;0
220;221;0
264;273;0
264;273;0
236;285;0
236;285;0
262;275;0
262;275;0
284;285;0
284;285;0
292;256;0
292;256;0
250;267;0
250;267;0
270;279;0
270;279;0
284;284;0
284;284;0
324;274;0
324;274;0
354;315;0
354;315;0
348;335;0
348;335;0
386;327;0
386;327;0
386;327;0
386;327;0
392;380;0
392;380;0
240;226;0
240;226;0
256;235;0
256;235;0
256;235;0
256;235;0
240;239;0
240;239;0
240;239;0
240;239;0
252;233;0
252;233;0
252;233;0
252;233;0
230;261;0
230;261;0
246;233;0
246;233;0
240;239;0
240;239;0
240;239;0
240;239;0
250;215;0
250;215;0
234;238;0
234;238;0
242;224;0
242;224;0
228;245;0
228;245;0
228;245;0
228;245;0
228;245;0
228;245;0
240;233;0
240;233;0
228;238;0
228;238;0
238;235;0
238;235;0
226;240;0
226;240;0
226;240;0
226;240;0
234;239;0
234;239;0
218;242;0
218;242;0
244;222;0
244;222;0
224;223;0
224;223;0
224;223;0
224;223;0
238;229;0
238;229;0
226;247;0
226;247;0
60;74;0
60;74;0
16;16;0
16;16;0
16;16;0
16;16;0
16;16;0
16;16;0
16;16;0
16;16;0
16;16;0
16;16;0
16;16;0
16;16;0
16;16;0
16;16;0
16;16;0
16;16;0
16;16;0
16;16;0
16;16;0
16;16;0
16;16;0
16;16;0
16;16;0
16;16;0
16;16;0
16;16;0
16;16;0
16;16;0
16;16;0
16;16;0
16;16;0
16;16;0
16;16;0
16;16;0
16;16;0
16;16;0
16;16;0
16;16;0
16;16;0
16;16;0
16;16;0
16;16;0
16;16;0
16;16;0
16;16;0
16;16;0
16;16;0
16;16;0
16;16;0
16;16;0
16;16;0
16;16;0
16;16;0
16;16;0
16;16;0
16;16;0
16;16;0
16;16;0
16;16;0
16;16;0
32;44;0
32;44;0
32;44;0
32;44;0
44;46;0
44;46;0
34;36;0
34;36;0
24;13;0
24;13;0
16;16;0
16;16;0
16;16;0
16;16;0
40;43;0
40;43;0
40;43;0
40;43;0
40;43;0
40;43;0
46;43;0
46;43;0
34;36;0
34;36;0
16;16;0
16;16;0
16;16;0
16;16;0
16;16;0
16;16;0
34;36;0
34;36;0
42;41;0
42;41;0
42;41;0
42;41;0
42;41;0
42;41;0
42;41;0
42;41;0
14;18;0
14;18;0
6;26;0
6;26;0
6;26;0
6;26;0
84;95;0
84;95;0
74;79;0
74;79;0
66;80;0
66;80;0
76;90;0
76;90;0
76;90;0
76;90;0
10;25;0
10;25;0
10;25;0
10;25;0
104;113;0
104;113;0
74;85;0
74;85;0
74;85;0
74;85;0
102;109;0
102;109;0
80;92;0
80;92;0
16;16;0
16;16;0
16;16;0
16;16;0
16;16;0
16;16;0
198;303;0
198;303;0
108;109;0
108;109;0
100;105;0
100;105;0
100;105;0
100;105;0
100;105;0
100;105;0
16;16;0
16;16;0
16;16;0
16;16;0
16;16;0
16;16;0
98;106;0
98;106;0
122;127;0
122;127;0
122;127;0
122;127;0
94;104;0
94;104;0
132;136;0
132;136;0
16;16;0
16;16;0
16;16;0
16;16;0
16;16;0
16;16;0
146;154;0
146;154;0
136;132;0
136;132;0
128;134;0
128;134;0
128;134;0
118;131;0
118;131;0
64;93;0
64;93;0
6;26;0
6;26;0
6;26;0
6;26;0
6;26;0
6;26;0
154;165;0
154;165;0
154;165;0
154;165;0
144;156;0
144;156;0
144;156;0
144;156;0
136;169;0
136;169;0
6;26;0
6;26;0
6;26;0
6;26;0
172;166;0
172;166;0
148;159;0
148;159;0
148;159;0
148;159;0
158;142;0
158;142;0
114;128;0
114;128;0
6;26;0
6;26;0
6;26;0
6;26;0
6;26;0
6;26;0
130;150;0
130;150;0
130;150;0
130;150;0
130;150;0
130;150;0
120;147;0
120;147;0
162;182;0
162;182;0
6;26;0
6;26;0
6;26;0
6;26;0
128;134;0
128;134;0
150;163;0
150;163;0
150;163;0
150;163;0
150;163;0
150;163;0
150;163;0
150;163;0
132;154;0
132;154;0
6;26;0
6;26;0
6;26;0
6;26;0
242;292;0
242;292;0
154;195;0
154;195;0
162;182;0
162;182;0
140;160;0
140;160;0
156;163;0
156;163;0
8;26;0
8;26;0
8;26;0
8;26;0
8;26;0
8;26;0
110;120;0
110;120;0
126;136;0
126;136;0
140;153;0
140;153;0
166;172;0
166;172;0
144;156;0
144;156;0
44;79;0
44;79;0
6;26;0
6;26;0
6;26;0
6;26;0
180;214;0
180;214;0
134;147;0
134;147;0
134;147;0
134;147;0
134;147;0
134;147;0
118;131;0
118;131;0
6;26;0
6;26;0
6;26;0
6;26;0
6;26;0
6;26;0
148;152;0
148;152;0
142;157;0
142;157;0
142;157;0
142;157;0
132;148;0
132;148;0
132;148;0
132;148;0
6;26;0
6;26;0
6;26;0
6;26;0
208;213;0
208;213;0
150;163;0
150;163;0
142;158;0
142;158;0
142;158;0
142;158;0
166;179;0
166;179;0
6;26;0
6;26;0
6;26;0
6;26;0
6;26;0
6;26;0
144;156;0
144;156;0
124;138;0
124;138;0
144;168;0
144;168;0
136;151;0
136;151;0
144;150;0
144;150;0
6;26;0
6;26;0
6;26;0
6;26;0
6;26;0
6;26;0
146;166;0
146;166;0
146;166;0
146;166;0
134;153;0
134;153;0
134;153;0
134;153;0
122;145;0
122;145;0
6;26;0
6;26;0
6;26;0
6;26;0
270;240;0
270;240;0
132;136;0
132;136;0
160;172;0
160;172;0
168;164;0
168;164;0
152;148;0
152;148;0
152;148;0
152;148;0
6;26;0
6;26;0
6;26;0
6;26;0
192;90;0
192;90;0
152;173;0
152;173;0
158;174;0
158;174;0
134;159;0
134;159;0
146;154;0
146;154;0
16;37;0
16;37;0
6;26;0
6;26;0
6;26;0
6;26;0
172;198;0
172;198;0
152;161;0
152;161;0
126;148;0
126;148;0
126;148;0
126;148;0
148;165;0
148;165;0
42;75;0
42;75;0
6;26;0
6;26;0
6;26;0
6;26;0
156;182;0
156;182;0
156;182;0
156;182;0
156;182;0
156;182;0
156;182;0
156;182;0
146;167;0
146;167;0
6;26;0
6;26;0
6;26;0
6;26;0
6;26;0
6;26;0
124;144;0
124;144;0
130;145;0
130;145;0
142;158;0
142;158;0
166;172;0
166;172;0
136;145;0
136;145;0
6;26;0
6;26;0
6;26;0
6;26;0
6;26;0
6;26;0
134;141;0
134;141;0
134;141;0
134;141;0
134;141;0
134;141;0
144;163;0
144;163;0
164;211;0
164;211;0
4;27;0
4;27;0
4;27;0
4;27;0
176;169;0
176;169;0
152;168;0
152;168;0
152;168;0
152;168;0
136;157;0
136;157;0
162;158;0
162;158;0
6;26;0
6;26;0
6;26;0
6;26;0
6;26;0
6;26;0
160;166;0
160;166;0
148;171;0
148;171;0
148;171;0
148;171;0
140;160;0
140;160;0
140;160;0
140;160;0
6;27;0
6;27;0
6;27;0
6;27;0
262;263;0
262;263;0
148;171;0
148;171;0
160;172;0
160;172;0
160;172;0
160;172;0
152;180;0
152;180;0
140;160;0
140;160;0
6;26;0
6;26;0
6;26;0
6;26;0
28;23;0
28;23;0
166;185;0
166;185;0
144;157;0
144;157;0
144;157;0
144;157;0
136;146;0
136;146;0
24;49;0
24;49;0
4;27;0
4;27;0
4;27;0
4;27;0
160;185;0
160;185;0
128;141;0
128;141;0
128;141;0
128;141;0
142;152;0
142;152;0
152;162;0
152;162;0
6;27;0
6;27;0
6;27;0
6;27;0
6;27;0
6;27;0
146;148;0
146;148;0
134;147;0
134;147;0
124;132;0
124;132;0
134;159;0
134;159;0
158;181;0
158;181;0
6;26;0
6;26;0
6;26;0
6;26;0
6;26;0
6;26;0
134;147;0
134;147;0
134;147;0
134;147;0
134;147;0
134;147;0
134;147;0
134;147;0
134;147;0
134;147;0
4;27;0
4;27;0
4;27;0
4;27;0
150;181;0
150;181;0
128;141;0
128;141;0
150;157;0
150;157;0
138;150;0
138;150;0
138;150;0
138;150;0
6;26;0
6;26;0
6;26;0
6;26;0
6;26;0
6;26;0
170;206;0
170;206;0
138;156;0
138;156;0
138;156;0
138;156;0
162;164;0
162;164;0
162;164;0
162;164;0
6;26;0
6;26;0
6;26;0
6;26;0
6;26;0
6;26;0
112;130;0
112;130;0
158;168;0
158;168;0
168;177;0
168;177;0
154;178;0
154;178;0
146;173;0
146;173;0
6;26;0
6;26;0
6;26;0
6;26;0
20;25;0
20;25;0
180;197;0
180;197;0
170;182;0
170;182;0
154;172;0
154;172;0
164;181;0
164;181;0
150;157;0
150;157;0
6;26;0
6;26;0
6;26;0
6;26;0
52;0;0
52;0;0
178;193;0
178;193;0
166;179;0
166;179;0
154;172;0
154;172;0
146;161;0
146;161;0
56;93;0
56;93;0
6;26;0
6;26;0
6;26;0
6;26;0
202;188;0
202;188;0
158;168;0
158;168;0
144;156;0
144;156;0
136;151;0
136;151;0
136;151;0
136;151;0
136;151;0
136;151;0
6;26;0
6;26;0
6;26;0
6;26;0
186;204;0
186;204;0
158;168;0
158;168;0
146;148;0
146;148;0
136;151;0
136;151;0
136;151;0
136;151;0
176;194;0
176;194;0
162;158;0
162;158;0
162;158;0
162;158;0
148;146;0
148;146;0
28;15;0
28;15;0
20;11;0
20;11;0
136;139;0
136;139;0
136;139;0
136;139;0
146;155;0
146;155;0
146;155;0
146;155;0
152;168;0
152;168;0
138;156;0
138;156;0
138;156;0
138;156;0
146;154;0
146;154;0
146;154;0
146;154;0
166;173;0
166;173;0
142;176;0
142;176;0
112;130;0
112;130;0
86;105;0
86;105;0
72;75;0
72;75;0
72;75;0
72;75;0
72;75;0
72;75;0
188;134;0
188;134;0
900;717;0
900;717;0
38;32;0
38;32;0
18;14;0
18;14;0
18;14;0
18;14;0
18;14;0
18;14;0
18;14;0
18;14;0
18;14;0
18;14;0
18;14;0
18;14;0
88;85;0
88;85;0
20;11;0
20;11;0
20;11;0
20;11;0
20;11;0
20;11;0
64;70;0
64;70;0
32;44;0
32;44;0
14;11;0
14;11;0
20;11;0
20;11;0
80;92;0
80;92;0
92;100;0
92;100;0
92;100;0
92;100;0
100;99;0
100;99;0
90;108;0
90;108;0
90;108;0
90;108;0
74;86;0
74;86;0
66;75;0
66;75;0
74;80;0
74;80;0
56;65;0
56;65;0
480;448;0
480;448;0
464;514;0
464;514;0
22;16;0
22;16;0
22;16;0
22;16;0
22;16;0
22;16;0
22;16;0
22;16;0
22;16;0
22;16;0
4;27;0
4;27;0
4;27;0
4;27;0
4;27;0
4;27;0
4;27;0
4;27;0
4;27;0
4;27;0
4;27;0
4;27;0
4;27;0
4;27;0
4;27;0
4;27;0
4;27;0
4;27;0
4;27;0
4;27;0
4;27;0
4;27;0
4;27;0
4;27;0
52;69;0
52;69;0
80;99;0
80;99;0
6;27;0
6;27;0
6;27;0
6;27;0
82;97;0
82;97;0
82;97;0
82;97;0
4;27;0
4;27;0
4;27;0
4;27;0
82;141;0
82;141;0
54;89;0
54;89;0
16;16;0
16;16;0
80;86;0
80;86;0
86;93;0
86;93;0
86;93;0
86;93;0
86;93;0
86;93;0
100;99;0
100;99;0
58;64;0
58;64;0
76;78;0
76;78;0
66;81;0
66;81;0
60;62;0
60;62;0
60;62;0
60;62;0
430;360;0
430;360;0
582;575;0
582;575;0
548;445;0
548;445;0
24;21;0
24;21;0
24;21;0
24;21;0
18;14;0
18;14;0
18;14;0
18;14;0
18;14;0
18;14;0
18;14;0
18;14;0
18;14;0
18;14;0
18;14;0
18;14;0
4;27;0
4;27;0
4;27;0
4;27;0
4;27;0
4;27;0
4;27;0
4;27;0
4;27;0
4;27;0
4;27;0
4;27;0
4;27;0
4;27;0
4;27;0
4;27;0
4;27;0
4;27;0
4;27;0
4;27;0
4;27;0
4;27;0
4;27;0
4;27;0
58;70;0
58;70;0
6;27;0
6;27;0
6;27;0
6;27;0
6;27;0
6;27;0
72;93;0
72;93;0
6;27;0
6;27;0
6;27;0
6;27;0
6;27;0
6;27;0
58;70;0
58;70;0
30;20;0
30;20;0
64;64;0
64;64;0
82;78;0
82;78;0
72;82;0
72;82;0
78;88;0
78;88;0
78;88;0
78;88;0
68;79;0
68;79;0
76;84;0
76;84;0
62;72;0
62;72;0
62;72;0
62;72;0
70;77;0
70;77;0
372;331;0
372;331;0
696;599;0
696;599;0
248;251;0
248;251;0
240;240;0
240;240;0
252;234;0
252;234;0
602;471;0
602;471;0
206;235;0
206;235;0
282;262;0
282;262;0
292;297;0
292;297;0
502;443;0
502;443;0
444;406;0
444;406;0
436;401;0
436;401;0
400;407;0
400;407;0
400;407;0
400;407;0
390;378;0
390;378;0
434;384;0
434;384;0
466;402;0
466;402;0
490;422;0
490;422;0
490;422;0
490;422;0
302;287;0
302;287;0
324;323;0
324;323;0
332;301;0
332;301;0
322;325;0
322;325;0
330;303;0
330;303;0
310;311;0
310;311;0
316;298;0
316;298;0
316;298;0
316;298;0
316;298;0
316;298;0
308;300;0
308;300;0
308;300;0
308;300;0
302;306;0
302;306;0
316;292;0
316;292;0
296;299;0
296;299;0
296;299;0
296;299;0
308;293;0
308;293;0
352;346;0
352;346;0
294;274;0
294;274;0
508;463;0
508;463;0
530;485;0
530;485;0
584;504;0
584;504;0
608;507;0
608;507;0
634;546;0
634;546;0
650;547;0
650;547;0
674;582;0
674;582;0
706;586;0
706;586;0
716;609;0
716;609;0
746;628;0
746;628;0
778;626;0
778;626;0
542;486;0
542;486;0
470;417;0
470;417;0
526;471;0
526;471;0
534;481;0
534;481;0
526;469;0
526;469;0
540;481;0
540;481;0
540;481;0
540;481;0
530;473;0
530;473;0
530;473;0
530;473;0
518;471;0
518;471;0
512;464;0
512;464;0
526;462;0
526;462;0
518;457;0
518;457;0
502;462;0
502;462;0
512;458;0
512;458;0
512;458;0
512;458;0
502;454;0
502;454;0
502;454;0
502;454;0
516;445;0
516;445;0
506;450;0
506;450;0
506;450;0
506;450;0
514;449;0
514;449;0
508;449;0
508;449;0
502;442;0
502;442;0
508;449;0
508;449;0
508;449;0
508;449;0
508;449;0
508;449;0
502;456;0
502;456;0
496;447;0
496;447;0
496;447;0
496;447;0
504;439;0
504;439;0
504;439;0
504;439;0
510;453;0
510;453;0
510;453;0
510;453;0
496;448;0
496;448;0
496;448;0
496;448;0
496;448;0
496;448;0
798;635;0
798;635;0
828;655;0
828;655;0
828;655;0
828;655;0
650;552;0
650;552;0
496;441;0
496;441;0
546;480;0
546;480;0
608;511;0
608;511;0
608;511;0
608;511;0
584;506;0
584;506;0
576;501;0
576;501;0
576;501;0
576;501;0
576;501;0
576;501;0
588;514;0
588;514;0
574;497;0
574;497;0
810;649;0
810;649;0
852;668;0
852;668;0
836;681;0
836;681;0
680;588;0
680;588;0
560;485;0
560;485;0
594;507;0
594;507;0
656;558;0
656;558;0
656;558;0
656;558;0
630;526;0
630;526;0
604;529;0
604;529;0
622;521;0
622;521;0
622;521;0
622;521;0
622;521;0
622;521;0
622;521;0
622;521;0
622;521;0
622;521;0
612;535;0
612;535;0
612;535;0
612;535;0
612;535;0
612;535;0
602;527;0
602;527;0
608;532;0
608;532;0
608;532;0
608;532;0
600;519;0
600;519;0
612;521;0
612;521;0
606;536;0
606;536;0
606;536;0
606;536;0
612;514;0
612;514;0
612;514;0
612;514;0
600;527;0
600;527;0
612;514;0
612;514;0
596;519;0
596;519;0
608;526;0
608;526;0
616;530;0
616;530;0
610;530;0
610;530;0
620;540;0
620;540;0
612;520;0
612;520;0
56;65;0
56;65;0
14;18;0
14;18;0
14;18;0
14;18;0
14;18;0
14;18;0
14;18;0
14;18;0
14;18;0
14;18;0
14;18;0
14;18;0
14;18;0
14;18;0
14;18;0
14;18;0
20;11;0
20;11;0
20;11;0
20;11;0
12;14;0
12;14;0
12;14;0
12;14;0
12;14;0
12;14;0
18;14;0
18;14;0
18;14;0
18;14;0
12;14;0
12;14;0
12;14;0
12;14;0
12;14;0
12;14;0
12;14;0
12;14;0
12;14;0
12;14;0
18;14;0
18;14;0
18;14;0
18;14;0
12;14;0
12;14;0
12;14;0
12;14;0
12;14;0
12;14;0
12;14;0
12;14;0
12;14;0
12;14;0
12;14;0
12;14;0
18;14;0
18;14;0
12;14;0
12;14;0
12;14;0
12;14;0
6;26;0
6;26;0
6;26;0
6;26;0
6;26;0
6;26;0
6;26;0
6;26;0
6;26;0
6;26;0
6;26;0
6;26;0
6;26;0
6;26;0
6;26;0
6;26;0
6;26;0
6;26;0
6;26;0
6;26;0
26;37;0
26;37;0
6;26;0
6;26;0
6;26;0
6;26;0
6;26;0
6;26;0
18;31;0
18;31;0
6;26;0
6;26;0
6;26;0
6;26;0
6;26;0
6;26;0
28;41;0
28;41;0
20;35;0
20;35;0
6;26;0
6;26;0
6;26;0
6;26;0
12;24;0
12;24;0
18;31;0
18;31;0
6;26;0
6;26;0
28;46;0
28;46;0
4;27;0
4;27;0
4;27;0
4;27;0
28;46;0
28;46;0
22;34;0
22;34;0
4;27;0
